Date,Open,High,Low,Close,Volume,Dividends,Stock Splits
2020-12-28 00:00:00-05:00,130.43289960768968,133.69395641508856,129.96563173528466,133.06121826171875,124486200,0.0,0.0
2020-12-29 00:00:00-05:00,134.38510661556313,135.10545188425303,130.7735916806408,131.28952026367188,121047300,0.0,0.0
2020-12-30 00:00:00-05:00,131.98065036313264,132.37976932791838,129.85851685438772,130.17002868652344,96452100,0.0,0.0
2020-12-31 00:00:00-05:00,130.5204870277971,131.16296911492586,128.2231389904879,129.16738891601562,99116600,0.0,0.0
2021-01-04 00:00:00-05:00,129.97536966603926,130.0629768178639,123.39482930890424,125.97447967529297,143301900,0.0,0.0
2021-01-05 00:00:00-05:00,125.46829078537516,128.24263632210662,125.02049610454635,127.5320053100586,97664900,0.0,0.0
2021-01-06 00:00:00-05:00,124.32933639261917,127.57093452826126,123.02490637051051,123.23906707763672,155088000,0.0,0.0
2021-01-07 00:00:00-05:00,124.95235351880193,128.1355470987152,124.46562730765885,127.44438934326172,109578200,0.0,0.0
2021-01-08 00:00:00-05:00,128.91425901030706,129.10896132011973,126.77266728567469,128.5443572998047,105158200,0.0,0.0
2021-01-11 00:00:00-05:00,125.76030921099948,126.7142883378028,125.08862472498865,125.55587768554688,100384500,0.0,0.0
2021-01-12 00:00:00-05:00,125.08861473418492,126.24702529391881,123.4921536305582,125.38065338134766,91951100,0.0,0.0
2021-01-13 00:00:00-05:00,125.34168062471274,127.96026901609807,125.07885926584692,127.4151382446289,88636800,0.0,0.0
2021-01-14 00:00:00-05:00,127.32759478092305,127.52228231753668,125.34174328782599,125.4877700805664,90221800,0.0,0.0
2021-01-15 00:00:00-05:00,125.36116272463164,126.76293615289802,123.62841914071917,123.76470184326172,111598500,0.0,0.0
2021-01-19 00:00:00-05:00,124.3877334109567,125.2930517717372,123.5700370457831,124.43640899658203,90757300,0.0,0.0
2021-01-20 00:00:00-05:00,125.24440267739962,128.97272754861257,125.13732230785592,128.52493286132812,104319500,0.0,0.0
2021-01-21 00:00:00-05:00,130.24791374177147,135.9620736838479,130.04348223408022,133.2364044189453,120150900,0.0,0.0
2021-01-22 00:00:00-05:00,132.66206599733243,136.13729751698824,131.435521560002,135.3780059814453,114459400,0.0,0.0
2021-01-25 00:00:00-05:00,139.27182020640586,141.23818305206848,132.91516336360118,139.12579345703125,157611700,0.0,0.0
2021-01-26 00:00:00-05:00,139.78775742744395,140.4691710725819,137.61694808504978,139.35943603515625,98390600,0.0,0.0
2021-01-27 00:00:00-05:00,139.62224478331817,140.46915831522645,136.68242977361535,138.2886199951172,140843800,0.0,0.0
2021-01-28 00:00:00-05:00,135.81605814636788,138.22048632254183,133.07091575107856,133.4505615234375,142621100,0.0,0.0
2021-01-29 00:00:00-05:00,132.22402749273948,133.10987264929705,126.753230328146,128.45677185058594,177523800,0.0,0.0
2021-02-01 00:00:00-05:00,130.19927257414088,131.7860049108473,127.45412937962104,130.57891845703125,106239800,0.0,0.0
2021-02-02 00:00:00-05:00,132.12668680443446,132.6912909648265,131.03642489675576,131.40634155273438,83305400,0.0,0.0
2021-02-03 00:00:00-05:00,132.15587647941985,132.16562050861145,130.0629600142458,130.3842010498047,89880900,0.0,0.0
2021-02-04 00:00:00-05:00,132.68155527349182,133.75234392204015,131.01694525702797,133.74261474609375,84183100,0.0,0.0
2021-02-05 00:00:00-05:00,133.90348403057772,133.97171978594034,132.45086722756864,133.32827758789062,75693800,0.205,0.0
2021-02-08 00:00:00-05:00,132.61656460059567,133.523235617583,131.53441750826036,133.4744873046875,71297200,0.0,0.0
2021-02-09 00:00:00-05:00,133.19178552172198,134.4201778248724,132.44111786524098,132.5970916748047,76774200,0.0,0.0
2021-02-10 00:00:00-05:00,133.05524407492868,133.552455944581,131.0274366308269,131.9925994873047,73046600,0.0,0.0
2021-02-11 00:00:00-05:00,132.48981847138168,132.96752812373632,130.41327725499468,131.73915100097656,64280000,0.0,0.0
2021-02-12 00:00:00-05:00,130.9787653308469,132.12914848493614,130.33532312132203,131.97315979003906,60145100,0.0,0.0
2021-02-16 00:00:00-05:00,132.0901434978276,132.5970843838598,129.4578829220419,129.8478546142578,80576300,0.0,0.0
2021-02-17 00:00:00-05:00,127.95653915633494,128.90220010245756,126.22120594870577,127.55682373046875,97918500,0.0,0.0
2021-02-18 00:00:00-05:00,125.95797287967874,126.7379014019475,124.21289601346298,126.45518493652344,96856700,0.0,0.0
2021-02-19 00:00:00-05:00,126.9718859638425,127.43009341839543,125.56801758188449,126.61116027832031,87668800,0.0,0.0
2021-02-22 00:00:00-05:00,124.79784515359262,126.46494274164387,122.44832304893025,122.83828735351562,103916400,0.0,0.0
2021-02-23 00:00:00-05:00,120.65449424173501,123.53046696039274,115.41924089427319,122.70179748535156,158273000,0.0,0.0
2021-02-24 00:00:00-05:00,121.80488944958321,122.40932706149795,119.16289223137868,122.20459747314453,111039900,0.0,0.0
2021-02-25 00:00:00-05:00,121.5513960656033,123.28672920715788,117.51528197921584,117.95398712158203,148199500,0.0,0.0
2021-02-26 00:00:00-05:00,119.51386790890363,121.71716022354582,118.15874752053183,118.21724700927734,164560400,0.0,0.0
2021-03-01 00:00:00-05:00,120.64471166960632,124.71982222796429,119.70880207163226,124.58333587646484,116307900,0.0,0.0
2021-03-02 00:00:00-05:00,125.18780674062197,125.49002551913253,121.87312157746639,121.98036193847656,102260900,0.0,0.0
2021-03-03 00:00:00-05:00,121.6781252666424,122.55554294590044,118.78265064406548,118.99713134765625,112966300,0.0,0.0
2021-03-04 00:00:00-05:00,118.6949297486631,120.49850624904042,115.64347345208853,117.1155776977539,178155000,0.0,0.0
2021-03-05 00:00:00-05:00,117.94423026145166,118.8801399153452,114.61979443770963,118.37318420410156,153766600,0.0,0.0
2021-03-08 00:00:00-05:00,117.89548670485603,117.96372988743823,113.29392514231552,113.4401626586914,154376600,0.0,0.0
2021-03-09 00:00:00-05:00,116.04317714685729,118.99714411910483,115.80920155325997,118.05148315429688,129525800,0.0,0.0
2021-03-10 00:00:00-05:00,118.63642743151894,119.10437859558475,116.45263053937967,116.9693374633789,111943300,0.0,0.0
2021-03-11 00:00:00-05:00,119.4651060547753,120.11829196722469,118.21722627040926,118.899658203125,103026500,0.0,0.0
2021-03-12 00:00:00-05:00,117.37879228748427,118.12946732804168,116.16990981369923,117.99298095703125,88105100,0.0,0.0
2021-03-15 00:00:00-04:00,118.36346113570012,120.88846666765528,117.39829786101335,120.87871551513672,92403800,0.0,0.0
2021-03-16 00:00:00-04:00,122.54581788527467,124.02768082306405,121.59041310507568,122.41908264160156,115227900,0.0,0.0
2021-03-17 00:00:00-04:00,120.93721906750288,122.70179839737172,119.27012151430435,121.62940216064453,111932600,0.0,0.0
2021-03-18 00:00:00-04:00,119.79656889154106,120.08904396527872,117.30080936399335,117.50553894042969,121229700,0.0,0.0
2021-03-19 00:00:00-04:00,116.89135739424152,118.3829639984745,116.67687665204714,116.97909545898438,185549500,0.0,0.0
2021-03-22 00:00:00-04:00,117.31055690317099,120.76172845240197,117.24231371312757,120.29376983642578,111912300,0.0,0.0
2021-03-23 00:00:00-04:00,120.23528824072892,121.12244978834059,119.07514647128622,119.4651107788086,95467100,0.0,0.0
2021-03-24 00:00:00-04:00,119.73807557407793,119.81606991796893,117.05708136591241,117.07657623291016,88530500,0.0,0.0
2021-03-25 00:00:00-04:00,116.5403780411406,118.60718345893137,116.0139273940255,117.56402587890625,98844700,0.0,0.0
2021-03-26 00:00:00-04:00,117.33005928068575,118.4317089821302,115.93594193373995,118.1684799194336,94071200,0.0,0.0
2021-03-29 00:00:00-04:00,118.59741859593674,119.50408225482553,117.70050608807547,118.34394073486328,80819200,0.0,0.0
2021-03-30 00:00:00-04:00,117.09607172542653,117.37879562712054,115.87743806534003,116.89134216308594,85671900,0.0,0.0
2021-03-31 00:00:00-04:00,118.59744636810407,120.42051782587205,118.1099928338644,119.08489990234375,118323800,0.0,0.0
2021-04-01 00:00:00-04:00,120.55698579856444,121.0639340927336,119.41633912027298,119.91354370117188,75089100,0.0,0.0
2021-04-05 00:00:00-04:00,120.76173132452315,122.99426922039768,119.98180275866349,122.74079132080078,88651200,0.0,0.0
2021-04-06 00:00:00-04:00,123.32573080877205,123.93991951774667,122.49706137788411,123.04300689697266,80171300,0.0,0.0
2021-04-07 00:00:00-04:00,122.6725329855432,124.71008476944755,121.9998448664795,124.69058990478516,83466700,0.0,0.0
2021-04-08 00:00:00-04:00,125.71424485466245,127.11811320514343,125.29504201784057,127.0888671875,88844600,0.0,0.0
2021-04-09 00:00:00-04:00,126.54292881700623,129.70161790758218,126.22120772891054,129.66262817382812,106686700,0.0,0.0
2021-04-12 00:00:00-04:00,129.19465689236446,129.51637793041473,127.35208358418392,127.94677734375,91420000,0.0,0.0
2021-04-13 00:00:00-04:00,129.11669192988782,131.28098676840776,128.6194798143975,131.05674743652344,91266500,0.0,0.0
2021-04-14 00:00:00-04:00,131.55397873531984,131.61247078663607,128.35628433887234,128.7169952392578,87222800,0.0,0.0
2021-04-15 00:00:00-04:00,130.46203997416845,131.61242290057214,130.2865490081675,131.12496948242188,89347100,0.0,0.0
2021-04-16 00:00:00-04:00,130.93001971708307,131.29073056509336,129.93561036138595,130.7935333251953,84922400,0.0,0.0
2021-04-19 00:00:00-04:00,130.1598082608944,132.07063223335706,129.99407588140957,131.45643615722656,94264200,0.0,0.0
2021-04-20 00:00:00-04:00,131.6319582978669,132.12915555406386,128.502500021129,129.76988220214844,94812300,0.0,0.0
2021-04-21 00:00:00-04:00,129.03870718463844,130.3938274883599,128.00530801609,130.1501007080078,68847100,0.0,0.0
2021-04-22 00:00:00-04:00,129.70163080104982,130.7837782500738,128.11254238332913,128.62924194335938,84566500,0.0,0.0
2021-04-23 00:00:00-04:00,128.84370608473515,131.72942232628785,128.84370608473515,130.9495086669922,78657500,0.0,0.0
2021-04-26 00:00:00-04:00,131.44668736593727,131.67091176764876,130.2085515483263,131.33944702148438,66905100,0.0,0.0
2021-04-27 00:00:00-04:00,131.62221418593927,132.01218598694598,130.74480366650468,131.0177764892578,66015800,0.0,0.0
2021-04-28 00:00:00-04:00,130.93976637575503,131.63195694182536,129.74063484322053,130.22808837890625,107760100,0.0,0.0
2021-04-29 00:00:00-04:00,133.04553085743174,133.63048088194913,129.12640139531834,130.13055419921875,151101000,0.0,0.0
2021-04-30 00:00:00-04:00,128.4732479162047,130.2085812488916,127.78107225167611,128.16128540039062,109839500,0.0,0.0
2021-05-03 00:00:00-04:00,128.7267340451597,130.70580925324722,128.5220118733627,129.2141876220703,75135100,0.0,0.0
2021-05-04 00:00:00-04:00,127.89803861753046,128.19051366277054,123.52070128030383,124.641845703125,137564700,0.0,0.0
2021-05-05 00:00:00-04:00,125.95797834787251,127.17661206810328,124.75884693241741,124.88558959960938,84000900,0.0,0.0
2021-05-06 00:00:00-04:00,124.68085970531065,126.49418737954478,123.93992827849607,126.48444366455078,78128300,0.0,0.0
2021-05-07 00:00:00-04:00,127.78325616498553,128.1836356126159,126.44535491426944,127.15825653076172,78973300,0.22,0.0
2021-05-10 00:00:00-04:00,126.3770049216638,126.50394796231055,123.83793549239249,123.87699890136719,88071200,0.0,0.0
2021-05-11 00:00:00-04:00,120.60553259243801,123.31060887111242,119.89263831181255,122.95905303955078,126142800,0.0,0.0
2021-05-12 00:00:00-04:00,120.50787863355768,121.71881469697152,119.38482966600999,119.89263916015625,112172300,0.0,0.0
2021-05-13 00:00:00-04:00,121.66021008886267,123.19341357180042,121.34771025318693,122.04106903076172,105861300,0.0,0.0
2021-05-14 00:00:00-04:00,123.29107148009538,124.89263410961189,122.90044481301196,124.46294403076172,81918000,0.0,0.0
2021-05-17 00:00:00-04:00,123.84769755764366,123.95512006477786,122.23636740121376,123.31058502197266,74244600,0.0,0.0
2021-05-18 00:00:00-04:00,123.59379552967953,124.01371786549493,121.8555147978895,121.92387390136719,63342900,0.0,0.0
2021-05-19 00:00:00-04:00,120.27349147179841,121.99223682754793,119.9805196188087,121.76763153076172,92612000,0.0,0.0
2021-05-20 00:00:00-04:00,122.29495751746947,124.72659669981742,122.16799959049966,124.32620239257812,76857100,0.0,0.0
2021-05-21 00:00:00-04:00,124.8242725716539,125.00005419589023,122.27544274551913,122.49028778076172,79295400,0.0,0.0
2021-05-24 00:00:00-04:00,123.05668957229345,124.94145621305331,122.98833046928489,124.12113952636719,63092900,0.0,0.0
2021-05-25 00:00:00-04:00,124.8242630592938,125.31255193436976,123.35941878581565,123.92582702636719,72009500,0.0,0.0
2021-05-26 00:00:00-04:00,123.98442141340175,124.40434374665045,123.45707656811848,123.87699890136719,56575900,0.0,0.0
2021-05-27 00:00:00-04:00,123.47661228754039,124.64848475719648,122.14848618161899,122.34379577636719,94625600,0.0,0.0
2021-05-28 00:00:00-04:00,122.62699835536803,122.85161109201668,121.63090751379944,121.68949890136719,71311100,0.0,0.0
2021-06-01 00:00:00-04:00,122.1484865589402,122.4121552577231,121.03520547415292,121.36723327636719,67637100,0.0,0.0
2021-06-02 00:00:00-04:00,121.36722658627286,122.30472600333286,121.14262130905783,122.12894439697266,59278900,0.0,0.0
2021-06-03 00:00:00-04:00,121.75785039468764,121.92386428281043,120.2441750720593,120.64456939697266,76229200,0.0,0.0
2021-06-04 00:00:00-04:00,121.16216981717328,123.20319033966574,120.94732476737572,122.93951416015625,75169300,0.0,0.0
2021-06-07 00:00:00-04:00,123.21292557232901,123.35941148111935,121.90433500845637,122.94925689697266,71057600,0.0,0.0
2021-06-08 00:00:00-04:00,123.63285881954378,125.44927381859075,123.25199989330952,123.76957702636719,74403800,0.0,0.0
2021-06-09 00:00:00-04:00,124.22856322000109,124.75590806990476,123.55473244780471,124.15043640136719,56877900,0.0,0.0
2021-06-10 00:00:00-04:00,124.04300329363414,125.18558742946014,122.9883211344928,123.15433502197266,71186400,0.0,0.0
2021-06-11 00:00:00-04:00,123.56449131477483,124.45316704928787,123.14456900791603,124.36527252197266,53522400,0.0,0.0
2021-06-14 00:00:00-04:00,124.82428233012304,127.4805274309543,124.09186008030994,127.42193603515625,96906500,0.0,0.0
2021-06-15 00:00:00-04:00,126.89456481981117,127.53909980449085,126.35745233257808,126.60159301757812,62746300,0.0,0.0
2021-06-16 00:00:00-04:00,127.3145078232053,127.82232473272363,125.44928390187147,127.09966278076172,91815000,0.0,0.0
2021-06-17 00:00:00-04:00,126.75786702289925,129.44341498990488,126.61137364763495,128.7012176513672,96721700,0.0,0.0
2021-06-18 00:00:00-04:00,127.64653022652405,128.42776854609338,127.1875445181359,127.40238952636719,108953300,0.0,0.0
2021-06-21 00:00:00-04:00,127.24616893565036,129.3067175759483,126.18171878291032,129.1992950439453,79663300,0.0,0.0
2021-06-22 00:00:00-04:00,129.0332571523742,130.93755177411464,128.53520055049577,130.8398895263672,74783600,0.0,0.0
2021-06-23 00:00:00-04:00,130.63483384623305,131.17194646480604,130.10748149302736,130.56646728515625,60214200,0.0,0.0
2021-06-24 00:00:00-04:00,131.2988830515641,131.4844323925828,129.81450322458238,130.28326416015625,68711000,0.0,0.0
2021-06-25 00:00:00-04:00,130.33206780671978,130.7519826258196,129.6972930949088,129.99026489257812,70783700,0.0,0.0
2021-06-28 00:00:00-04:00,130.28322298494274,132.08009463324905,130.2246316118054,131.62110900878906,62111300,0.0,0.0
2021-06-29 00:00:00-04:00,131.64071673742083,133.29111085936526,131.20126629635885,133.13485717773438,64556100,0.0,0.0
2021-06-30 00:00:00-04:00,132.9785831720377,134.18952666784298,132.6856112890496,133.7500762939453,63261400,0.0,0.0
2021-07-01 00:00:00-04:00,133.39845449281674,134.11134100444892,132.57813060009158,134.05274963378906,52485800,0.0,0.0
2021-07-02 00:00:00-04:00,134.66803150053377,136.71881975736173,134.52155301126126,136.6797637939453,78852600,0.0,0.0
2021-07-06 00:00:00-04:00,136.78715756035768,139.79495784960233,136.78715756035768,138.6914520263672,108181800,0.0,0.0
2021-07-07 00:00:00-04:00,140.17581304211686,141.4941787382535,139.3164479398055,141.1816864013672,104911600,0.0,0.0
2021-07-08 00:00:00-04:00,138.2617906456667,140.68366270138483,137.37311474377276,139.8828887939453,105575500,0.0,0.0
2021-07-09 00:00:00-04:00,139.4043413205293,142.23636751298437,139.30667907892771,141.7090301513672,99890800,0.0,0.0
2021-07-12 00:00:00-04:00,142.78328687831547,142.89070940744068,140.62507602995242,141.1133575439453,76299700,0.0,0.0
2021-07-13 00:00:00-04:00,140.65437172290618,144.00399065736747,140.26375247219565,142.2266387939453,100827100,0.0,0.0
2021-07-14 00:00:00-04:00,144.62894843170855,146.06449685832388,144.2187789659628,145.65432739257812,127050800,0.0,0.0
2021-07-15 00:00:00-04:00,145.7423044163486,146.48448712000112,143.64268449359167,145.00010681152344,106820300,0.0,0.0
2021-07-16 00:00:00-04:00,144.9805223346472,146.2500420755194,142.46098847923267,142.9590301513672,93251400,0.0,0.0
2021-07-19 00:00:00-04:00,140.38093937263613,140.69344670327928,138.34968642696475,139.1114044189453,121434600,0.0,0.0
2021-07-20 00:00:00-04:00,140.09771359109203,143.65240178359875,139.60943216409294,142.7246551513672,96350000,0.0,0.0
2021-07-21 00:00:00-04:00,142.11919121599766,142.7051348899588,141.24029060622254,141.9922332763672,74993500,0.0,0.0
2021-07-22 00:00:00-04:00,142.51960651840406,144.7266335326549,142.39264856010647,143.3594512939453,77338200,0.0,0.0
2021-07-23 00:00:00-04:00,144.09189315351634,145.234470230186,143.47665361178235,145.07821655273438,71447400,0.0,0.0
2021-07-26 00:00:00-04:00,144.79499663408214,146.31843249256286,144.23834858516193,145.4981231689453,72434100,0.0,0.0
2021-07-27 00:00:00-04:00,145.62505300491213,145.71295498966768,142.13873124540055,143.33013916015625,104818600,0.0,0.0
2021-07-28 00:00:00-04:00,141.4160326491442,143.5254115149199,139.19923129757908,141.58204650878906,118931200,0.0,0.0
2021-07-29 00:00:00-04:00,141.29890689763087,143.1153147256564,141.1914843685101,142.2266387939453,56699500,0.0,0.0
2021-07-30 00:00:00-04:00,140.99614324026174,142.90043773904355,140.73246710930246,142.4414520263672,70440600,0.0,0.0
2021-08-02 00:00:00-04:00,142.92974528711127,143.50591381637727,141.8457598823253,142.10943603515625,62880000,0.0,0.0
2021-08-03 00:00:00-04:00,142.3926355441965,144.57036666149511,141.77739614243097,143.90631103515625,64786600,0.0,0.0
2021-08-04 00:00:00-04:00,143.81842770211748,144.32622969980267,142.8516250314263,143.50592041015625,56368300,0.0,0.0
2021-08-05 00:00:00-04:00,143.53520021202812,144.37504483971543,142.7441867059485,143.6133270263672,46397700,0.0,0.0
2021-08-06 00:00:00-04:00,143.1341335136214,143.87742801771682,142.42995348932268,142.92874145507812,54126800,0.22,0.0
2021-08-09 00:00:00-04:00,142.9874052395685,143.47641826359128,142.3223546901742,142.87982177734375,48908700,0.0,0.0
2021-08-10 00:00:00-04:00,143.22214257955443,144.46423988872255,142.10719343722454,142.40060424804688,69023100,0.0,0.0
2021-08-11 00:00:00-04:00,142.84070404163072,143.4959796880464,142.33212632967644,142.65487670898438,48493500,0.0,0.0
2021-08-12 00:00:00-04:00,142.97760401540364,145.77475859452443,142.63528899224403,145.61827087402344,72282600,0.0,0.0
2021-08-13 00:00:00-04:00,145.69653653501413,146.15620995558572,145.01192130974562,145.8236846923828,59375000,0.0,0.0
2021-08-16 00:00:00-04:00,145.27596199320675,147.8677396068058,143.25145612128088,147.7992706298828,103296000,0.0,0.0
2021-08-17 00:00:00-04:00,146.92882394156504,148.34695848448595,145.81387503403178,146.88970947265625,92229700,0.0,0.0
2021-08-18 00:00:00-04:00,146.50831793002382,147.40810018292743,142.93851358506976,143.14390563964844,86326000,0.0,0.0
2021-08-19 00:00:00-04:00,141.8430932126771,144.74783129125242,141.32474068639172,143.4763946533203,86960300,0.0,0.0
2021-08-20 00:00:00-04:00,144.20018093381358,145.23688628655097,143.5546800797901,144.93370056152344,60549600,0.0,0.0
2021-08-23 00:00:00-04:00,145.0510124149276,146.88970580098356,144.64024334594515,146.42025756835938,60131800,0.0,0.0
2021-08-24 00:00:00-04:00,146.1659822444016,147.54500248159704,145.8725714606484,146.33224487304688,48606400,0.0,0.0
2021-08-25 00:00:00-04:00,146.51807985316438,147.0168826886461,144.5522528692755,145.09994506835938,58991300,0.0,0.0
2021-08-26 00:00:00-04:00,145.09018736118287,145.84325676235127,144.2686340417797,144.2979736328125,48597200,0.0,0.0
2021-08-27 00:00:00-04:00,144.23930202916046,145.48139950095754,143.60359095872263,145.33470153808594,55802400,0.0,0.0
2021-08-30 00:00:00-04:00,145.72586326960624,150.11720505871097,145.34443375463215,149.7553253173828,90956700,0.0,0.0
2021-08-31 00:00:00-04:00,149.30546153876566,149.4423845898935,147.9655556918431,148.4936981201172,86453100,0.0,0.0
2021-09-01 00:00:00-04:00,149.47172795102404,151.57447805860386,148.99248979823196,149.15875244140625,80313700,0.0,0.0
2021-09-02 00:00:00-04:00,150.48887910534057,151.32020730323478,149.05117946923792,150.27371215820312,71115500,0.0,0.0
2021-09-03 00:00:00-04:00,150.38128139931968,151.23217421828528,149.72600573087058,150.909423828125,57808700,0.0,0.0
2021-09-07 00:00:00-04:00,151.5647115758547,153.80438486222874,150.99745462583329,153.24691772460938,82278300,0.0,0.0
2021-09-08 00:00:00-04:00,153.53050279274424,153.58918195944025,150.59642507001544,151.70159912109375,74420200,0.0,0.0
2021-09-09 00:00:00-04:00,152.07330474103176,152.6796762315656,150.56713598109823,150.68450927734375,57305700,0.0,0.0
2021-09-10 00:00:00-04:00,151.5940604931036,152.0635088889551,145.4324924690074,145.69656372070312,140893200,0.0,0.0
2021-09-13 00:00:00-04:00,147.32004846636258,148.09268237347644,145.48135496921765,146.26377868652344,102404300,0.0,0.0
2021-09-14 00:00:00-04:00,147.0461970563759,147.7503768839939,143.68178564075433,144.8651885986328,109296300,0.0,0.0
2021-09-15 00:00:00-04:00,145.29554507646444,146.1562127610325,143.15366567640987,145.75521850585938,83281300,0.0,0.0
2021-09-16 00:00:00-04:00,145.1781771600229,145.69652972947753,143.98498428450677,145.52047729492188,68034100,0.0,0.0
2021-09-17 00:00:00-04:00,145.54985605884855,145.54985605884855,142.55708356060515,142.85049438476562,129868800,0.0,0.0
2021-09-20 00:00:00-04:00,140.64014472255653,141.6572852174671,138.16574008474763,139.79904174804688,123478900,0.0,0.0
2021-09-21 00:00:00-04:00,140.76728757977574,141.42257819093177,139.64256354879453,140.2782745361328,75834000,0.0,0.0
2021-09-22 00:00:00-04:00,141.27588071728283,143.2123684025319,140.5423610718935,142.64512634277344,76404300,0.0,0.0
2021-09-23 00:00:00-04:00,143.42752419874412,143.84808318959392,142.43972319227385,143.60357666015625,64838200,0.0,0.0
2021-09-24 00:00:00-04:00,142.4592969995775,144.22952199810462,142.36148841215257,143.6916046142578,53477900,0.0,0.0
2021-09-27 00:00:00-04:00,142.27346776582567,142.75270596031078,140.65973055901063,142.1756591796875,74150700,0.0,0.0
2021-09-28 00:00:00-04:00,140.10222299723426,141.5692619814985,138.57650484135823,138.7916717529297,108972300,0.0,0.0
2021-09-29 00:00:00-04:00,139.33936207785715,141.27584933291644,138.90902826040127,139.6914520263672,74602000,0.0,0.0
2021-09-30 00:00:00-04:00,140.50324137590155,141.20742140322028,138.17553434540375,138.3907012939453,89056700,0.0,0.0
2021-10-01 00:00:00-04:00,138.7819070111095,139.77949787918857,136.05322057381363,139.5154266357422,94639600,0.0,0.0
2021-10-04 00:00:00-04:00,138.6450047304298,139.08512850998872,135.23170244978712,136.08258056640625,98322000,0.0,0.0
2021-10-05 00:00:00-04:00,136.42483442827913,139.11440557964133,136.29768628924325,138.0092315673828,80861100,0.0,0.0
2021-10-06 00:00:00-04:00,136.4052949835953,139.02639764577518,135.32946035449564,138.87969970703125,83221100,0.0,0.0
2021-10-07 00:00:00-04:00,139.91640035654444,141.0509141240026,139.5838750906148,140.14134216308594,61732700,0.0,0.0
2021-10-08 00:00:00-04:00,140.86507705840515,141.01177498221017,139.42737771114903,139.75990295410156,58773200,0.0,0.0
2021-10-11 00:00:00-04:00,139.14376278668908,141.62794225299882,138.69386426168418,139.67189025878906,64452200,0.0,0.0
2021-10-12 00:00:00-04:00,140.0826575469626,140.10222224522562,137.94077825367475,138.40045166015625,73035900,0.0,0.0
2021-10-13 00:00:00-04:00,138.1364253624136,138.29289821199288,136.14124356444967,137.8136749267578,78762700,0.0,0.0
2021-10-14 00:00:00-04:00,138.9872611601966,140.7183711807061,138.40043965116223,140.6009979248047,69907100,0.0,0.0
2021-10-15 00:00:00-04:00,140.61080749842878,141.71596677210917,140.35651117780878,141.65728759765625,67940300,0.0,0.0
2021-10-18 00:00:00-04:00,140.2978253736589,143.61333288501362,140.0142044027078,143.3297119140625,85589200,0.0,0.0
2021-10-19 00:00:00-04:00,143.77960431394027,145.8921441646938,143.32972068785898,145.49114990234375,76378900,0.0,0.0
2021-10-20 00:00:00-04:00,145.43248657280327,146.45941702243417,144.86522961087866,145.9801788330078,58418800,0.0,0.0
2021-10-21 00:00:00-04:00,145.54006729554342,146.35183078139093,144.62072033751141,146.19534301757812,61421000,0.0,0.0
2021-10-22 00:00:00-04:00,146.40072504621372,146.879948270264,145.37379468633046,145.42269897460938,58883400,0.0,0.0
2021-10-25 00:00:00-04:00,145.4128937692613,146.08773407498782,144.3761886308666,145.373779296875,50720600,0.0,0.0
2021-10-26 00:00:00-04:00,146.04865428407604,147.5254684740955,145.73567873669694,146.03887939453125,60893400,0.0,0.0
2021-10-27 00:00:00-04:00,146.07799637224926,146.439861297031,145.2271183389535,145.57920837402344,56094900,0.0,0.0
2021-10-28 00:00:00-04:00,146.52789614386654,149.80427504242536,146.43008755200083,149.21746826171875,100077900,0.0,0.0
2021-10-29 00:00:00-04:00,143.98499185882136,146.6452238271108,143.19279317037723,146.50830078125,124953200,0.0,0.0
2021-11-01 00:00:00-04:00,145.71612242772915,146.4105126416791,144.55226891374826,145.68678283691406,74588300,0.0,0.0
2021-11-02 00:00:00-04:00,145.39336412691904,148.23942366972244,145.38357431484795,146.72348022460938,69122000,0.0,0.0
2021-11-03 00:00:00-04:00,147.08534391435344,148.63062693615777,146.52787680010098,148.1611785888672,54511500,0.0,0.0
2021-11-04 00:00:00-04:00,148.2491476898424,149.08046063846822,147.3298010802536,147.6427764892578,60394600,0.0,0.0
2021-11-05 00:00:00-04:00,148.76918963737086,149.07281782729038,146.97678796158638,148.17172241210938,65463900,0.22,0.0
2021-11-08 00:00:00-05:00,148.29902412050475,148.4557402315451,147.0747075253852,147.3489532470703,55020900,0.0,0.0
2021-11-09 00:00:00-05:00,147.1139127718246,148.3186363926463,146.97678987957883,147.7113800048828,56787900,0.0,0.0
2021-11-10 00:00:00-05:00,146.93762626246985,147.04536675115244,144.81221384507222,144.88076782226562,65187100,0.0,0.0
2021-11-11 00:00:00-05:00,145.89937206123298,146.35970136863273,144.64565807110787,144.83175659179688,41000000,0.0,0.0
2021-11-12 00:00:00-05:00,145.38028875154347,147.30981351364665,144.44981083290466,146.9082489013672,63804000,0.0,0.0
2021-11-15 00:00:00-05:00,147.2804381058986,148.7594226576512,146.35974929904566,146.9180450439453,59222800,0.0,0.0
2021-11-16 00:00:00-05:00,146.85925789370467,148.37741378411212,146.27157982474884,147.89747619628906,59256200,0.0,0.0
2021-11-17 00:00:00-05:00,147.8974444188513,151.81525751603942,147.88765526640586,150.33628845214844,88807000,0.0,0.0
2021-11-18 00:00:00-05:00,150.55179723889825,155.40987800940817,149.90535437132496,154.62631225585938,137827700,0.0,0.0
2021-11-19 00:00:00-05:00,154.41081232255357,157.71158022509883,153.3138293695712,157.25123596191406,117305600,0.0,0.0
2021-11-22 00:00:00-05:00,158.3580215257173,162.29542845267346,157.69200037488366,157.7115936279297,117467900,0.0,0.0
2021-11-23 00:00:00-05:00,157.8095475198677,158.4755836899061,155.79187564508103,158.09359741210938,96041900,0.0,0.0
2021-11-24 00:00:00-05:00,157.4471342187338,158.8085738483819,156.35994034575776,158.61268615722656,69463600,0.0,0.0
2021-11-26 00:00:00-05:00,156.29142105853995,157.15333007992606,153.14736836762043,153.58811950683594,76959800,0.0,0.0
2021-11-29 00:00:00-05:00,156.0954667892113,157.87807895924246,155.52738208486963,156.94760131835938,88748200,0.0,0.0
2021-11-30 00:00:00-05:00,156.70277541909022,162.11915223655976,156.63420649835714,161.90367126464844,174048100,0.0,0.0
2021-12-01 00:00:00-05:00,164.03886252915143,166.8009284808444,161.1494777894876,161.38455200195312,152052500,0.0,0.0
2021-12-02 00:00:00-05:00,155.47843376037946,160.82624080588923,154.55774519881157,160.39527893066406,136739200,0.0,0.0
2021-12-03 00:00:00-05:00,160.64997170977935,161.57066041655554,156.43831855392804,158.51475524902344,118023100,0.0,0.0
2021-12-06 00:00:00-05:00,160.91439750803002,164.43064668165096,160.9046083540242,161.92324829101562,107497000,0.0,0.0
2021-12-07 00:00:00-05:00,165.6059532134679,168.0545862779941,164.8811524460709,167.6627960205078,120405400,0.0,0.0
2021-12-08 00:00:00-05:00,168.59332710400926,172.3446356103418,167.19270089919112,171.4827117919922,116998900,0.0,0.0
2021-12-09 00:00:00-05:00,171.3161880617465,173.11837862863902,170.3465238704593,170.97337341308594,108923700,0.0,0.0
2021-12-10 00:00:00-05:00,171.6100212029294,175.93920304428585,171.1007012965135,175.7628936767578,115402700,0.0,0.0
2021-12-13 00:00:00-05:00,177.3985839315142,178.3878413686235,171.92344335477927,172.12913513183594,153237000,0.0,0.0
2021-12-14 00:00:00-05:00,171.64921855709608,174.08806304841983,168.67168661995763,170.7481231689453,139380400,0.0,0.0
2021-12-15 00:00:00-05:00,171.51212989072832,175.81193083249755,168.76965667141675,175.6160430908203,131063300,0.0,0.0
2021-12-16 00:00:00-05:00,175.5963934569458,177.4181772656769,167.2416576691539,168.7206268310547,150185800,0.0,0.0
2021-12-17 00:00:00-05:00,166.43854231760713,169.90581641519873,166.2034830196523,167.62368774414062,195432700,0.0,0.0
2021-12-20 00:00:00-05:00,164.822439656907,167.0751857762259,164.0192955298341,166.26223754882812,107499100,0.0,0.0
2021-12-21 00:00:00-05:00,168.03502751462352,169.6413305368034,165.64515876193008,169.43565368652344,91185900,0.0,0.0
2021-12-22 00:00:00-05:00,169.48460422982922,172.24666990143447,168.61289133008395,172.03118896484375,92135300,0.0,0.0
2021-12-23 00:00:00-05:00,172.23690795484498,173.2163614776015,171.66882311821325,172.65806579589844,68356600,0.0,0.0
2021-12-27 00:00:00-05:00,173.45142774896462,176.71300990463334,173.43184943831818,176.62486267089844,74919600,0.0,0.0
2021-12-28 00:00:00-05:00,176.4583204970068,177.60427913199814,174.86180674158715,175.60618591308594,79144300,0.0,0.0
2021-12-29 00:00:00-05:00,175.64540604755402,176.9186986453212,174.47985393756576,175.6943817138672,62348900,0.0,0.0
2021-12-30 00:00:00-05:00,175.78251482342475,176.85991961465393,174.4308642572052,174.53860473632812,59773000,0.0,0.0
2021-12-31 00:00:00-05:00,174.43081368336496,175.54738971359654,173.6178657484632,173.9215087890625,64062300,0.0,0.0
2022-01-03 00:00:00-05:00,174.1761864672901,179.12242874444533,174.0586568508519,178.27029418945312,104487900,0.0,0.0
2022-01-04 00:00:00-05:00,178.8776038701533,179.1812320747434,175.43971239750775,176.00779724121094,99310400,0.0,0.0
2022-01-05 00:00:00-05:00,175.9196119880626,176.46810345784326,171.05172777585187,171.3259735107422,94537600,0.0,0.0
2022-01-06 00:00:00-05:00,169.15163320557318,171.69821853577403,168.11341478404194,168.4660186767578,96904000,0.0,0.0
2022-01-07 00:00:00-05:00,169.33773036253552,170.56204734848285,167.51594608963487,168.6325225830078,86709100,0.0,0.0
2022-01-10 00:00:00-05:00,165.6059836604726,168.95571251516662,164.71467747425172,168.65208435058594,106765600,0.0,0.0
2022-01-11 00:00:00-05:00,168.77942565072325,171.58064816981238,167.31024547595837,171.4827117919922,76138300,0.0,0.0
2022-01-12 00:00:00-05:00,172.50133585944042,173.53955411934612,171.22805833783443,171.9234619140625,74805200,0.0,0.0
2022-01-13 00:00:00-05:00,172.16831849084767,172.9910557649256,168.26029402106818,168.65208435058594,84505800,0.0,0.0
2022-01-14 00:00:00-05:00,167.81954242119846,170.20941111487983,167.57467907053888,169.51400756835938,80440800,0.0,0.0
2022-01-18 00:00:00-05:00,167.9860600754121,168.99489595879072,165.9292167455851,166.3112030029297,90956700,0.0,0.0
2022-01-19 00:00:00-05:00,166.5070728064469,167.56488423888524,162.53049451772475,162.8145294189453,94815000,0.0,0.0
2022-01-20 00:00:00-05:00,163.5491030708596,166.19362391453956,160.806630921933,161.12985229492188,91420500,0.0,0.0
2022-01-21 00:00:00-05:00,161.04173994454513,162.91249968467412,158.965303342259,159.0730438232422,122848900,0.0,0.0
2022-01-24 00:00:00-05:00,156.7321237742352,158.9652761385697,151.521424960607,158.2992401123047,162294600,0.0,0.0
2022-01-25 00:00:00-05:00,155.71348938472497,159.41582185177984,153.79376918824497,156.49705505371094,115798400,0.0,0.0
2022-01-26 00:00:00-05:00,160.14061983418955,161.01233270214277,154.57733208034693,156.40890502929688,108275300,0.0,0.0
2022-01-27 00:00:00-05:00,159.11220830674253,160.47364799025604,155.02788925620197,155.94857788085938,121954600,0.0,0.0
2022-01-28 00:00:00-05:00,162.30523687541563,166.8499002604039,159.4550237648548,166.83030700683594,179935700,0.0,0.0
2022-01-31 00:00:00-05:00,166.66380312140188,171.4043542462614,166.02714940989443,171.18887329101562,115541600,0.0,0.0
2022-02-01 00:00:00-05:00,170.43467612383174,171.2476242171807,168.769608378118,171.02235412597656,86213900,0.0,0.0
2022-02-02 00:00:00-05:00,171.15948068570833,172.26626780396012,169.7686586589768,172.22708129882812,84914300,0.0,0.0
2022-02-03 00:00:00-05:00,170.89502658265624,172.618874147118,168.58351594007854,169.3474884033203,89418100,0.0,0.0
2022-02-04 00:00:00-05:00,168.3667905913057,170.74010088602927,167.3860892995176,169.06309509277344,82465400,0.22,0.0
2022-02-07 00:00:00-05:00,169.52402175607514,170.5929825465771,167.65087874308003,168.34718322753906,77251200,0.0,0.0
2022-02-08 00:00:00-05:00,168.4158139278121,171.965962469506,168.12160057312957,171.45599365234375,74829200,0.0,0.0
2022-02-09 00:00:00-05:00,172.65247937368048,173.2408912177467,171.524663818335,172.87803649902344,71285000,0.0,0.0
2022-02-10 00:00:00-05:00,170.77933021680633,172.09346641687537,168.23931734555768,168.79830932617188,90865900,0.0,0.0
2022-02-11 00:00:00-05:00,169.00424214752385,169.73976805864703,164.7970255558841,165.3854522705078,98670700,0.0,0.0
2022-02-14 00:00:00-05:00,164.13996586391173,166.30732224292808,163.34560023389338,165.62083435058594,86185500,0.0,0.0
2022-02-15 00:00:00-05:00,167.67051458711066,169.61229911156767,166.96440840288716,169.45538330078125,62527400,0.0,0.0
2022-02-16 00:00:00-05:00,168.53351334854412,169.994748612644,166.76824813134002,169.22000122070312,61177400,0.0,0.0
2022-02-17 00:00:00-05:00,167.72933608370406,168.5923579851135,165.2187432406735,165.62083435058594,69589300,0.0,0.0
2022-02-18 00:00:00-05:00,166.5426908818598,167.24878200376986,162.98274061084325,164.07131958007812,82772700,0.0,0.0
2022-02-22 00:00:00-05:00,161.79610099125685,163.4731068473456,159.02071443579257,161.1488494873047,91162800,0.0,0.0
2022-02-23 00:00:00-05:00,162.34528786351217,162.94351625967545,156.6670338772365,156.98086547851562,90009200,0.0,0.0
2022-02-24 00:00:00-05:00,149.63537731952917,159.70718192000658,149.06656887940355,159.59930419921875,141147500,0.0,0.0
2022-02-25 00:00:00-05:00,160.6780765984275,161.93337290276583,157.76539291737205,161.66859436035156,91974200,0.0,0.0
2022-02-28 00:00:00-05:00,159.9131681515143,162.22762405787608,159.29532147992174,161.93341064453125,95056600,0.0,0.0
2022-03-01 00:00:00-05:00,161.52149747345592,163.3848388800103,158.84418717486,160.05044555664062,83474400,0.0,0.0
2022-03-02 00:00:00-05:00,161.2175065361206,164.1301909633288,159.80529409089044,163.3456268310547,79724800,0.0,0.0
2022-03-03 00:00:00-05:00,165.21874895199736,165.65025991761865,162.35510295615475,163.02197265625,76678400,0.0,0.0
2022-03-04 00:00:00-05:00,161.3155594882437,162.35510045432284,158.9716840195684,160.02102661132812,83737200,0.0,0.0
2022-03-07 00:00:00-05:00,160.2073682314536,161.83533601406552,155.97073134624392,156.22572326660156,96418800,0.0,0.0
2022-03-08 00:00:00-05:00,155.754968485403,159.73661287922712,152.79324673379338,154.40159606933594,131148300,0.0,0.0
2022-03-09 00:00:00-05:00,158.36365040568722,160.2564117997747,156.33360638496927,159.80528259277344,91454900,0.0,0.0
2022-03-10 00:00:00-05:00,157.10835602606574,157.29469168011647,152.96979505950804,155.46078491210938,105342000,0.0,0.0
2022-03-11 00:00:00-05:00,155.8628386400447,156.20609005481433,151.51833939243923,151.743896484375,96970100,0.0,0.0
2022-03-14 00:00:00-04:00,148.527210200246,151.1456808985897,147.20327241217439,147.71322631835938,108732100,0.0,0.0
2022-03-15 00:00:00-04:00,147.9878433779772,152.5677323353664,147.4778893963599,152.09698486328125,92964300,0.0,0.0
2022-03-16 00:00:00-04:00,154.01914186419623,156.9122077008172,151.47912909347468,156.51011657714844,102300200,0.0,0.0
2022-03-17 00:00:00-04:00,155.54904405714797,157.89291972026123,154.58796090972857,157.52024841308594,75615400,0.0,0.0
2022-03-18 00:00:00-04:00,157.41237930909367,161.30576513800085,156.6768532451588,160.81541442871094,123511700,0.0,0.0
2022-03-21 00:00:00-04:00,160.35449358427547,163.1396971599505,159.86414284434693,162.18841552734375,95811400,0.0,0.0
2022-03-22 00:00:00-04:00,162.3158327498405,166.15037762044645,161.72742107177683,165.5619659423828,81532000,0.0,0.0
2022-03-23 00:00:00-04:00,164.7480429864726,169.30829877130867,164.41459311854004,166.92520141601562,98062700,0.0,0.0
2022-03-24 00:00:00-04:00,167.75878767591715,170.77934993823305,166.92520042184205,170.71070861816406,90131400,0.0,0.0
2022-03-25 00:00:00-04:00,170.52438934290058,171.89736551944648,169.41619180905553,171.34817504882812,80546200,0.0,0.0
2022-03-28 00:00:00-04:00,168.84730802251363,172.3386015738177,168.6805906298178,172.21112060546875,90371900,0.0,0.0
2022-03-29 00:00:00-04:00,173.2801510532252,175.55537075997265,172.93689954126233,175.50634765625,100589400,0.0,0.0
2022-03-30 00:00:00-04:00,175.10425566456775,176.14379685936692,173.28995190542918,174.3393096923828,92633200,0.0,0.0
2022-03-31 00:00:00-04:00,174.40791055107027,174.59424618696573,171.0342957824536,171.24024963378906,103049300,0.0,0.0
2022-04-01 00:00:00-04:00,170.67144974905557,171.5050518578882,168.62178757896973,170.946044921875,78751300,0.0,0.0
2022-04-04 00:00:00-04:00,171.2010287452735,175.04537594723365,171.07353279095375,174.996337890625,76468400,0.0,0.0
2022-04-05 00:00:00-04:00,174.07446238611692,174.85902633621265,171.05390090505156,171.68154907226562,73401800,0.0,0.0
2022-04-06 00:00:00-04:00,169.0336712319797,170.27916603294383,166.8467115933005,168.51390075683594,89058800,0.0,0.0
2022-04-07 00:00:00-04:00,167.8568338106809,170.01437362269277,166.5721175347958,168.8179168701172,77594700,0.0,0.0
2022-04-08 00:00:00-04:00,168.4648674430598,168.4648674430598,165.93465630346196,166.80747985839844,76575500,0.0,0.0
2022-04-11 00:00:00-04:00,165.45409035730438,165.76790693012344,162.3060332193274,162.55120849609375,72246700,0.0,0.0
2022-04-12 00:00:00-04:00,164.77744578641645,166.59173431379904,163.42407312851623,164.4243927001953,79265200,0.0,0.0
2022-04-13 00:00:00-04:00,164.15957544885293,167.73912889065093,163.55154548536066,167.11148071289062,70618900,0.0,0.0
2022-04-14 00:00:00-04:00,167.32725269207126,167.96471752203973,161.85493758758528,162.10011291503906,75329400,0.0,0.0
2022-04-18 00:00:00-04:00,160.75655343597518,163.38484067093813,160.41331696354428,161.88436889648438,69023900,0.0,0.0
2022-04-19 00:00:00-04:00,161.8353590370808,164.58132611655063,160.74677981846057,164.16941833496094,67723800,0.0,0.0
2022-04-20 00:00:00-04:00,165.5031882392465,165.6208826010172,162.89453348836534,164.00271606445312,67929800,0.0,0.0
2022-04-21 00:00:00-04:00,165.6502801659303,168.21971309344158,162.7081759108626,163.2083282470703,87227800,0.0,0.0
2022-04-22 00:00:00-04:00,163.24755201100473,164.63032953066207,158.38326676927218,158.66766357421875,84882400,0.0,0.0
2022-04-25 00:00:00-04:00,158.01058942731927,160.0210300948507,155.40193532965264,159.73663330078125,96046400,0.0,0.0
2022-04-26 00:00:00-04:00,159.11877502482716,159.20703454434567,153.69549840448505,153.77395629882812,95623200,0.0,0.0
2022-04-27 00:00:00-04:00,152.90114966122312,156.70626068843154,152.38137914765707,153.5484161376953,88063200,0.0,0.0
2022-04-28 00:00:00-04:00,156.17668589618484,161.3449860653006,155.862854289535,160.48196411132812,130216800,0.0,0.0
2022-04-29 00:00:00-04:00,158.71668452045293,162.99254251007733,154.2152694364459,154.6075439453125,131747600,0.0,0.0
2022-05-02 00:00:00-04:00,153.68571389859628,155.17636916422146,150.31209888761785,154.91159057617188,123055300,0.0,0.0
2022-05-03 00:00:00-04:00,155.09790243206862,157.60851029484962,153.30323224685807,156.40223693847656,88966500,0.0,0.0
2022-05-04 00:00:00-04:00,156.58855121763597,163.26712367160144,156.18646015369234,162.81600952148438,108256500,0.0,0.0
2022-05-05 00:00:00-04:00,160.687951761694,160.913508923705,151.95969916146092,153.7445831298828,130525300,0.0,0.0
2022-05-06 00:00:00-04:00,153.223988771511,156.59274408051633,151.42666686979732,154.4713134765625,116124600,0.23,0.0
2022-05-09 00:00:00-04:00,152.163286830581,153.047223819661,148.78473018495143,149.34454345703125,131577900,0.0,0.0
2022-05-10 00:00:00-04:00,152.74278207802044,153.94099694086412,150.19902200842762,151.7508087158203,115366700,0.0,0.0
2022-05-11 00:00:00-04:00,150.75883036017825,152.67400468671187,143.20615431110124,143.8838348388672,142689800,0.0,0.0
2022-05-12 00:00:00-04:00,140.22046241259886,143.58920335731457,136.32135622581737,140.0142059326172,182602000,0.0,0.0
2022-05-13 00:00:00-04:00,142.00795311338425,145.45528221531998,140.55438668965164,144.4829559326172,113990900,0.0,0.0
2022-05-16 00:00:00-04:00,142.95081001781338,144.88563148350204,141.6052649207857,142.94097900390625,86643800,0.0,0.0
2022-05-17 00:00:00-04:00,146.2016865687997,147.0954395557584,144.06060880808,146.5749053955078,78336300,0.0,0.0
2022-05-18 00:00:00-04:00,144.22761523431257,144.72850245560213,137.40171366939953,138.3052978515625,109742900,0.0,0.0
2022-05-19 00:00:00-04:00,137.3820660685117,139.13027811714653,134.1606406090294,134.89724731445312,136095600,0.0,0.0
2022-05-20 00:00:00-04:00,136.60614779257094,138.1873972505803,130.2418708685785,135.1329345703125,137426100,0.0,0.0
2022-05-23 00:00:00-04:00,135.3293635083762,140.70168239695178,135.19186420352216,140.5543670654297,117726300,0.0,0.0
2022-05-24 00:00:00-04:00,138.29544611720485,139.43473470985077,134.87759532556828,137.85348510742188,104132700,0.0,0.0
2022-05-25 00:00:00-04:00,135.95793161918118,139.25792986661668,135.8695424217508,138.0106201171875,92482700,0.0,0.0
2022-05-26 00:00:00-04:00,134.93652895354754,141.7624148884754,134.69099338044722,141.21241760253906,90601500,0.0,0.0
2022-05-27 00:00:00-04:00,142.79365382955837,147.00703727273068,142.66597054796807,146.96775817871094,90978500,0.0,0.0
2022-05-31 00:00:00-04:00,146.40795612568894,147.9695587462053,144.21776806233134,146.1820526123047,103718400,0.0,0.0
2022-06-01 00:00:00-04:00,147.2231036462002,149.03025660842948,145.04274685421817,146.0543670654297,74286600,0.0,0.0
2022-06-02 00:00:00-04:00,145.19008953159607,148.5686612441736,144.23741035730646,148.50973510742188,72348100,0.0,0.0
2022-06-03 00:00:00-04:00,144.27668941243508,145.327588805216,141.88027492949882,142.78384399414062,88570300,0.0,0.0
2022-06-06 00:00:00-04:00,144.40437947478588,145.91688699135824,142.31241160472894,143.5302734375,71598400,0.0,0.0
2022-06-07 00:00:00-04:00,141.77222665254513,146.33918169758047,141.52669111278408,146.0543670654297,67808200,0.0,0.0
2022-06-08 00:00:00-04:00,145.92671828674779,147.19367537745603,144.82672360419159,145.3177947998047,53950200,0.0,0.0
2022-06-09 00:00:00-04:00,144.45348753415902,145.3079465173713,139.98473718785118,140.0927734375,69473000,0.0,0.0
2022-06-10 00:00:00-04:00,137.7749096051149,138.2463336751748,134.61241045362357,134.68116760253906,91437900,0.0,0.0
2022-06-13 00:00:00-04:00,130.49721341200203,132.78560625742455,129.0927574306163,129.52490234375,122207100,0.0,0.0
2022-06-14 00:00:00-04:00,130.75260877313121,131.49903152365633,129.1320649915738,130.3892059326172,84784300,0.0,0.0
2022-06-15 00:00:00-04:00,131.89190905848182,134.887446665468,129.79995573483666,133.0115509033203,91533000,0.0,0.0
2022-06-16 00:00:00-04:00,129.72131193776602,130.02577354770546,126.73559198559865,127.73738098144531,108123900,0.0,0.0
2022-06-17 00:00:00-04:00,127.747234873443,130.70347730890373,127.49186832675026,129.2106170654297,134520300,0.0,0.0
2022-06-21 00:00:00-04:00,131.0374040187389,134.61240084976376,130.93919879539584,133.4436492919922,81000500,0.0,0.0
2022-06-22 00:00:00-04:00,132.38295585554104,135.29991972582334,131.5186808102628,132.93296813964844,73409200,0.0,0.0
2022-06-23 00:00:00-04:00,134.37669341757493,136.11507419750754,133.2079418850883,135.80079650878906,72433800,0.0,0.0
2022-06-24 00:00:00-04:00,137.40171459924213,139.37583039772065,137.27404627901228,139.1302947998047,89116800,0.0,0.0
2022-06-27 00:00:00-04:00,140.15171629316146,140.92761717490586,138.45261415174812,139.1302947998047,70207900,0.0,0.0
2022-06-28 00:00:00-04:00,139.5918597520797,140.85881645152855,134.867758706979,134.98561096191406,67083400,0.0,0.0
2022-06-29 00:00:00-04:00,135.00530159449806,138.15797032243336,134.22940070216495,136.74368286132812,66242400,0.0,0.0
2022-06-30 00:00:00-04:00,134.79900702917675,135.89900141660408,131.38115662088498,134.27847290039062,98964500,0.0,0.0
2022-07-01 00:00:00-04:00,133.6106148417446,136.55704136561366,133.23741100607202,136.44900512695312,71051600,0.0,0.0
2022-07-05 00:00:00-04:00,135.3097312194843,139.08115356288656,134.4847204054961,139.03204345703125,73353800,0.0,0.0
2022-07-06 00:00:00-04:00,138.82579671678738,141.54631963942614,138.56061414428805,140.3677520751953,74064300,0.0,0.0
2022-07-07 00:00:00-04:00,140.73115856961377,143.93295194501385,140.72134254203155,143.7365264892578,66253700,0.0,0.0
2022-07-08 00:00:00-04:00,142.6659424799357,144.9150560673179,142.4105909532935,144.41415405273438,64547800,0.0,0.0
2022-07-11 00:00:00-04:00,143.06862984096085,144.02130882314293,141.2123819760872,142.2829132080078,63141600,0.0,0.0
2022-07-12 00:00:00-04:00,143.15705931439427,145.79902455570198,142.45974665881124,143.25527954101562,77588800,0.0,0.0
2022-07-13 00:00:00-04:00,140.43653568039218,143.8347397140172,139.5820616716197,142.8918914794922,71185600,0.0,0.0
2022-07-14 00:00:00-04:00,141.50706056941064,146.29008864591398,140.69188068401962,145.81866455078125,78140700,0.0,0.0
2022-07-15 00:00:00-04:00,147.1052616395071,148.16597704358819,145.55347512166446,147.48829650878906,76259900,0.0,0.0
2022-07-18 00:00:00-04:00,148.0481247263253,148.86330457327466,144.08026173602485,144.44366455078125,81420900,0.0,0.0
2022-07-19 00:00:00-04:00,145.27846713272842,148.52935529848105,144.28650894193657,148.303466796875,82982400,0.0,0.0
2022-07-20 00:00:00-04:00,148.42132610705224,150.97490184976564,147.6847194489196,150.30703735351562,64823400,0.0,0.0
2022-07-21 00:00:00-04:00,151.74100910144742,152.79190872036583,149.22672681770464,152.57583618164062,65086600,0.0,0.0
2022-07-22 00:00:00-04:00,152.61507520531072,153.48918116011728,150.67043785379852,151.33828735351562,66675400,0.0,0.0
2022-07-25 00:00:00-04:00,151.25974222884446,152.27134767920083,149.5606401112027,150.2186737060547,53623900,0.0,0.0
2022-07-26 00:00:00-04:00,149.54099433337262,150.35617431230574,148.1070748417966,148.89279174804688,55138700,0.0,0.0
2022-07-27 00:00:00-04:00,149.85527117258624,154.52044701167125,149.44277321253915,153.99008178710938,78620700,0.0,0.0
2022-07-28 00:00:00-04:00,154.17666680263463,154.82488420275592,151.65256933071927,154.54006958007812,81378700,0.0,0.0
2022-07-29 00:00:00-04:00,158.36060045687617,160.7079195187844,156.6516677769687,159.60791015625,101786900,0.0,0.0
2022-08-01 00:00:00-04:00,158.13475274258138,160.66868209820234,158.01690044251217,158.62582397460938,67829400,0.0,0.0
2022-08-02 00:00:00-04:00,157.24099208938756,159.50973846034333,156.7793839981374,157.152587890625,59907000,0.0,0.0
2022-08-03 00:00:00-04:00,157.96772903161715,163.61504600881742,157.87933984085964,163.16326904296875,82507500,0.0,0.0
2022-08-04 00:00:00-04:00,163.04545502447235,164.20439085358342,161.49366822844783,162.84902954101562,55474100,0.0,0.0
2022-08-05 00:00:00-04:00,160.51808440274291,163.11454067024195,160.31154145785612,162.62278747558594,56697000,0.23,0.0
2022-08-08 00:00:00-04:00,163.62592460951004,165.04217596390288,161.4917179183064,162.15066528320312,60276900,0.0,0.0
2022-08-09 00:00:00-04:00,161.31477064083654,163.08508567487823,160.5574662915563,162.19992065429688,63135500,0.0,0.0
2022-08-10 00:00:00-04:00,164.91437134851807,166.54699582568117,164.14723743893427,166.4486541748047,70170500,0.0,0.0
2022-08-11 00:00:00-04:00,167.25511117853088,168.1697800173322,165.41595884571527,165.7110137939453,57149200,0.0,0.0
2022-08-12 00:00:00-04:00,167.01906593388134,169.33029699566112,166.60598003496278,169.26145935058594,68039400,0.0,0.0
2022-08-15 00:00:00-04:00,168.6910268994302,170.5301791193321,168.52383260735886,170.33348083496094,54091700,0.0,0.0
2022-08-16 00:00:00-04:00,169.93024033504878,170.84490912166515,168.82871793209483,170.17611694335938,56377100,0.0,0.0
2022-08-17 00:00:00-04:00,169.92039567056804,173.24463691658173,169.72369740271,171.67103576660156,79542000,0.0,0.0
2022-08-18 00:00:00-04:00,170.88425233332873,172.01527879196829,170.26463844345383,171.27764892578125,62290100,0.0,0.0
2022-08-19 00:00:00-04:00,170.1761140668042,170.87441022573427,168.48448182965225,168.69102478027344,70346300,0.0,0.0
2022-08-22 00:00:00-04:00,166.89122718275175,167.05842149370653,164.38328250419255,164.8061981201172,69026800,0.0,0.0
2022-08-23 00:00:00-04:00,164.32423603782541,165.92735612503327,163.90132052092278,164.4717559814453,54147100,0.0,0.0
2022-08-24 00:00:00-04:00,164.56030249873976,165.33726597260625,163.50794341888323,164.76683044433594,53841500,0.0,0.0
2022-08-25 00:00:00-04:00,165.99624842184198,167.33381804385021,165.57334777280303,167.2256317138672,51218200,0.0,0.0
2022-08-26 00:00:00-04:00,167.75672364191396,168.22880259575382,160.86233294904275,160.9213409423828,78961000,0.0,0.0
2022-08-29 00:00:00-04:00,158.4920749241394,160.2132113909233,157.18402441564837,158.71829223632812,73314000,0.0,0.0
2022-08-30 00:00:00-04:00,159.4558931891013,159.87879372642644,155.11862647886383,156.28900146484375,77906200,0.0,0.0
2022-08-31 00:00:00-04:00,157.66593911136576,157.93149009277647,154.54822502054373,154.6269073486328,87991100,0.0,0.0
2022-09-01 00:00:00-04:00,154.0564850542226,155.80712573609054,152.11897570286527,155.35472106933594,74229900,0.0,0.0
2022-09-02 00:00:00-04:00,157.11514512449315,157.71508462008887,152.41398580114964,153.24012756347656,76957800,0.0,0.0
2022-09-06 00:00:00-04:00,153.8892363672152,154.49900548839526,151.1550899755094,151.98123168945312,73714800,0.0,0.0
2022-09-07 00:00:00-04:00,152.2664983933652,154.08597659166026,151.0764488090942,153.3876953125,87449600,0.0,0.0
2022-09-08 00:00:00-04:00,152.08942323375317,153.78105537712216,150.1617441609201,151.9123992919922,84923800,0.0,0.0
2022-09-09 00:00:00-04:00,152.90574262919617,155.21698869351633,152.19761681404773,154.77439880371094,68028800,0.0,0.0
2022-09-12 00:00:00-04:00,156.9577901423654,161.5507634451195,156.67257987610813,160.7344512939453,104956000,0.0,0.0
2022-09-13 00:00:00-04:00,157.26269006575274,157.89213365235918,150.84039354694787,151.30264282226562,122656600,0.0,0.0
2022-09-14 00:00:00-04:00,152.23697022602627,154.5088829319825,151.0764397160354,152.74839782714844,87965400,0.0,0.0
2022-09-15 00:00:00-04:00,152.09925057054045,152.67953072071606,148.8831956207659,149.8568572998047,90481100,0.0,0.0
2022-09-16 00:00:00-04:00,148.71601438946803,148.85370468985187,145.92284471335466,148.21441650390625,162278800,0.0,0.0
2022-09-19 00:00:00-04:00,146.8473562182448,152.01076545240036,146.64082825286496,151.9320831298828,81474200,0.0,0.0
2022-09-20 00:00:00-04:00,150.86989154639073,155.4727097837978,150.5551772691551,154.31216430664062,107689800,0.0,0.0
2022-09-21 00:00:00-04:00,154.74492033364538,156.12183853779936,151.06661536137307,151.18463134765625,101696800,0.0,0.0
2022-09-22 00:00:00-04:00,149.86670127656183,151.92222593073575,148.42094575247768,150.22076416015625,86652500,0.0,0.0
2022-09-23 00:00:00-04:00,148.69635763891162,148.97173827223702,146.10973061112034,147.94888305664062,96029900,0.0,0.0
2022-09-26 00:00:00-04:00,147.19160174855077,151.23381448556898,147.171927414505,148.28329467773438,93339400,0.0,0.0
2022-09-27 00:00:00-04:00,150.22078993520137,152.16812862553914,147.47679836474876,149.25694274902344,84442700,0.0,0.0
2022-09-28 00:00:00-04:00,145.20491035922058,148.1554300888231,142.451088943501,147.36862182617188,146691400,0.0,0.0
2022-09-29 00:00:00-04:00,143.69029304650877,144.30006222073425,138.3596750779143,140.12998962402344,128138200,0.0,0.0
2022-09-30 00:00:00-04:00,138.9497794383235,140.7397682439674,135.72387972938284,135.9205780029297,124925300,0.0,0.0
2022-10-03 00:00:00-04:00,135.93043653465315,140.71027860420344,135.41900896557823,140.10049438476562,114311700,0.0,0.0
2022-10-04 00:00:00-04:00,142.63791815031084,143.80829305388013,141.8806140938045,143.69027709960938,87830100,0.0,0.0
2022-10-05 00:00:00-04:00,141.6937945288243,144.94919877755754,140.65126498965273,143.9853515625,79471000,0.0,0.0
2022-10-06 00:00:00-04:00,143.40507882099124,145.1065408456924,142.8248135939426,143.03134155273438,68402200,0.0,0.0
2022-10-07 00:00:00-04:00,140.18900681575843,140.73978304959337,137.1499753994762,137.7794189453125,85925600,0.0,0.0
2022-10-10 00:00:00-04:00,138.1039581298828,139.54971364677584,136.2844804095271,138.1039581298828,74899000,0.0,0.0
2022-10-11 00:00:00-04:00,137.5925530590874,139.0186494867963,135.9402693459634,136.68772888183594,77033700,0.0,0.0
2022-10-12 00:00:00-04:00,136.8352517842159,138.04496046792565,135.88124936484056,136.0582733154297,70433700,0.0,0.0
2022-10-13 00:00:00-04:00,132.76354024673512,141.22168665886508,132.15375604675947,140.631591796875,113224000,0.0,0.0
2022-10-14 00:00:00-04:00,141.92981170804703,142.1363546632189,135.9107571080086,136.09762573242188,88598000,0.0,0.0
2022-10-17 00:00:00-04:00,138.7432621845146,140.5430657827838,137.95645402263972,140.0611572265625,85250900,0.0,0.0
2022-10-18 00:00:00-04:00,143.09035010046446,144.28038442851894,138.29083411442357,141.37904357910156,99136600,0.0,0.0
2022-10-19 00:00:00-04:00,139.35300632169043,142.5592313713911,139.16613772854905,141.48721313476562,61758300,0.0,0.0
2022-10-20 00:00:00-04:00,140.66108608089553,143.48374457740485,140.29717851697941,141.0249786376953,64522000,0.0,0.0
2022-10-21 00:00:00-04:00,140.5135362986956,145.41140833908693,140.29716371825512,144.84097290039062,86548600,0.0,0.0
2022-10-24 00:00:00-04:00,144.76235711056137,147.7522109484676,143.59198170783068,146.98507690429688,75981900,0.0,0.0
2022-10-25 00:00:00-04:00,147.61447265041116,149.97489702549265,146.89651717711538,149.82736206054688,74732300,0.0,0.0
2022-10-26 00:00:00-04:00,148.4701649982454,149.48317560972512,145.59831248015067,146.88671875,88194300,0.0,0.0
2022-10-27 00:00:00-04:00,145.62781359762897,146.5916457586151,141.75279561471663,142.4117431640625,109180200,0.0,0.0
2022-10-28 00:00:00-04:00,145.75566287950778,154.90227649289278,145.3819406077306,153.1713104248047,164762400,0.0,0.0
2022-10-31 00:00:00-04:00,150.63384336153183,151.6960320711127,149.41429002672785,150.8108673095703,97943200,0.0,0.0
2022-11-01 00:00:00-04:00,152.52217870801033,152.8860712842191,146.6703184608035,148.1652374267578,80379300,0.0,0.0
2022-11-02 00:00:00-04:00,146.49328294195223,149.66017491618842,142.60843546015093,142.637939453125,93604600,0.0,0.0
2022-11-03 00:00:00-04:00,139.71696063409377,140.44476100108147,136.46155582949885,136.58941650390625,97918500,0.0,0.0
2022-11-04 00:00:00-04:00,139.97826383175124,140.54964571240953,132.38285778027205,136.3234100341797,140814800,0.23,0.0
2022-11-07 00:00:00-05:00,135.07226465763827,137.08193945756335,133.6536636073325,136.85536193847656,83374600,0.0,0.0
2022-11-08 00:00:00-05:00,138.32323704462326,139.32806703138522,135.44663574586633,137.4267578125,89908500,0.0,0.0
2022-11-09 00:00:00-05:00,136.44159482466026,136.49085472450093,132.5897021500865,132.86553955078125,74917800,0.0,0.0
2022-11-10 00:00:00-05:00,139.14090816003963,144.68722534179688,137.42676248525757,144.68722534179688,118854000,0.0,0.0
2022-11-11 00:00:00-05:00,143.6528333928847,147.7805490726991,142.2243712372686,147.47515869140625,93979700,0.0,0.0
2022-11-14 00:00:00-05:00,146.75598040253018,148.04650852538037,145.238859760882,146.07623291015625,73374100,0.0,0.0
2022-11-15 00:00:00-05:00,149.9576976256643,151.3073317859871,146.35208917690562,147.81008911132812,89868300,0.0,0.0
2022-11-16 00:00:00-05:00,146.91363265596118,147.64262514508096,145.10096733747125,146.57867431640625,64218300,0.0,0.0
2022-11-17 00:00:00-05:00,144.25373060276158,149.2286798359038,143.97789320265173,148.47998046875,80389400,0.0,0.0
2022-11-18 00:00:00-05:00,150.0463641188946,150.4305673318375,147.74114484123723,149.04151916503906,74829600,0.0,0.0
2022-11-21 00:00:00-05:00,147.9283434491039,148.13521403601513,145.52460403537026,145.81028747558594,58724100,0.0,0.0
2022-11-22 00:00:00-05:00,145.92849249022925,148.1844518302865,144.7463148991296,147.94801330566406,51804100,0.0,0.0
2022-11-23 00:00:00-05:00,147.22889506000232,149.57352869191362,147.12052926108166,148.8248291015625,58301400,0.0,0.0
2022-11-25 00:00:00-05:00,146.10580754336945,146.66734339247978,144.9334909730617,145.90878295898438,35195900,0.0,0.0
2022-11-28 00:00:00-05:00,142.9829242489195,144.46063120272478,141.24908683464577,142.07659912109375,69246000,0.0,0.0
2022-11-29 00:00:00-05:00,142.14552449543845,142.65780035300432,138.26409424637174,139.0718994140625,83763800,0.0,0.0
2022-11-30 00:00:00-05:00,139.29850181511986,146.50971891238402,138.4611435666205,145.82997131347656,111380900,0.0,0.0
2022-12-01 00:00:00-05:00,146.00733016626612,146.91365545012422,144.43110313137328,146.1058349609375,71250400,0.0,0.0
2022-12-02 00:00:00-05:00,143.79073931676461,145.80041408602733,143.48533393064037,145.6132354736328,65447400,0.0,0.0
2022-12-05 00:00:00-05:00,145.57384712908555,148.6770258303521,143.60357112015112,144.45079040527344,68826400,0.0,0.0
2022-12-06 00:00:00-05:00,144.88426506871545,145.11084261882044,139.81079492252832,140.7860870361328,64727200,0.0,0.0
2022-12-07 00:00:00-05:00,140.07679006739448,141.2392458201791,137.9193352044314,138.84536743164062,69721100,0.0,0.0
2022-12-08 00:00:00-05:00,140.24425432184734,141.38701807504808,139.00298578220685,140.52993774414062,62128300,0.0,0.0
2022-12-09 00:00:00-05:00,140.2245130259643,143.40651899251785,138.8059121667718,140.0471954345703,76097000,0.0,0.0
2022-12-12 00:00:00-05:00,140.57920002207968,142.35245156002605,138.96357418350942,142.3426055908203,70462700,0.0,0.0
2022-12-13 00:00:00-05:00,147.27813419846305,147.7411502710795,142.0963136174533,143.3080291748047,93886200,0.0,0.0
2022-12-14 00:00:00-05:00,143.18979848966035,144.48032672192886,139.06206832067184,141.08160400390625,82291200,0.0,0.0
2022-12-15 00:00:00-05:00,139.01278368926577,139.69253111834513,134.00828228874863,134.47129821777344,98931900,0.0,0.0
2022-12-16 00:00:00-05:00,134.65850323442362,135.6042272094749,131.74248840865712,132.51089477539062,160156900,0.0,0.0
2022-12-19 00:00:00-05:00,133.10202459436422,133.1906834258734,129.36835738020926,130.40274047851562,79592600,0.0,0.0
2022-12-20 00:00:00-05:00,129.43729149310985,131.26964891983806,127.95958437581338,130.33377075195312,77432800,0.0,0.0
2022-12-21 00:00:00-05:00,131.00365840968308,134.7767390812449,130.77708085896677,133.43695068359375,85928000,0.0,0.0
2022-12-22 00:00:00-05:00,132.35327292045574,132.56014344596582,128.36346171921937,130.2647705078125,77852100,0.0,0.0
2022-12-23 00:00:00-05:00,128.974266934376,130.4519739547497,127.71329147955147,129.90029907226562,63814900,0.0,0.0
2022-12-27 00:00:00-05:00,129.42741525184118,129.4569681847138,126.80694496905855,128.09747314453125,69007800,0.0,0.0
2022-12-28 00:00:00-05:00,127.7428420402377,129.08263031505834,123.99932216789122,124.16679382324219,85438400,0.0,0.0
2022-12-29 00:00:00-05:00,126.08781241864538,128.5408039711882,125.8316819463041,127.6837387084961,75703700,0.0,0.0
2022-12-30 00:00:00-05:00,126.50157867111179,128.0186846307949,125.53614008985218,127.99897766113281,77034200,0.0,0.0
2023-01-03 00:00:00-05:00,128.34377240566315,128.9545531314731,122.32457886036785,123.2112045288086,112117500,0.0,0.0
2023-01-04 00:00:00-05:00,125.00415469022626,126.74785308207225,123.22105739420844,124.4820327758789,89113600,0.0,0.0
2023-01-05 00:00:00-05:00,125.24059093401247,125.87107865122056,122.9058186898535,123.16194915771484,80962700,0.0,0.0
2023-01-06 00:00:00-05:00,124.1372616720093,128.35364427912103,123.03390422681609,127.693603515625,87754700,0.0,0.0
2023-01-09 00:00:00-05:00,128.530949601707,131.4272575812406,127.95956778658704,128.2156982421875,70790800,0.0,0.0
2023-01-10 00:00:00-05:00,128.32407802637962,129.30921608440133,126.21588318349379,128.78709411621094,63896200,0.0,0.0
2023-01-11 00:00:00-05:00,129.29934353146365,131.52574967331964,128.52109123972087,131.5060577392578,69458900,0.0,0.0
2023-01-12 00:00:00-05:00,131.89027740511193,132.26461961526783,129.48653833184324,131.42726135253906,71379600,0.0,0.0
2023-01-13 00:00:00-05:00,130.06773455202415,132.91478201808263,129.70323839862846,132.7571563720703,57809700,0.0,0.0
2023-01-17 00:00:00-05:00,132.82614355724837,135.24957434953774,132.1365500404185,133.91964721679688,63646600,0.0,0.0
2023-01-18 00:00:00-05:00,134.78660397065414,136.54999458059902,133.02319832869463,133.20053100585938,69672800,0.0,0.0
2023-01-19 00:00:00-05:00,132.0873116107182,134.22505937639417,131.78192122019502,133.25962829589844,58280400,0.0,0.0
2023-01-20 00:00:00-05:00,133.26947983700657,135.96876361967614,132.2252358649708,135.82098388671875,80223600,0.0,0.0
2023-01-23 00:00:00-05:00,136.06726442233395,141.18999437445396,135.85053284595898,139.01283264160156,81760300,0.0,0.0
2023-01-24 00:00:00-05:00,138.22472018745663,141.03236969957698,138.21487421828232,140.41172790527344,66435100,0.0,0.0
2023-01-25 00:00:00-05:00,138.7960782416761,140.3131839948148,136.7469896041819,139.7516632080078,65799300,0.0,0.0
2023-01-26 00:00:00-05:00,141.0421976938989,142.10614847767724,139.79106829556534,141.82046508789062,54105100,0.0,0.0
2023-01-27 00:00:00-05:00,141.03237815686282,145.04188252528883,140.95356530270018,143.76119995117188,70555800,0.0,0.0
2023-01-30 00:00:00-05:00,142.80561778514152,143.38684562469143,140.72697590646771,140.87474060058594,64015300,0.0,0.0
2023-01-31 00:00:00-05:00,140.57917270592753,142.19479823056315,140.1654165994733,142.14553833007812,65874500,0.0,0.0
2023-02-01 00:00:00-05:00,141.83030751885846,144.43107102589934,139.2196980441436,143.2686004638672,77663600,0.0,0.0
2023-02-02 00:00:00-05:00,146.68702845858084,148.9331416858034,145.96788199485025,148.57850646972656,118339000,0.0,0.0
2023-02-03 00:00:00-05:00,145.8299972142777,155.04104480782712,145.63297259328513,152.20384216308594,154357300,0.0,0.0
2023-02-06 00:00:00-05:00,150.30248753748006,150.8246093903739,148.53908238509402,149.47496032714844,69858300,0.0,0.0
2023-02-07 00:00:00-05:00,148.40116513275666,152.92294425687993,148.40116513275666,152.3515625,83322600,0.0,0.0
2023-02-08 00:00:00-05:00,151.59301668652708,152.28261017293363,148.92328650742598,149.66213989257812,64120100,0.0,0.0
2023-02-09 00:00:00-05:00,151.49451696275133,152.0363458567265,148.18445275739066,148.6277618408203,56007100,0.0,0.0
2023-02-10 00:00:00-05:00,147.46354505272012,149.31842209117474,147.226745512614,148.99282836914062,57450700,0.23,0.0
2023-02-13 00:00:00-05:00,148.9336202674222,152.19940317198714,148.90402220916044,151.79489135742188,62199000,0.0,0.0
2023-02-14 00:00:00-05:00,150.08798919443248,151.71595766811416,148.8448255867729,151.153564453125,61707600,0.0,0.0
2023-02-15 00:00:00-05:00,151.06476513520522,153.4228390365263,150.83784167870803,153.25511169433594,65573800,0.0,0.0
2023-02-16 00:00:00-05:00,151.45941308943844,154.24175084931028,151.3015618059057,151.65675354003906,68167900,0.0,0.0
2023-02-17 00:00:00-05:00,150.314927401964,150.95623873407766,148.83496427712012,150.5122528076172,59144100,0.0,0.0
2023-02-21 00:00:00-05:00,148.19363813923312,149.27895045459564,146.42755543146694,146.49661254882812,58867200,0.0,0.0
2023-02-22 00:00:00-05:00,146.88140906273446,147.94698436963745,145.19425945136115,146.92088317871094,51011300,0.0,0.0
2023-02-23 00:00:00-05:00,148.0850975380816,148.33175804369702,145.27317680704334,147.40431213378906,48394200,0.0,0.0
2023-02-24 00:00:00-05:00,145.1449254913303,145.22385866894857,143.77349352201168,144.75027465820312,55469600,0.0,0.0
2023-02-27 00:00:00-05:00,145.736905394929,147.17739437262094,145.48036882399748,145.944091796875,44998500,0.0,0.0
2023-02-28 00:00:00-05:00,145.08572620470352,147.08860849628215,144.86866373473268,145.44091796875,50547000,0.0,0.0
2023-03-01 00:00:00-05:00,144.8686422706239,145.26329303666353,143.0729466587316,143.3689422607422,55479000,0.0,0.0
2023-03-02 00:00:00-05:00,142.45137644789077,144.75025410916558,141.97777744941413,143.9609375,52238100,0.0,0.0
2023-03-03 00:00:00-05:00,146.0624926286878,149.0914911594904,145.36198515518814,149.01255798339844,70732300,0.0,0.0
2023-03-06 00:00:00-05:00,151.7357028817241,154.2121845297758,151.41012419214647,151.77517700195312,87558000,0.0,0.0
2023-03-07 00:00:00-05:00,151.64689058754286,151.9724842932115,149.1112281718285,149.574951171875,56182000,0.0,0.0
2023-03-08 00:00:00-05:00,150.76880680073876,151.41999432910836,149.80190156632023,150.8280029296875,47204800,0.0,0.0
2023-03-09 00:00:00-05:00,151.50878953565072,152.4756947765348,148.22326886232506,148.57846069335938,53833600,0.0,0.0
2023-03-10 00:00:00-05:00,148.20352210122027,148.92376664622063,145.63824652167983,146.516357421875,68572400,0.0,0.0
2023-03-13 00:00:00-04:00,145.83556564568843,151.09436981836478,145.72703441304543,148.4600372314453,84457100,0.0,0.0
2023-03-14 00:00:00-04:00,149.25919818665145,151.35087437586574,148.09496787151124,150.55169677734375,73695900,0.0,0.0
2023-03-15 00:00:00-04:00,149.1704067412566,151.20288685726504,147.9173671829065,150.9463653564453,77167900,0.0,0.0
2023-03-16 00:00:00-04:00,150.1274764543104,154.37004080347904,149.6144183096525,153.7681884765625,76161100,0.0,0.0
2023-03-17 00:00:00-04:00,153.99509488717774,154.64628226147335,152.21913616408204,152.9295196533203,98944600,0.0,0.0
2023-03-20 00:00:00-04:00,152.99862213932042,155.71188834819753,152.09089801379864,155.2974853515625,73641400,0.0,0.0
2023-03-21 00:00:00-04:00,155.21854884327422,157.2707512481165,154.44895412275298,157.15235900878906,73938300,0.0,0.0
2023-03-22 00:00:00-04:00,157.17207516380427,159.97413485829682,155.7019731494937,155.72171020507812,75701800,0.0,0.0
2023-03-23 00:00:00-04:00,156.70836691747317,159.39203464017027,155.57371946683134,156.80702209472656,67622100,0.0,0.0
2023-03-24 00:00:00-04:00,156.73798864921076,158.19821496579544,155.7414853951506,158.1094207763672,59196500,0.0,0.0
2023-03-27 00:00:00-04:00,157.80352453027854,158.62243920020293,155.76116835559435,156.1656951904297,52390300,0.0,0.0
2023-03-28 00:00:00-04:00,155.85984584155918,156.3729039229444,153.8964227422894,155.5441131591797,45992200,0.0,0.0
2023-03-29 00:00:00-04:00,157.24115895998125,158.89872564622954,157.2214369560123,158.62246704101562,51305700,0.0,0.0
2023-03-30 00:00:00-04:00,159.37229315696538,160.2997391161816,159.11577163727372,160.1912078857422,49501700,0.0,0.0
2023-03-31 00:00:00-04:00,160.27016471086742,162.7959663866168,159.74724553838644,162.69729614257812,68749800,0.0,0.0
2023-04-03 00:00:00-04:00,162.07570339841976,164.06870961825848,162.02636828199599,163.9503173828125,56976200,0.0,0.0
2023-04-04 00:00:00-04:00,164.37458557847017,164.61137005549932,162.90448337873613,163.41754150390625,46278300,0.0,0.0
2023-04-05 00:00:00-04:00,162.53942989245922,162.84528654392068,159.63869962188485,161.572509765625,51511700,0.0,0.0
2023-04-06 00:00:00-04:00,160.26027222926052,162.75649064193277,159.83602334429725,162.4604949951172,45390100,0.0,0.0
2023-04-10 00:00:00-04:00,159.26376357061562,159.86561584472656,157.94166678976978,159.86561584472656,47716900,0.0,0.0
2023-04-11 00:00:00-04:00,160.18136751588224,160.1912285181147,158.3659344224378,158.65206909179688,47644200,0.0,0.0
2023-04-12 00:00:00-04:00,159.06644488688698,159.89522066020655,157.64567781550258,157.96141052246094,50133100,0.0,0.0
2023-04-13 00:00:00-04:00,159.47093891521206,163.5852339296716,159.26373748709122,163.3484344482422,68445600,0.0,0.0
2023-04-14 00:00:00-04:00,162.39144539168964,164.09834733508953,161.6317416937249,163.003173828125,49386500,0.0,0.0
2023-04-17 00:00:00-04:00,162.8847436304976,163.1807392768596,161.83890539432053,163.0228729248047,41516200,0.0,0.0
2023-04-18 00:00:00-04:00,163.8812698478859,165.17376867697192,163.43726882906975,164.24632263183594,49923000,0.0,0.0
2023-04-19 00:00:00-04:00,163.58526647837797,165.91374248336922,163.32872989204589,165.3908233642578,47720200,0.0,0.0
2023-04-20 00:00:00-04:00,163.8713720291843,165.62759364761484,163.34845295487423,164.42388916015625,52456400,0.0,0.0
2023-04-21 00:00:00-04:00,162.8452566233963,164.2265493294176,162.29273954098778,162.81565856933594,58337300,0.0,0.0
2023-04-24 00:00:00-04:00,162.79595779149312,163.387949114539,161.70078438233358,163.12155151367188,41949600,0.0,0.0
2023-04-25 00:00:00-04:00,162.98339679746925,164.08843103621228,161.5428928319972,161.58236694335938,48714100,0.0,0.0
2023-04-26 00:00:00-04:00,160.8818632857178,163.07221001839787,160.625341751742,161.572509765625,45498800,0.0,0.0
2023-04-27 00:00:00-04:00,162.98342657757053,166.30840595665688,162.98342657757053,166.16041564941406,64902300,0.0,0.0
2023-04-28 00:00:00-04:00,166.23934534853646,167.58117930762924,165.63749302008387,167.41343688964844,55275900,0.0,0.0
2023-05-01 00:00:00-04:00,167.01880455577543,168.17317422093868,166.38735409649894,167.3246612548828,52472900,0.0,0.0
2023-05-02 00:00:00-04:00,167.81796415576136,168.07450075678005,165.3020235951721,166.28866577148438,48425700,0.0,0.0
2023-05-03 00:00:00-04:00,167.23583030731814,168.6368602354505,164.92709148440827,165.2132110595703,65136000,0.0,0.0
2023-05-04 00:00:00-04:00,162.68740659727376,164.8086809772467,162.11515240317325,163.57537841796875,81235400,0.0,0.0
2023-05-05 00:00:00-04:00,168.6960805994559,171.97173995816638,168.47901810918157,171.25149536132812,113453200,0.0,0.0
2023-05-08 00:00:00-04:00,170.1760547498472,171.52776489899594,169.81100192703093,171.18243408203125,55962800,0.0,0.0
2023-05-09 00:00:00-04:00,170.7383948943863,171.22183982160823,169.30776705746806,169.47549438476562,45326900,0.0,0.0
2023-05-10 00:00:00-04:00,170.70881232248743,171.70531537679722,169.60376298512443,171.24159240722656,53724500,0.0,0.0
2023-05-11 00:00:00-04:00,171.52774738748727,172.2578529585823,169.87018071223292,171.4290771484375,49514700,0.0,0.0
2023-05-12 00:00:00-04:00,171.5377460938216,171.97247152405595,168.94917294661113,170.50035095214844,45533100,0.24,0.0
2023-05-15 00:00:00-04:00,171.0832561601379,171.13265951386708,169.41352230428424,170.00633239746094,37266700,0.0,0.0
2023-05-16 00:00:00-04:00,169.92729004665156,171.0634918034888,169.73956634795272,170.00633239746094,42110300,0.0,0.0
2023-05-17 00:00:00-04:00,169.65066921503973,170.85602374756016,168.37613188825594,170.61891174316406,57951600,0.0,0.0
2023-05-18 00:00:00-04:00,170.92517510124802,173.13831574371522,170.51021405749552,172.95059204101562,65496700,0.0,0.0
2023-05-19 00:00:00-04:00,174.2745399441767,174.2745399441767,172.84193292592303,173.05929565429688,55809500,0.0,0.0
2023-05-22 00:00:00-04:00,171.89343134950482,172.61468722054929,171.3697889134683,172.1107940673828,43570900,0.0,0.0
2023-05-23 00:00:00-04:00,171.05360389467134,171.3006055683709,169.2257854789803,169.50242614746094,50747300,0.0,0.0
2023-05-24 00:00:00-04:00,169.03806296692736,170.35211368921475,168.47490698639612,169.77906799316406,45143500,0.0,0.0
2023-05-25 00:00:00-04:00,170.34225271987503,171.81437317497037,169.63088663153601,170.91529846191406,56058300,0.0,0.0
2023-05-26 00:00:00-04:00,171.24135456411133,173.6619683326656,171.03386649216068,173.32603454589844,54835000,0.0,0.0
2023-05-30 00:00:00-04:00,174.8376957969301,176.84334846181008,174.45237373510062,175.17361450195312,55964400,0.0,0.0
2023-05-31 00:00:00-04:00,175.20323363094815,177.1990114284393,174.64006256364283,175.1241912841797,99625300,0.0,0.0
2023-06-01 00:00:00-04:00,175.56880955803746,177.95978426232014,174.8080400825605,177.93014526367188,68901800,0.0,0.0
2023-06-02 00:00:00-04:00,178.8588427561831,179.5998477441502,177.11006676336092,178.77980041503906,61996900,0.0,0.0
2023-06-05 00:00:00-04:00,180.43969339813148,182.73186141970515,175.90473056039738,177.42626953125,121946500,0.0,0.0
2023-06-06 00:00:00-04:00,177.81156385551847,177.95975882757918,175.30201843952955,177.06068420410156,64848400,0.0,0.0
2023-06-07 00:00:00-04:00,176.2999526387169,179.03673595726826,175.19338974130497,175.68739318847656,61944600,0.0,0.0
2023-06-08 00:00:00-04:00,175.76641213704826,178.67115468077665,175.3317017878174,178.40440368652344,50214900,0.0,0.0
2023-06-09 00:00:00-04:00,179.3232203666376,180.04446105377914,178.46365934119785,178.78970336914062,48900000,0.0,0.0
2023-06-12 00:00:00-04:00,179.09601833213515,181.68459163427195,178.79961324143656,181.58578491210938,54274900,0.0,0.0
2023-06-13 00:00:00-04:00,180.60766365821948,181.94146392274692,180.25198057252106,181.11154174804688,54929100,0.0,0.0
2023-06-14 00:00:00-04:00,181.17082015656314,182.17859141427,179.8370198890403,181.74386596679688,57462900,0.0,0.0
2023-06-15 00:00:00-04:00,181.75375744495216,184.28305271752754,181.5759083620863,183.77915954589844,65433200,0.0,0.0
2023-06-16 00:00:00-04:00,184.49051471623886,184.7474061455162,182.0600263098281,182.7022247314453,101256200,0.0,0.0
2023-06-20 00:00:00-04:00,182.1983578536973,183.86809194337903,182.1983578536973,182.79115295410156,49799100,0.0,0.0
2023-06-21 00:00:00-04:00,182.6824521359612,183.1863452547994,180.40015882951445,181.7537384033203,49515700,0.0,0.0
2023-06-22 00:00:00-04:00,181.53636658960147,184.8066665365007,181.46719888037438,184.75726318359375,51245300,0.0,0.0
2023-06-23 00:00:00-04:00,183.3246636484937,185.31055187722217,182.79113153727351,184.44110107421875,53117000,0.0,0.0
2023-06-26 00:00:00-04:00,184.5893075659166,185.79467703737228,183.0084906957425,183.0480194091797,48088700,0.0,0.0
2023-06-27 00:00:00-04:00,183.66059237854205,186.13060949863421,183.4432296659109,185.8045654296875,50730800,0.0,0.0
2023-06-28 00:00:00-04:00,185.67610944091012,187.6224840299043,185.3500804657921,186.98028564453125,51216800,0.0,0.0
2023-06-29 00:00:00-04:00,186.81231462111722,187.79044671269003,186.67399428172388,187.31619262695312,46347300,0.0,0.0
2023-06-30 00:00:00-04:00,189.33174450555188,192.14755478947328,188.9661717445866,191.6436767578125,85213200,0.0,0.0
2023-07-03 00:00:00-04:00,191.4559555638213,191.55476227365418,189.46017761633829,190.15179443359375,31458200,0.0,0.0
2023-07-05 00:00:00-04:00,189.27245113243498,190.66552912461296,188.33383270493644,189.0353240966797,46920300,0.0,0.0
2023-07-06 00:00:00-04:00,187.56322301313529,189.71708585705593,186.93089921117289,189.5095977783203,45094300,0.0,0.0
2023-07-07 00:00:00-04:00,189.11438325252212,190.35926638037827,187.95841711755844,188.39312744140625,46815000,0.0,0.0
2023-07-10 00:00:00-04:00,186.9901751208951,187.71143099184326,184.79679865953796,186.3479766845703,59922200,0.0,0.0
2023-07-11 00:00:00-04:00,186.8913747422291,187.0296950947768,184.3620796809065,185.82432556152344,46638100,0.0,0.0
2023-07-12 00:00:00-04:00,187.40514750841933,189.40092573103476,186.20966756388748,187.49407958984375,60750200,0.0,0.0
2023-07-13 00:00:00-04:00,188.21529288043007,188.89701997543003,187.5039267878899,188.2548065185547,41342300,0.0,0.0
2023-07-14 00:00:00-04:00,187.948525384943,188.88712881002033,187.35573036289856,188.40301513671875,41616200,0.0,0.0
2023-07-17 00:00:00-04:00,189.59852149146877,191.98951149918832,189.50960448705806,191.66346740722656,50520200,0.0,0.0
2023-07-18 00:00:00-04:00,191.03110761046918,191.9993499863452,190.11225351055063,191.4065399169922,48288200,0.0,0.0
2023-07-19 00:00:00-04:00,190.78413334726974,195.8525983579603,190.3395181934612,192.76014709472656,80507300,0.0,0.0
2023-07-20 00:00:00-04:00,192.7502514500073,194.11370571807572,190.1913173439326,190.8137664794922,59581200,0.0,0.0
2023-07-21 00:00:00-04:00,191.77212935032986,192.63169045749675,188.93653953192955,189.63803100585938,71951700,0.0,0.0
2023-07-24 00:00:00-04:00,191.0903815041778,192.57239156999128,189.9442901017601,190.43829345703125,45377800,0.0,0.0
2023-07-25 00:00:00-04:00,191.01136672601527,192.10805493602857,190.60628029804008,191.29788208007812,37283200,0.0,0.0
2023-07-26 00:00:00-04:00,191.34726521155525,193.29363971255637,191.00147189498233,192.1673126220703,47471900,0.0,0.0
2023-07-27 00:00:00-04:00,193.66911704133602,194.83495794865564,190.24073188727883,190.90269470214844,47460200,0.0,0.0
2023-07-28 00:00:00-04:00,192.33527753863382,194.2717774555962,191.81163515269853,193.4813690185547,48291400,0.0,0.0
2023-07-31 00:00:00-04:00,193.70862628447964,194.13347708185938,192.91821776612247,194.0939483642578,38824100,0.0,0.0
2023-08-01 00:00:00-04:00,193.88647197429418,194.37058568804014,192.93797875368105,193.26402282714844,35175100,0.0,0.0
2023-08-02 00:00:00-04:00,192.70081265221705,192.83913298181474,189.54908406525655,190.27032470703125,50389300,0.0,0.0
2023-08-03 00:00:00-04:00,189.27247006657564,190.06286344658966,188.40301925761534,188.87725830078125,61235200,0.0,0.0
2023-08-04 00:00:00-04:00,183.2950360404776,185.13272939460776,179.7382053306166,179.807373046875,115956800,0.0,0.0
2023-08-07 00:00:00-04:00,179.94567809387448,180.9336848652445,175.2230069327887,176.70501708984375,97576100,0.0,0.0
2023-08-08 00:00:00-04:00,177.5349343777014,178.10798009875546,175.45023954323045,177.64361572265625,67823000,0.0,0.0
2023-08-09 00:00:00-04:00,178.7007682180696,178.76004620834635,174.88706172714433,176.05291748046875,60378500,0.0,0.0
2023-08-10 00:00:00-04:00,177.3274561288203,178.58222898523437,175.47001359754938,175.8355712890625,54686900,0.0,0.0
2023-08-11 00:00:00-04:00,175.42996682009903,176.71609814181758,174.66816996475507,175.8949432373047,52036700,0.24,0.0
2023-08-14 00:00:00-04:00,176.07301094207762,177.77467859210861,175.42004228880285,177.54713439941406,43675600,0.0,0.0
2023-08-15 00:00:00-04:00,176.9733287591711,177.56692432110017,175.1628328578025,175.55856323242188,43622600,0.0,0.0
2023-08-16 00:00:00-04:00,175.24197103328896,176.6369303294026,174.61868139075943,174.6879425048828,46964900,0.0,0.0
2023-08-17 00:00:00-04:00,175.25187020963352,175.6179215615527,171.6308784010705,172.1453399658203,66062900,0.0,0.0
2023-08-18 00:00:00-04:00,170.46346761685473,173.23362560342792,170.12709527960956,172.630126953125,61172200,0.0,0.0
2023-08-21 00:00:00-04:00,173.20394701107267,174.25264612165492,171.88812158676677,173.96572875976562,46311900,0.0,0.0
2023-08-22 00:00:00-04:00,175.17271045239184,175.78609702554508,174.37134667878323,175.3408966064453,42038900,0.0,0.0
2023-08-23 00:00:00-04:00,176.61717535249278,179.61487764306722,176.4291981302873,179.189453125,52722800,0.0,0.0
2023-08-24 00:00:00-04:00,178.74423570753817,179.16966018527063,174.13390304899033,174.49996948242188,54945800,0.0,0.0
2023-08-25 00:00:00-04:00,175.4893219988908,177.2404448053197,173.9459523611551,176.70620727539062,51449600,0.0,0.0
2023-08-28 00:00:00-04:00,178.17042326142217,178.66509377862053,176.6468447107556,178.2693634033203,43820700,0.0,0.0
2023-08-29 00:00:00-04:00,177.78457014737916,182.9291401969668,177.58670497165372,182.15745544433594,53003900,0.0,0.0
2023-08-30 00:00:00-04:00,182.96875056526045,185.84773686983334,182.7708853589575,185.6498565673828,60813900,0.0,0.0
2023-08-31 00:00:00-04:00,185.8378136528603,187.10416895130786,185.48165028166278,185.86749267578125,60794500,0.0,0.0
2023-09-01 00:00:00-04:00,187.47023078000296,187.89564016216337,186.27312153245367,187.4405517578125,45766500,0.0,0.0
2023-09-05 00:00:00-04:00,186.27311615331163,187.95499277883354,185.61025951662367,187.677978515625,45280000,0.0,0.0
2023-09-06 00:00:00-04:00,186.39182984634905,186.83704535292617,179.5357042757167,180.96035766601562,81755800,0.0,0.0
2023-09-07 00:00:00-04:00,173.31276751432003,176.3104849506932,171.69024870609164,175.6674041748047,112488800,0.0,0.0
2023-09-08 00:00:00-04:00,176.4489782367689,178.3188321743013,175.89493458078306,176.28077697753906,65551300,0.0,0.0
2023-09-11 00:00:00-04:00,178.15065045906456,178.3781946740771,175.44973851819339,177.44821166992188,58953100,0.0,0.0
2023-09-12 00:00:00-04:00,177.57680682896927,178.20998441272386,172.95658655286022,174.42080688476562,90370200,0.0,0.0
2023-09-13 00:00:00-04:00,174.62857587906927,175.4101637291933,172.12554433664133,172.3531036376953,84267900,0.0,0.0
2023-09-14 00:00:00-04:00,172.14533201670497,174.22295413122683,171.72981061302968,173.86679077148438,60895800,0.0,0.0
2023-09-15 00:00:00-04:00,174.59889423512476,174.61868528190746,171.967258666553,173.14456176757812,109259500,0.0,0.0
2023-09-18 00:00:00-04:00,174.59888982853914,177.46798769380123,174.2921965438023,176.07301330566406,67257600,0.0,0.0
2023-09-19 00:00:00-04:00,175.62781908525017,177.71532920549458,175.24197669791334,177.1613006591797,51826900,0.0,0.0
2023-09-20 00:00:00-04:00,177.34925024969752,177.78456267568592,173.5303936437239,173.61944580078125,58436200,0.0,0.0
2023-09-21 00:00:00-04:00,172.68948203416045,174.42082885900223,172.006834299268,172.07608032226562,63149100,0.0,0.0
2023-09-22 00:00:00-04:00,172.80817906033587,175.19249433338604,172.19479251227028,172.92689514160156,56725400,0.0,0.0
2023-09-25 00:00:00-04:00,172.3432048049037,175.08368369125543,172.29373473406022,174.2031707763672,46172700,0.0,0.0
2023-09-26 00:00:00-04:00,172.9565908960506,173.33253018900052,169.83026989319274,170.1270751953125,64588900,0.0,0.0
2023-09-27 00:00:00-04:00,170.78004737841366,171.19556880826096,167.24810767663843,168.61338806152344,66921800,0.0,0.0
2023-09-28 00:00:00-04:00,167.53500431517824,170.19633406818943,165.83333655703308,168.87062072753906,56294400,0.0,0.0
2023-09-29 00:00:00-04:00,170.18643455541363,171.22524557281096,168.52433390834895,169.38507080078125,51861100,0.0,0.0
2023-10-02 00:00:00-04:00,169.39496352748424,172.4421355524603,169.10804618991,171.8979949951172,52164500,0.0,0.0
2023-10-03 00:00:00-04:00,170.42390128992824,171.7793089326026,168.9992627128071,170.56240844726562,49594600,0.0,0.0
2023-10-04 00:00:00-04:00,169.26634637027362,172.3531005247124,169.14763028223018,171.8089599609375,53020300,0.0,0.0
2023-10-05 00:00:00-04:00,171.93756684563112,173.57987653919332,170.83939772477277,173.04563903808594,48527900,0.0,0.0
2023-10-06 00:00:00-04:00,171.94747372177912,176.092815045354,171.33407201891083,175.59814453125,57266700,0.0,0.0
2023-10-09 00:00:00-04:00,174.9253820623563,177.1415113656987,173.92615307401468,177.0821533203125,42390800,0.0,0.0
2023-10-10 00:00:00-04:00,176.20163840129018,177.80436599291428,176.05322819338144,176.48854064941406,43698000,0.0,0.0
2023-10-11 00:00:00-04:00,176.300562769531,177.9329844734106,175.70696722860302,177.88351440429688,47551100,0.0,0.0
2023-10-12 00:00:00-04:00,178.1506510638416,180.39644439001881,177.13161588848607,178.78382873535156,56743100,0.0,0.0
2023-10-13 00:00:00-04:00,179.48624788964275,179.9908063804386,176.24121051823693,176.9436492919922,51427100,0.0,0.0
2023-10-16 00:00:00-04:00,174.86602989056055,177.17119633941073,174.6285826048942,176.81503295898438,52517000,0.0,0.0
2023-10-17 00:00:00-04:00,174.7670635598835,176.51820117592956,172.9367919566193,175.26173400878906,57549400,0.0,0.0
2023-10-18 00:00:00-04:00,173.7085055181981,175.68718764266174,173.24351401125745,173.96572875976562,54764400,0.0,0.0
2023-10-19 00:00:00-04:00,174.16360253338752,175.94441955236843,173.32267164674883,173.5897979736328,59302900,0.0,0.0
2023-10-20 00:00:00-04:00,173.44136860989997,173.55019672394363,170.7998299466356,171.0372772216797,64244000,0.0,0.0
2023-10-23 00:00:00-04:00,169.08828663709707,172.15523490983713,168.1187215150264,171.156005859375,55980100,0.0,0.0
2023-10-24 00:00:00-04:00,171.2054814250168,171.81886808001443,169.62252961684246,171.59132385253906,43816600,0.0,0.0
2023-10-25 00:00:00-04:00,170.04796051874604,171.21537582153513,168.83106004342108,169.27627563476562,57157000,0.0,0.0
2023-10-26 00:00:00-04:00,168.55403244057868,169.55327657792432,163.90413245355498,165.1111297607422,70625300,0.0,0.0
2023-10-27 00:00:00-04:00,165.13092178908886,167.1590740039346,165.05177269186868,166.4269561767578,58499100,0.0,0.0
2023-10-30 00:00:00-04:00,167.21841659954197,169.34549366723184,167.0700063949142,168.47486877441406,51131000,0.0,0.0
2023-10-31 00:00:00-04:00,167.54490564738762,169.07837213199355,166.1103491096919,168.94976806640625,44846000,0.0,0.0
2023-11-01 00:00:00-04:00,169.1773025316942,172.37286957481675,168.30667766450742,172.1156463623047,56934900,0.0,0.0
2023-11-02 00:00:00-04:00,173.64913976332178,175.88504503012373,173.58978171760563,175.6772918701172,77334800,0.0,0.0
2023-11-03 00:00:00-04:00,172.38275929327585,174.9352605593319,171.50224651940002,174.76705932617188,79829200,0.0,0.0
2023-11-06 00:00:00-05:00,174.49998235165765,177.51746053122469,174.3317961816863,177.31959533691406,63841300,0.0,0.0
2023-11-07 00:00:00-05:00,177.2701137835187,180.495375116872,177.06236062659886,179.88198852539062,70530000,0.0,0.0
2023-11-08 00:00:00-05:00,180.40634475587757,181.4946108426327,179.65443590363796,180.94058227539062,49340300,0.0,0.0
2023-11-09 00:00:00-05:00,181.00982351508927,182.15744752284814,179.87207238589124,180.46568298339844,53763500,0.0,0.0
2023-11-10 00:00:00-05:00,182.24886906112522,184.82455079604722,181.81298306450438,184.6561279296875,66133400,0.24,0.0
2023-11-13 00:00:00-05:00,184.0815522328342,184.28957909475855,182.4866141219331,183.0710906982422,43627500,0.0,0.0
2023-11-14 00:00:00-05:00,185.94396348691,186.35013134634684,184.55706727911962,185.6864013671875,60108400,0.0,0.0
2023-11-15 00:00:00-05:00,186.09254599086609,187.72710311138576,186.0231936311185,186.25103759765625,53790500,0.0,0.0
2023-11-16 00:00:00-05:00,187.7964452917508,189.1734402500684,186.88503924293582,187.9351348876953,54412900,0.0,0.0
2023-11-17 00:00:00-05:00,188.47008739636428,188.59887599886426,186.805812145748,187.9153289794922,50922700,0.0,0.0
2023-11-20 00:00:00-05:00,188.11347160798348,190.1145776039652,188.10357060538217,189.65887451171875,46505100,0.0,0.0
2023-11-21 00:00:00-05:00,189.61926104331656,189.72823253932046,187.9648865974642,188.85646057128906,38134500,0.0,0.0
2023-11-22 00:00:00-05:00,189.69851123933077,191.12502655036587,189.0446822742513,189.5201873779297,39617700,0.0,0.0
2023-11-24 00:00:00-05:00,189.0843077535022,189.1140258787283,187.47946852715137,188.19273376464844,24048300,0.0,0.0
2023-11-27 00:00:00-05:00,188.14319291304204,188.886176253634,187.13273133734725,188.014404296875,40552600,0.0,0.0
2023-11-28 00:00:00-05:00,188.00451860446373,189.29235952290682,187.62806884410938,188.61871337890625,38415400,0.0,0.0
2023-11-29 00:00:00-05:00,189.11401237919708,190.29288164913223,187.2020759179661,187.59832763671875,43014200,0.0,0.0
2023-11-30 00:00:00-05:00,188.06392585220516,188.53944603911236,186.42936866830843,188.1728973388672,48794400,0.0,0.0
2023-12-01 00:00:00-05:00,188.54934617033052,189.76783452208102,187.45963130874318,189.45083618164062,45704800,0.0,0.0
2023-12-04 00:00:00-05:00,188.2026180609542,188.27197042434886,185.69628894913777,187.6577606201172,43389500,0.0,0.0
2023-12-05 00:00:00-05:00,188.43046796633192,192.58125508438908,188.40073472916,191.6104278564453,66628400,0.0,0.0
2023-12-06 00:00:00-05:00,192.63079897005184,192.93789631295678,190.3126947209947,190.52073669433594,41089700,0.0,0.0
2023-12-07 00:00:00-05:00,191.8184723448333,193.17565028147504,191.77883810543793,192.45248413085938,47477700,0.0,0.0
2023-12-08 00:00:00-05:00,192.38313041357762,194.15639227120218,191.8580901155405,193.87901306152344,53406400,0.0,0.0
2023-12-11 00:00:00-05:00,191.3033586686724,191.67980841318465,189.6291670567547,191.37269592285156,60943700,0.0,0.0
2023-12-12 00:00:00-05:00,191.27361158280868,192.89826770087802,189.92633467152928,192.88836669921875,52696900,0.0,0.0
2023-12-13 00:00:00-05:00,193.26481149731427,196.1475903161728,193.02706651664724,196.10797119140625,70404200,0.0,0.0
2023-12-14 00:00:00-05:00,196.16740691178524,197.75242887078264,194.32480773637585,196.25656127929688,66831600,0.0,0.0
2023-12-15 00:00:00-05:00,195.68199966761293,196.54385551373443,195.15695931123605,195.7216339111328,128538400,0.0,0.0
2023-12-18 00:00:00-05:00,194.25545312358386,194.79040955452615,192.5713606983871,194.0573272705078,55751900,0.0,0.0
2023-12-19 00:00:00-05:00,194.32481746504553,195.1074199235508,194.0573392330858,195.09751892089844,40714100,0.0,0.0
2023-12-20 00:00:00-05:00,195.05788936850126,195.8305908429342,193.00726318359375,193.00726318359375,52242800,0.0,0.0
2023-12-21 00:00:00-05:00,194.26538628403978,195.23621363050395,191.6897046199928,192.85865783691406,46482500,0.0,0.0
2023-12-22 00:00:00-05:00,193.35397752019378,193.58183662844655,191.16466173906855,191.7887725830078,37149600,0.0,0.0
2023-12-26 00:00:00-05:00,191.7986702097743,192.0760494430794,191.02596875756228,191.24391174316406,28919300,0.0,0.0
2023-12-27 00:00:00-05:00,190.68915794498034,191.6897034098951,189.3022466284661,191.3429718017578,48087700,0.0,0.0
2023-12-28 00:00:00-05:00,192.32369457775746,192.83883387512188,191.3627683436117,191.76893615722656,34049900,0.0,0.0
2023-12-29 00:00:00-05:00,192.08592235100764,192.58124449746825,189.93622604929251,190.72874450683594,42672100,0.0,0.0
2024-01-02 00:00:00-05:00,185.39909638597572,186.67703614744315,182.16960103197144,183.90322875976562,82488700,0.0,0.0
2024-01-03 00:00:00-05:00,182.49652699212288,184.14100045386294,181.7139093893273,182.5262451171875,58414500,0.0,0.0
2024-01-04 00:00:00-05:00,180.4458595901839,181.37706768373354,179.18775216816366,180.20811462402344,71983600,0.0,0.0
2024-01-05 00:00:00-05:00,180.28738953880892,181.05017488447822,178.48440937769652,179.48495483398438,62379700,0.0,0.0
2024-01-08 00:00:00-05:00,180.38642231817897,183.86359358874157,179.80194579166277,183.82395935058594,59144500,0.0,0.0
2024-01-09 00:00:00-05:00,182.19931060924736,183.41779895114087,181.0204413910758,183.40789794921875,42841800,0.0,0.0
2024-01-10 00:00:00-05:00,182.62529236075727,184.65610118978807,182.19930742900604,184.4480743408203,46792900,0.0,0.0
2024-01-11 00:00:00-05:00,184.7947925921475,185.3000308909078,181.90211286972462,183.8536834716797,49128400,0.0,0.0
2024-01-12 00:00:00-05:00,184.3192926371913,184.99293868218925,183.45743685571247,184.18060302734375,40477800,0.0,0.0
2024-01-16 00:00:00-05:00,180.4557997638508,182.53614407524432,179.2372961857114,181.91204833984375,65603000,0.0,0.0
2024-01-17 00:00:00-05:00,179.5741044525339,181.21856257523459,178.61317822966134,180.9709014892578,47317400,0.0,0.0
2024-01-18 00:00:00-05:00,184.34903461223058,187.37050341346043,184.09147247948349,186.8652801513672,78005800,0.0,0.0
2024-01-19 00:00:00-05:00,187.5587047602819,190.15418823308323,187.0534815615711,189.76783752441406,68903000,0.0,0.0
2024-01-22 00:00:00-05:00,190.50092877344645,193.50258021639056,190.46129453087994,192.0760498046875,60133900,0.0,0.0
2024-01-23 00:00:00-05:00,193.19548176740474,193.91864797179585,192.01661247228014,193.35397338867188,42355600,0.0,0.0
2024-01-24 00:00:00-05:00,193.59173469903226,194.54276001272405,192.52183688964197,192.6803436279297,53631300,0.0,0.0
2024-01-25 00:00:00-05:00,193.3936190715828,194.43379881211092,191.30335858737243,192.3534393310547,54822100,0.0,0.0
2024-01-26 00:00:00-05:00,192.45251037482265,192.9379165033589,190.14430688636483,190.61981201171875,44594000,0.0,0.0
2024-01-29 00:00:00-05:00,190.21364328629937,190.40186815816608,187.80638442872507,189.93626403808594,47145600,0.0,0.0
2024-01-30 00:00:00-05:00,189.1536549714469,190.0056098088079,185.71611749758625,186.28077697753906,55859400,0.0,0.0
2024-01-31 00:00:00-05:00,185.2901205380725,185.34957189909602,182.62529981948686,182.67481994628906,55467800,0.0,0.0
2024-02-01 00:00:00-05:00,182.26867176596141,185.20097077595153,182.1002640289582,185.11181640625,64885400,0.0,0.0
2024-02-02 00:00:00-05:00,178.1773164815156,185.5774319441079,177.57302274507782,184.1112823486328,102551700,0.0,0.0
2024-02-05 00:00:00-05:00,186.38975267397447,187.47946764726828,184.1013663460926,185.9241485595703,69668800,0.0,0.0
2024-02-06 00:00:00-05:00,185.1118319583491,187.53890796123954,185.0226775811573,187.5290069580078,43490800,0.0,0.0
2024-02-07 00:00:00-05:00,188.85642770289712,189.26259549149862,186.8454209943015,187.637939453125,53439000,0.0,0.0
2024-02-08 00:00:00-05:00,187.6181174937792,187.7667080877105,185.59720983615392,186.55813598632812,40962000,0.0,0.0
2024-02-09 00:00:00-05:00,187.12353611951417,188.45270503827624,186.47880163607178,187.32192993164062,45155200,0.24,0.0
2024-02-12 00:00:00-05:00,186.8954092628083,187.14338640307878,185.27859346494134,185.63568115234375,41781900,0.0,0.0
2024-02-13 00:00:00-05:00,184.26685928046126,184.70330147289806,182.02513622573113,183.54275512695312,56529500,0.0,0.0
2024-02-14 00:00:00-05:00,183.82047352517276,184.0287658151745,180.96377246543662,182.65992736816406,54630500,0.0,0.0
2024-02-15 00:00:00-05:00,182.06480997798818,182.99720639873473,179.8826142837668,182.37229919433594,65434500,0.0,0.0
2024-02-16 00:00:00-05:00,181.93587327545112,183.35431044132238,180.20003322850718,180.83485412597656,49752500,0.0,0.0
2024-02-20 00:00:00-05:00,180.31904659124555,180.95386745060242,178.54353696650966,180.09091186523438,53665600,0.0,0.0
2024-02-21 00:00:00-05:00,180.46782702325083,181.41013702999714,179.19818540957374,180.84475708007812,41371400,0.0,0.0
2024-02-22 00:00:00-05:00,181.99537582737872,183.463411373256,180.98364000764028,182.878173828125,52292200,0.0,0.0
2024-02-23 00:00:00-05:00,183.51299444569602,183.54275049121756,180.75548990166286,181.04315185546875,45119700,0.0,0.0
2024-02-26 00:00:00-05:00,180.76540051034647,181.28118200444274,179.1882545795608,179.6941375732422,40867400,0.0,0.0
2024-02-27 00:00:00-05:00,179.6346334198553,182.43180748858953,178.1070858709482,181.15225219726562,54318900,0.0,0.0
2024-02-28 00:00:00-05:00,181.03323362922586,181.63829848228303,178.67250144683115,179.95205688476562,48953900,0.0,0.0
2024-02-29 00:00:00-05:00,179.80325698202418,181.09274105155225,178.07733075339527,179.28746032714844,136682600,0.0,0.0
2024-03-01 00:00:00-05:00,178.09718827908785,179.06925444803085,175.94474848019505,178.206298828125,73563100,0.0,0.0
2024-03-04 00:00:00-05:00,174.72465821330945,175.46858951163802,172.38375378915603,173.68316650390625,81510100,0.0,0.0
2024-03-05 00:00:00-05:00,169.37829007310003,170.6479317427376,168.24751498810025,168.74346923828125,95132400,0.0,0.0
2024-03-06 00:00:00-05:00,169.67587669286206,169.85442810491517,167.31512946505867,167.75157165527344,68587700,0.0,0.0
2024-03-07 00:00:00-05:00,167.78133333619056,169.34855073763018,167.12668516420615,167.63255310058594,71765100,0.0,0.0
2024-03-08 00:00:00-05:00,167.6325286145872,172.29449531822434,167.57301652903823,169.34852600097656,76267000,0.0,0.0
2024-03-11 00:00:00-04:00,171.54065314121274,172.9690037589795,170.65785520874886,171.35218811035156,60139500,0.0,0.0
2024-03-12 00:00:00-04:00,171.7489536078961,172.62183794587216,169.62626998762764,171.82830810546875,59825400,0.0,0.0
2024-03-13 00:00:00-04:00,171.3720295685671,171.78862930722158,169.3782838692582,169.74530029296875,52488700,0.0,0.0
2024-03-14 00:00:00-04:00,171.5108753141753,172.89954094100486,170.65783353331713,171.6001434326172,72913500,0.0,0.0
2024-03-15 00:00:00-04:00,169.7849869531436,171.22325134277344,168.91210257419098,171.22325134277344,121752700,0.0,0.0
2024-03-18 00:00:00-04:00,174.14939851903085,176.27208229753154,172.11598288120766,172.31436157226562,75604200,0.0,0.0
2024-03-19 00:00:00-04:00,172.92931675607417,175.18095319129145,171.62991909909198,174.65524291992188,55215200,0.0,0.0
2024-03-20 00:00:00-04:00,174.29816190798687,177.2242889404297,173.67325471299228,177.2242889404297,53423100,0.0,0.0
2024-03-21 00:00:00-04:00,175.61740074055217,176.05384289670778,169.45764237357878,169.9833526611328,106181300,0.0,0.0
2024-03-22 00:00:00-04:00,170.37020490965267,171.64977539848843,168.68396342338923,170.88600158691406,71160100,0.0,0.0
2024-03-25 00:00:00-04:00,169.1898419011277,170.54875171721093,168.078894077347,169.4675750732422,54288300,0.0,0.0
2024-03-26 00:00:00-04:00,168.62446935677252,170.03297781398425,168.20786954283594,168.33682250976562,57388400,0.0,0.0
2024-03-27 00:00:00-04:00,169.03112531152695,172.19531573949365,168.7335497446837,171.90765380859375,60273300,0.0,0.0
2024-03-28 00:00:00-04:00,170.36028779920613,170.83639964948821,169.13031578937776,170.09246826171875,65672700,0.0,0.0
2024-04-01 00:00:00-04:00,169.80482284392966,169.86433493378763,168.1086526063626,168.65420532226562,46240500,0.0,0.0
2024-04-02 00:00:00-04:00,167.71187939021036,167.96977013364764,166.86875116942764,167.47381591796875,49329500,0.0,0.0
2024-04-03 00:00:00-04:00,167.42424073989756,169.29894733031932,167.2159484161416,168.27728271484375,47691700,0.0,0.0
2024-04-04 00:00:00-04:00,168.9120862737285,170.5289019190824,167.45399475097656,167.45399475097656,53704400,0.0,0.0
2024-04-05 00:00:00-04:00,168.217753601793,169.01128340394683,167.58293278713433,168.2078399658203,42104800,0.0,0.0
2024-04-08 00:00:00-04:00,167.6622991252661,167.83092176064616,166.87869803905005,167.0869903564453,37425500,0.0,0.0
2024-04-09 00:00:00-04:00,167.33495148030394,168.70378997636425,166.98779260608748,168.29710388183594,42373800,0.0,0.0
2024-04-10 00:00:00-04:00,167.43415997850798,167.72180678766216,165.75783217031642,166.4224090576172,49709300,0.0,0.0
2024-04-11 00:00:00-04:00,166.97787330186227,174.040272115757,166.7993370367697,173.6236572265625,91070300,0.0,0.0
2024-04-12 00:00:00-04:00,172.8499658132502,176.91679662448954,172.80038249764078,175.12144470214844,101670900,0.0,0.0
2024-04-15 00:00:00-04:00,173.94107267383276,175.20080068867838,171.10421379905583,171.2926788330078,73531800,0.0,0.0
2024-04-16 00:00:00-04:00,170.360294137519,172.35402488220237,166.9084566077323,168.0094757080078,73711200,0.0,0.0
2024-04-17 00:00:00-04:00,168.2375828566437,169.2691609240719,166.64060974121094,166.64060974121094,50901200,0.0,0.0
2024-04-18 00:00:00-04:00,166.67036449953886,167.2754292189987,165.20234432957687,165.68836975097656,43122900,0.0,0.0
2024-04-19 00:00:00-04:00,164.86513304300607,165.05358296102196,162.75236290762146,163.6649169921875,68149400,0.0,0.0
2024-04-22 00:00:00-04:00,164.18068981978783,165.9066008250168,163.4367584871004,164.4980926513672,48116400,0.0,0.0
2024-04-23 00:00:00-04:00,164.01206877643943,165.69831011966792,163.58554027123327,165.5495147705078,49537800,0.0,0.0
2024-04-24 00:00:00-04:00,165.19243035823263,167.93010742906517,164.86511388137603,167.65237426757812,48251800,0.0,0.0
2024-04-25 00:00:00-04:00,168.15824741627387,169.2295104164757,166.78940883790665,168.5153350830078,50558300,0.0,0.0
2024-04-26 00:00:00-04:00,168.50542350147623,169.95360145871248,167.81107543218243,167.93011474609375,44838400,0.0,0.0
2024-04-29 00:00:00-04:00,171.9671774185786,174.60565774723543,171.69937301226366,172.09613037109375,68169400,0.0,0.0
2024-04-30 00:00:00-04:00,171.92752335282844,173.57409529864353,168.62446582369017,168.95179748535156,65934800,0.0,0.0
2024-05-01 00:00:00-04:00,168.20784791968214,171.31252641733016,167.74164970644674,167.93011474609375,50383100,0.0,0.0
2024-05-02 00:00:00-04:00,171.1141167118999,172.01675700988142,169.50722990892024,171.62991333007812,94214900,0.0,0.0
2024-05-03 00:00:00-04:00,185.13970898312533,185.48688300008854,181.1820038934194,181.89617919921875,163224100,0.0,0.0
2024-05-06 00:00:00-04:00,180.87452115240256,182.70954279745968,178.9601298757301,180.2397003173828,78569700,0.0,0.0
2024-05-07 00:00:00-04:00,181.96562507289974,183.40388947971314,179.8528700999816,180.9241180419922,77305800,0.0,0.0
2024-05-08 00:00:00-04:00,181.3704783401059,181.58869942461462,179.9817973354757,181.26136779785156,45057100,0.0,0.0
2024-05-09 00:00:00-04:00,181.08280763590477,183.16582147443802,180.6364518520254,183.07655334472656,48983000,0.0,0.0
2024-05-10 00:00:00-04:00,183.6526350835399,183.84135574437508,180.9013327671207,181.81512451171875,50759500,0.25,0.0
2024-05-13 00:00:00-04:00,184.18900107058352,185.8378061410755,183.37452561798457,185.02333068847656,72044800,0.0,0.0
2024-05-14 00:00:00-04:00,186.24503525163803,187.029714327999,185.0332642686859,186.1655731201172,52393600,0.0,0.0
2024-05-15 00:00:00-04:00,186.6423374407049,189.36384333151435,186.1059718662387,188.44012451171875,70400000,0.0,0.0
2024-05-16 00:00:00-04:00,189.18508101005293,189.81083584823088,188.3805477357399,188.559326171875,52845200,0.0,0.0
2024-05-17 00:00:00-04:00,188.23153932133224,189.52277241007562,187.90376371878457,188.589111328125,41282900,0.0,0.0
2024-05-20 00:00:00-04:00,188.05276500067424,190.6252889956646,187.73491647398643,189.751220703125,44361300,0.0,0.0
2024-05-21 00:00:00-04:00,189.80090419427654,191.4298401563817,189.63205283211448,191.0524139404297,42309400,0.0,0.0
2024-05-22 00:00:00-04:00,190.97293553544338,191.51922822288097,188.9864276944718,189.61216735839844,34648500,0.0,0.0
2024-05-23 00:00:00-04:00,189.6916095055364,189.71147882549133,185.3709645001415,185.61927795410156,51005900,0.0,0.0
2024-05-24 00:00:00-04:00,187.5462164631898,189.29433794369746,186.77146444562422,188.69837951660156,36327000,0.0,0.0
2024-05-28 00:00:00-04:00,190.21803261577213,191.69798625592665,187.82430244055638,188.7082977294922,52280100,0.0,0.0
2024-05-29 00:00:00-04:00,188.33086600869876,190.95305560689752,188.2315345598267,189.0062713623047,53068000,0.0,0.0
2024-05-30 00:00:00-04:00,189.4730884200293,190.88350698979508,189.343975732697,189.99951171875,49889100,0.0,0.0
2024-05-31 00:00:00-04:00,190.1485307236603,191.2709124904654,188.62885345568,190.95306396484375,75158300,0.0,0.0
2024-06-03 00:00:00-04:00,191.5986723140291,193.67458449503022,191.22124613590765,192.72105407714844,50080500,0.0,0.0
2024-06-04 00:00:00-04:00,193.32693160548868,194.0023521144802,191.72779227719917,193.0388946533203,47471400,0.0,0.0
2024-06-05 00:00:00-04:00,194.08179923154876,195.5716800296083,193.55537589536917,194.5486297607422,54156800,0.0,0.0
2024-06-06 00:00:00-04:00,194.36987376952155,195.1744070683784,192.86012347629529,193.16802978515625,41181800,0.0,0.0
2024-06-07 00:00:00-04:00,193.33687329712626,195.61143330627965,192.83031924399432,195.561767578125,53103900,0.0,0.0
2024-06-10 00:00:00-04:00,195.57168290202756,195.96899354752293,190.8537269722117,191.8171844482422,97010200,0.0,0.0
2024-06-11 00:00:00-04:00,192.34359145933493,205.7624599378956,192.32373729563466,205.7525177001953,172373300,0.0,0.0
2024-06-12 00:00:00-04:00,205.97103997359795,218.7144883134223,205.50420946534445,211.63259887695312,198134300,0.0,0.0
2024-06-13 00:00:00-04:00,213.29133517221976,215.28776993558532,210.17251871917932,212.79470825195312,97862700,0.0,0.0
2024-06-14 00:00:00-04:00,212.40734441299963,213.71843162956222,209.874544034183,211.0565185546875,70122700,0.0,0.0
2024-06-17 00:00:00-04:00,211.93058723086708,217.4729460060793,211.28497823555003,215.2083282470703,93728300,0.0,0.0
2024-06-18 00:00:00-04:00,216.1221165738588,217.15510913678148,211.56308472355843,212.84437561035156,79943300,0.0,0.0
2024-06-20 00:00:00-04:00,212.48678595825902,212.79470737847507,207.44106980621038,208.2654571533203,86172500,0.0,0.0
2024-06-21 00:00:00-04:00,208.9706859649803,210.4605668046439,205.71281440805072,206.0902557373047,241805100,0.0,0.0
2024-06-24 00:00:00-04:00,206.3187055335118,211.2651058128792,205.19632375372012,206.73587036132812,80727000,0.0,0.0
2024-06-25 00:00:00-04:00,207.73905391104032,209.95402109263304,207.20270345608853,207.65960693359375,55549700,0.0,0.0
2024-06-26 00:00:00-04:00,210.07320698316605,213.41054080672134,209.2190079939271,211.8114013671875,66213200,0.0,0.0
2024-06-27 00:00:00-04:00,213.24168634094727,214.28460598729217,210.91747580739147,212.65567016601562,49772700,0.0,0.0
2024-06-28 00:00:00-04:00,214.31437813701,214.61235731022026,208.88127860134253,209.19911193847656,82542700,0.0,0.0
2024-07-01 00:00:00-04:00,210.65921399467373,216.0426482623776,210.4903626519942,215.28778076171875,60402900,0.0,0.0
2024-07-02 00:00:00-04:00,214.6917960084413,218.89327036159415,213.6488916761499,218.7840118408203,58046200,0.0,0.0
2024-07-03 00:00:00-04:00,218.5158580863075,220.05540466308594,217.55240059045883,220.05540466308594,37369800,0.0,0.0
2024-07-05 00:00:00-04:00,220.15473164881905,224.9223536333555,220.15473164881905,224.81309509277344,60412400,0.0,0.0
2024-07-08 00:00:00-04:00,225.55804052038548,226.31292323770106,221.7439489111218,226.2831268310547,59085900,0.0,0.0
2024-07-09 00:00:00-04:00,226.3923429370984,227.85242731023644,224.84286935479298,227.1372833251953,48076100,0.0,0.0
2024-07-10 00:00:00-04:00,227.75312751683794,231.50762613234983,227.70346178953022,231.40829467773438,62627700,0.0,0.0
2024-07-11 00:00:00-04:00,229.82901193417422,230.82226580227746,224.2469300453064,226.0347900390625,64710600,0.0,0.0
2024-07-12 00:00:00-04:00,227.37567478656334,231.07058040656065,227.13728840093884,228.9847412109375,53046500,0.0,0.0
2024-07-15 00:00:00-04:00,234.88468027763452,235.62962070976812,231.5175501306247,232.81871032714844,62631300,0.0,0.0
2024-07-16 00:00:00-04:00,233.41466404542834,234.67610072880163,230.76267797901863,233.2358856201172,43234300,0.0,0.0
2024-07-17 00:00:00-04:00,227.90209958898402,229.8985495862513,225.11105861290636,227.33595275878906,57345900,0.0,0.0
2024-07-18 00:00:00-04:00,228.7265030667722,228.88542732552744,220.7705449165008,222.6676483154297,66034600,0.0,0.0
2024-07-19 00:00:00-04:00,223.30332205714691,225.26996029758078,221.7737027489262,222.7967529296875,49151500,0.0,0.0
2024-07-22 00:00:00-04:00,225.47855462210336,226.24336434241772,221.58500128681854,222.4491424560547,48201800,0.0,0.0
2024-07-23 00:00:00-04:00,222.85635307829335,225.40902265142745,221.17775171010015,223.49203491210938,39960300,0.0,0.0
2024-07-24 00:00:00-04:00,222.48887740092556,223.2834835656707,215.66522784122517,217.06570434570312,61777600,0.0,0.0
2024-07-25 00:00:00-04:00,217.45305415919788,219.36011485373604,213.17213256832727,216.0227813720703,51391200,0.0,0.0
2024-07-26 00:00:00-04:00,217.22462220056258,218.0093012590926,214.55276681781487,216.4896240234375,41601300,0.0,0.0
2024-07-29 00:00:00-04:00,215.49636696784094,217.82057739339885,214.2945231128628,216.76773071289062,36311800,0.0,0.0
2024-07-30 00:00:00-04:00,217.71132777069818,218.84363662609175,214.6620309808042,217.32395935058594,41643800,0.0,0.0
2024-07-31 00:00:00-04:00,219.94615098169663,222.31010016667176,219.14161772956027,220.5818328857422,50036300,0.0,0.0
2024-08-01 00:00:00-04:00,222.85636745689294,222.96562598955987,215.5559605569344,216.8869171142578,62501000,0.0,0.0
2024-08-02 00:00:00-04:00,217.6715836076827,224.0780833133434,216.24131073912352,218.37680053710938,105568600,0.0,0.0
2024-08-05 00:00:00-04:00,197.74691336614487,212.0597055615941,194.6777624827749,207.85824584960938,119548600,0.0,0.0
2024-08-06 00:00:00-04:00,203.91501287026546,208.5733757245506,199.7135534430835,205.8319854736328,69660500,0.0,0.0
2024-08-07 00:00:00-04:00,205.5042262843129,212.19876304064402,204.99767225034321,208.404541015625,63516400,0.0,0.0
2024-08-08 00:00:00-04:00,211.67232394520707,212.75496698059854,207.42119877275275,211.8709716796875,47161100,0.0,0.0
2024-08-09 00:00:00-04:00,210.66916408754707,215.31758519349225,210.5400362270979,214.78123474121094,42201600,0.0,0.0
2024-08-12 00:00:00-04:00,214.8607709437837,218.28150622882862,214.39340008618356,216.31259155273438,38028100,0.25,0.0
2024-08-13 00:00:00-04:00,217.7843155173404,220.64820259017597,217.7843155173404,220.03167724609375,44155300,0.0,0.0
2024-08-14 00:00:00-04:00,219.33559848009435,221.7818227179272,218.4704570730026,220.47915649414062,41960600,0.0,0.0
2024-08-15 00:00:00-04:00,223.34303300242357,224.0888356302054,221.51331902381992,223.4623565673828,46414000,0.0,0.0
2024-08-16 00:00:00-04:00,222.66684293368954,225.56056092969672,222.39834972442236,224.78492736816406,44340200,0.0,0.0
2024-08-19 00:00:00-04:00,224.45676193958974,224.7252551363764,221.79175263729985,224.6258087158203,40687800,0.0,0.0
2024-08-20 00:00:00-04:00,224.50650638916653,225.89866536829538,224.18828995199718,225.2423553466797,30299000,0.0,0.0
2024-08-21 00:00:00-04:00,225.25228856886343,226.70410920432383,223.7905141872767,225.13294982910156,34765500,0.0,0.0
2024-08-22 00:00:00-04:00,226.51518775043243,227.06211276120644,222.6469583809866,223.2734375,43695300,0.0,0.0
2024-08-23 00:00:00-04:00,224.39710671028325,226.9427773475752,223.07454817990703,225.57049560546875,38677300,0.0,0.0
2024-08-26 00:00:00-04:00,225.49095216733542,226.00804628168004,222.6370187250734,225.90859985351562,30602200,0.0,0.0
2024-08-27 00:00:00-04:00,224.73520717839608,227.5692634267734,223.63141860700006,226.75384521484375,35934600,0.0,0.0
2024-08-28 00:00:00-04:00,226.6444476309267,228.57359288043327,224.41697829182954,225.2224578857422,38052200,0.0,0.0
2024-08-29 00:00:00-04:00,228.81226038667728,231.61647047641185,227.59908685526068,228.5039825439453,51906300,0.0,0.0
2024-08-30 00:00:00-04:00,228.9017723040151,229.1105885676507,226.20693181059323,227.7184295654297,52990800,0.0,0.0
2024-09-03 00:00:00-04:00,227.27093626472063,227.71841483123856,219.9322331496077,221.52328491210938,50190600,0.0,0.0
2024-09-04 00:00:00-04:00,220.4195086889333,220.5388322671096,216.26289369284987,219.61404418945312,43840200,0.0,0.0
2024-09-05 00:00:00-04:00,220.38968006999326,224.2181249188319,220.28029506440387,221.13548278808594,36615400,0.0,0.0
2024-09-06 00:00:00-04:00,222.69668624975694,223.97947540850993,218.5400864277892,219.58421325683594,48423000,0.0,0.0
2024-09-09 00:00:00-04:00,219.58421337102425,220.03169196273555,215.49721390972365,219.6737060546875,67180000,0.0,0.0
2024-09-10 00:00:00-04:00,217.69483113354613,220.2405018848782,215.517084853391,218.878173828125,51591000,0.0,0.0
2024-09-11 00:00:00-04:00,220.22062862304543,221.84149617822106,216.6706004766808,221.41390991210938,44587100,0.0,0.0
2024-09-12 00:00:00-04:00,221.25479170284098,222.29891847364556,218.5897974500539,221.52328491210938,37455600,0.0,0.0
2024-09-13 00:00:00-04:00,222.32873358844014,222.78615069565666,220.66808158488044,221.25477600097656,36766600,0.0,0.0
2024-09-16 00:00:00-04:00,215.32814508742544,216.00434741371936,212.72281255665072,215.10939025878906,59357400,0.0,0.0
2024-09-17 00:00:00-04:00,214.54254826078727,215.68610617984226,213.29954392555678,215.57672119140625,45519300,0.0,0.0
2024-09-18 00:00:00-04:00,216.3324839032867,221.46360959170417,216.32253015734062,219.4549102783203,59894900,0.0,0.0
2024-09-19 00:00:00-04:00,223.7308662842885,228.53383738270648,223.37288038958053,227.58914184570312,66781300,0.0,0.0
2024-09-20 00:00:00-04:00,228.68298057338347,231.78551472560144,226.34612621296694,226.92288208007812,318679900,0.0,0.0
2024-09-23 00:00:00-04:00,226.06770192621624,228.16589404695566,224.54626569168985,225.20257568359375,54146000,0.0,0.0
2024-09-24 00:00:00-04:00,227.37035418692216,228.06644877557946,224.46669778796843,226.09751892089844,43556100,0.0,0.0
2024-09-25 00:00:00-04:00,223.67119056847437,226.0179836305296,222.76629484001745,225.10313415527344,42308700,0.0,0.0
2024-09-26 00:00:00-04:00,226.02793410267134,227.22121534991766,224.14851196557498,226.2467041015625,36636700,0.0,0.0
2024-09-27 00:00:00-04:00,227.1814462394898,228.23551159576573,226.0279344568732,226.5151824951172,34026000,0.0,0.0
2024-09-30 00:00:00-04:00,228.75260351180964,231.696044921875,228.36478670449856,231.696044921875,54541900,0.0,0.0
2024-10-01 00:00:00-04:00,228.2355040411627,228.36476618305377,222.4878528116685,224.94403076171875,63285000,0.0,0.0
2024-10-02 00:00:00-04:00,224.62583039487592,226.09754348610434,221.77189689552054,225.51084899902344,32880600,0.0,0.0
2024-10-03 00:00:00-04:00,223.88001079844628,225.5406628776434,222.0702042586661,224.40704345703125,34044200,0.0,0.0
2024-10-04 00:00:00-04:00,226.6245660168141,226.72401244250622,222.87567550784985,225.53073120117188,37245100,0.0,0.0
2024-10-07 00:00:00-04:00,223.24361256318196,224.42695529805295,220.09135491038006,220.4493408203125,39505400,0.0,0.0
2024-10-08 00:00:00-04:00,223.0447257693685,224.71531649859696,222.00059897690352,224.50650024414062,31855700,0.0,0.0
2024-10-09 00:00:00-04:00,223.96950943919006,228.46421777631028,223.57175408478048,228.25538635253906,33591100,0.0,0.0
2024-10-10 00:00:00-04:00,226.50525089558744,228.21562630222516,225.89866409237993,227.75819396972656,28183500,0.0,0.0
2024-10-11 00:00:00-04:00,228.0167412789572,228.12612627842185,226.0677036085129,226.2765350341797,31759200,0.0,0.0
2024-10-14 00:00:00-04:00,227.4200987868959,230.43314046117197,227.32066753158787,230.00555419921875,39882100,0.0,0.0
2024-10-15 00:00:00-04:00,232.3026279543652,236.1609188169062,231.06956201546166,232.54129028320312,64751400,0.0,0.0
2024-10-16 00:00:00-04:00,230.30386376880503,230.8209426799016,228.55370384388218,230.48284912109375,34082200,0.0,0.0
2024-10-17 00:00:00-04:00,232.12361966628396,232.5412825211578,229.22991678936268,230.8507843017578,32993800,0.0,0.0
2024-10-18 00:00:00-04:00,234.8582339303053,234.8582339303053,232.70037994861724,233.68484497070312,46431500,0.0,0.0
2024-10-21 00:00:00-04:00,233.13791711516282,235.52449481958178,233.13791711516282,235.15655517578125,36254500,0.0,0.0
2024-10-22 00:00:00-04:00,232.58103244918055,234.8979944094582,231.29825861907142,234.54000854492188,38846600,0.0,0.0
2024-10-23 00:00:00-04:00,232.76999409553275,233.82405947286142,226.4853561254601,229.46856689453125,52287000,0.0,0.0
2024-10-24 00:00:00-04:00,228.69292294524882,229.52823345451665,227.131717270346,229.27963256835938,31109500,0.0,0.0
2024-10-25 00:00:00-04:00,228.45427709115,231.91479719738325,228.28523030841902,230.11492919921875,38802300,0.0,0.0
2024-10-28 00:00:00-04:00,232.01424158684446,233.41633904858514,231.24854661133642,232.09378051757812,36087100,0.0,0.0
2024-10-29 00:00:00-04:00,231.7954872619061,233.01859945208068,231.01985366097637,232.36228942871094,35417200,0.0,0.0
2024-10-30 00:00:00-04:00,231.30820323038637,232.1633908639167,228.26533088908346,228.812255859375,47070900,0.0,0.0
2024-10-31 00:00:00-04:00,228.05650301771783,228.5437662121666,224.10871977089283,224.6457061767578,64370100,0.0,0.0
2024-11-01 00:00:00-04:00,219.7333456007168,224.08883784550613,219.03726617591775,221.66249084472656,65276700,0.0,0.0
2024-11-04 00:00:00-05:00,219.75323643771605,221.54315061130296,218.4804011628397,220.76751708984375,44944500,0.0,0.0
2024-11-05 00:00:00-05:00,220.558703156551,222.69666464924057,219.90239319356397,222.199462890625,28111300,0.0,0.0
2024-11-06 00:00:00-05:00,221.36418677402693,224.80482991830564,219.95213547791562,221.47357177734375,54561100,0.0,0.0
2024-11-07 00:00:00-05:00,223.37288331058951,226.6046949785728,223.31322152292373,226.20692443847656,42137700,0.0,0.0
2024-11-08 00:00:00-05:00,226.1471715847569,227.63046836972322,225.39059893200246,225.93812561035156,38328800,0.25,0.0
2024-11-11 00:00:00-05:00,223.98696589218596,224.68381119249955,220.50272420052974,223.22042846679688,42005600,0.0,0.0
2024-11-12 00:00:00-05:00,223.53899499841924,224.5743058460154,222.354350392842,223.22042846679688,40398300,0.0,0.0
2024-11-13 00:00:00-05:00,223.00141185159572,225.62952490733255,221.75703985190805,224.10641479492188,48566200,0.0,0.0
2024-11-14 00:00:00-05:00,224.00686988588794,227.83952645793332,223.98695568104733,227.1924591064453,44923900,0.0,0.0
2024-11-15 00:00:00-05:00,225.38064426033654,225.89830725108274,223.26024476090137,223.98695373535156,47923700,0.0,0.0
2024-11-18 00:00:00-05:00,224.2358449505769,228.70563485331775,224.15620331601912,226.99337768554688,44633700,0.0,0.0
2024-11-19 00:00:00-05:00,225.9580321395358,229.12372228231885,225.63948081886542,227.25218200683594,36211800,0.0,0.0
2024-11-20 00:00:00-05:00,227.03319339435467,228.89476915350485,224.87296529986398,227.96896362304688,35169600,0.0,0.0
2024-11-21 00:00:00-05:00,227.8495144168353,229.12375023514656,224.6937885863231,227.4911346435547,42108300,0.0,0.0
2024-11-22 00:00:00-05:00,227.0331737980822,229.68120098473537,227.0331737980822,228.83502197265625,38168300,0.0,0.0
2024-11-25 00:00:00-05:00,230.41787789282506,232.19981188776785,228.70562083004268,231.82151794433594,90152800,0.0,0.0
2024-11-26 00:00:00-05:00,232.2794717613211,234.50939199708804,232.2794717613211,234.00167846679688,45986200,0.0,0.0
2024-11-27 00:00:00-05:00,233.41431778082386,234.6288260383393,232.75728573526553,233.8722381591797,33498400,0.0,0.0
2024-11-29 00:00:00-05:00,233.75278591990275,236.73927868022366,232.91657159263394,236.26144409179688,28481400,0.0,0.0
2024-12-02 00:00:00-05:00,236.2017296160342,239.70587037671794,236.0922242678823,238.5112762451172,48137100,0.0,0.0
2024-12-03 00:00:00-05:00,238.73028547870095,241.66700046466846,237.82437898500294,241.5574951171875,38861000,0.0,0.0
2024-12-04 00:00:00-05:00,241.7765092325954,243.01093178619982,240.16380790150487,241.91587829589844,44383900,0.0,0.0
2024-12-05 00:00:00-05:00,242.891459337747,243.43897085315564,241.0398332364883,241.9457244873047,40033900,0.0,0.0
2024-12-06 00:00:00-05:00,241.81633519239523,243.5285923470879,240.99007032901886,241.74664306640625,36870600,0.0,0.0
2024-12-09 00:00:00-05:00,240.74117665680967,246.1268220997756,240.66153502923254,245.63902282714844,44649200,0.0,0.0
2024-12-10 00:00:00-05:00,245.7783914922151,247.09245556004478,244.23536723926503,246.65443420410156,36914800,0.0,0.0
2024-12-11 00:00:00-05:00,246.84360125039836,249.67081089954078,245.15124311202538,245.38021850585938,45205800,0.0,0.0
2024-12-12 00:00:00-05:00,245.77840766369866,247.62008434324935,244.57384885559844,246.84359741210938,32777500,0.0,0.0
2024-12-13 00:00:00-05:00,246.70421556592945,248.16758302178013,245.13132757947596,247.0128173828125,33155300,0.0,0.0
2024-12-16 00:00:00-05:00,246.87345818165343,250.2481944775453,246.53497744922532,249.9097137451172,51694800,0.0,0.0
2024-12-17 00:00:00-05:00,248.95404406138837,252.68716009783537,248.655391740455,252.33872985839844,51356400,0.0,0.0
2024-12-18 00:00:00-05:00,251.02467749046986,253.13512753347695,246.62457993830327,246.9331817626953,56774100,0.0,0.0
2024-12-19 00:00:00-05:00,246.38564624934875,250.86538527206417,245.9774886038804,248.6653289794922,60882300,0.0,0.0
2024-12-20 00:00:00-05:00,246.92320588947405,253.8518755287198,244.58379575845774,253.34417724609375,147495300,0.0,0.0
2024-12-23 00:00:00-05:00,253.62293295259332,254.49896052911285,252.30886880268173,254.1206817626953,40858800,0.0,0.0
2024-12-24 00:00:00-05:00,254.3396705835317,257.0474099027653,254.14055892454206,257.0374755859375,23234700,0.0,0.0
2024-12-26 00:00:00-05:00,257.0275101814573,258.9289141129315,256.47003399402934,257.853759765625,27237100,0.0,0.0
2024-12-27 00:00:00-05:00,256.6691137206059,257.5352220874343,251.9206014592013,254.439208984375,42355300,0.0,0.0
2024-12-30 00:00:00-05:00,251.09434735441482,252.35863351915538,249.6210152068174,251.06448364257812,35557500,0.0,0.0
2024-12-31 00:00:00-05:00,251.30342042234355,252.1396347735265,248.30696287880588,249.29251098632812,39480700,0.0,0.0
2025-01-02 00:00:00-05:00,247.80922035937212,247.97846832553566,240.73124671787497,242.75210571289062,55740700,0.0,0.0
2025-01-03 00:00:00-05:00,242.26429748535156,243.08059762167903,240.80091479245596,242.26429748535156,40244100,0.0,0.0
2025-01-06 00:00:00-05:00,243.2100158477468,246.21642284830082,242.10501290585998,243.89691162109375,45045600,0.0,0.0
2025-01-07 00:00:00-05:00,241.88599852058522,244.44443460073458,240.263347789176,241.11947631835938,40856000,0.0,0.0
2025-01-08 00:00:00-05:00,240.83078235887348,242.61273160476242,238.9692066706783,241.60726928710938,37628900,0.0,0.0
2025-01-10 00:00:00-05:00,238.92936055450792,239.07869430046486,231.95092822526084,235.78359985351562,61710900,0.0,0.0
2025-01-13 00:00:00-05:00,232.47855694506205,233.61342361918983,228.68571346021633,233.34463500976562,49630700,0.0,0.0
2025-01-14 00:00:00-05:00,233.69307331230715,235.05690023183175,231.42333988575893,232.2296905517578,39435300,0.0,0.0
2025-01-15 00:00:00-05:00,233.5835582088168,237.88411516800545,233.3744970274307,236.79901123046875,39832000,0.0,0.0
2025-01-16 00:00:00-05:00,236.28136958651152,236.9383864807084,227.0033243432251,227.23228454589844,71759100,0.0,0.0
2025-01-17 00:00:00-05:00,231.07489856287185,231.24413133243607,227.4512878984511,228.9445343017578,68488300,0.0,0.0
2025-01-21 00:00:00-05:00,222.9914505136237,223.40955766052627,218.39225670760806,221.6375732421875,98070400,0.0,0.0
2025-01-22 00:00:00-05:00,218.80040121474653,223.11090745632038,218.80040121474653,222.8222198486328,64126500,0.0,0.0
2025-01-23 00:00:00-05:00,223.72815445577547,226.0078374632505,221.29913768199057,222.65301513671875,60234800,0.0,0.0
2025-01-24 00:00:00-05:00,223.76794215782238,224.614121166801,220.4131202139208,221.77694702148438,54697900,0.0,0.0
2025-01-27 00:00:00-05:00,223.01138591977585,231.10477141655377,222.9715575076631,228.82508850097656,94863400,0.0,0.0
2025-01-28 00:00:00-05:00,229.81063008981926,239.1085741517517,229.77080167884077,237.187255859375,75707600,0.0,0.0
2025-01-29 00:00:00-05:00,233.06587511122757,238.78003635891557,232.95636977614706,238.28228759765625,45486100,0.0,0.0
2025-01-30 00:00:00-05:00,237.59541819689565,239.7058683175974,236.14200015946125,236.52027893066406,55658300,0.0,0.0
2025-01-31 00:00:00-05:00,246.0770438113447,246.0770438113447,232.38895238779278,234.9374237060547,100959800,0.0,0.0
2025-02-03 00:00:00-05:00,228.95449458875606,230.78620649590428,224.6838014511222,226.9833984375,73063300,0.0,0.0
2025-02-04 00:00:00-05:00,226.2268315478868,232.08036234711574,225.62952690670866,231.75184631347656,45067300,0.0,0.0
2025-02-05 00:00:00-05:00,227.50106167329415,231.62242106375825,227.24223776986636,231.42332458496094,39620300,0.0,0.0
2025-02-06 00:00:00-05:00,230.24863411824003,232.74734282564026,229.39250557129796,232.16995239257812,29925300,0.0,0.0
2025-02-07 00:00:00-05:00,231.55275755143822,232.946448173879,226.236788599926,226.60513305664062,39707200,0.0,0.0
2025-02-10 00:00:00-05:00,228.7876615470872,229.80417456619486,226.42572786906877,226.8741912841797,33115600,0.25,0.0
2025-02-11 00:00:00-05:00,227.42233485023965,234.42837673351212,227.3525813044295,231.8272705078125,53718400,0.0,0.0
2025-02-12 00:00:00-05:00,230.41209906543347,236.15247950770552,229.89386689621963,236.06277465820312,45243300,0.0,0.0
2025-02-13 00:00:00-05:00,236.10264318513748,241.514131106333,234.7672133917818,240.70689392089844,53614100,0.0,0.0
2025-02-14 00:00:00-05:00,240.4278591482801,244.71320848741047,240.16875066053348,243.76644897460938,40896200,0.0,0.0
2025-02-18 00:00:00-05:00,243.31796980618805,244.34445851454996,241.01584434943877,243.6368865966797,48822500,0.0,0.0
2025-02-19 00:00:00-05:00,243.8262313730556,245.17162160901916,242.33134319523683,244.03550720214844,32204200,0.0,0.0
2025-02-20 00:00:00-05:00,244.10528213544586,245.93900803040836,243.45748811790233,244.99224853515625,32316900,0.0,0.0
2025-02-21 00:00:00-05:00,245.11182656230832,247.84249441981407,244.38431857946645,244.71319580078125,53197400,0.0,0.0
2025-02-24 00:00:00-05:00,244.0953010258401,248.01191597096326,243.58704451830639,246.25791931152344,51326400,0.0,0.0
2025-02-25 00:00:00-05:00,247.15485528022737,249.14803959700342,244.0753891604379,246.1981201171875,48013300,0.0,0.0
2025-02-26 00:00:00-05:00,243.49736566903925,244.14514449402503,238.3150894487839,239.5408935546875,44433600,0.0,0.0
2025-02-27 00:00:00-05:00,238.5941277716784,241.6337368385667,236.25213016109495,236.49131774902344,41153600,0.0,0.0
2025-02-28 00:00:00-05:00,236.14250368420718,241.26498665715278,229.41550676334808,241.01583862304688,56833400,0.0,0.0
2025-03-03 00:00:00-05:00,240.96600727263495,243.1983791446907,235.30537120652147,237.2188262939453,47184000,0.0,0.0
2025-03-04 00:00:00-05:00,236.89992456399492,239.25188262538288,233.88023638606123,235.1259765625,53798100,0.0,0.0
2025-03-05 00:00:00-05:00,234.61771347352882,235.7438674276595,228.44880585950324,234.93663024902344,47227600,0.0,0.0
2025-03-06 00:00:00-05:00,233.64107919926062,237.0494227188423,232.36544239217005,234.52804565429688,45170400,0.0,0.0
2025-03-07 00:00:00-05:00,234.30878315837532,240.54744460053885,233.95996981993864,238.2552947998047,46273600,0.0,0.0
2025-03-10 00:00:00-04:00,234.73730306532093,235.35520052510583,223.45588808739058,226.70477294921875,72071200,0.0,0.0
2025-03-11 00:00:00-04:00,223.04728218644934,225.0703629938446,216.7089556312574,220.08740234375,76137400,0.0,0.0
2025-03-12 00:00:00-04:00,219.3897895710681,220.99430349899413,214.17761702040198,216.2405548095703,62547500,0.0,0.0
2025-03-13 00:00:00-04:00,215.21406028960521,216.10102664759694,207.70972301630272,208.96542358398438,61368300,0.0,0.0
2025-03-14 00:00:00-04:00,210.53007941159925,213.22087501834247,208.86577244295887,212.762451171875,60107600,0.0,0.0
2025-03-17 00:00:00-04:00,212.58305520506434,214.48654973692538,209.25444129100026,213.2707061767578,48073400,0.0,0.0
2025-03-18 00:00:00-04:00,213.43018643369246,214.4168029665515,210.76928711901598,211.96519470214844,42432400,0.0,0.0
2025-03-19 00:00:00-04:00,213.48995680484757,218.0144781615262,213.0215573102422,214.50648498535156,54385400,0.0,0.0
2025-03-20 00:00:00-04:00,213.2607660976187,216.74883872802718,211.49679368091097,213.37039184570312,48862900,0.0,0.0
2025-03-21 00:00:00-04:00,210.83902892918795,218.09421843072647,210.55998434888178,217.5261688232422,94127800,0.0,0.0
2025-03-24 00:00:00-04:00,220.24685206675267,220.72521201243578,217.8351010318318,219.97776794433594,44299500,0.0,0.0
2025-03-25 00:00:00-04:00,220.0176475207108,223.3363011191594,219.32999652191663,222.98748779296875,34493600,0.0,0.0
2025-03-26 00:00:00-04:00,222.7483031053444,224.25316696482244,219.71866969932233,220.77505493164062,34466100,0.0,0.0
2025-03-27 00:00:00-04:00,220.63554992146092,224.22328797900445,219.8083765580053,223.08717346191406,37094800,0.0,0.0
2025-03-28 00:00:00-04:00,220.91458161653458,223.04728822423488,216.93817343567548,217.1574249267578,39818600,0.0,0.0
2025-03-31 00:00:00-04:00,216.27045427307317,224.8511131847691,215.49311362240712,221.37301635742188,65299300,0.0,0.0
2025-04-01 00:00:00-04:00,219.06091135294477,222.91771798921508,218.15400887457568,222.4293975830078,36412700,0.0,0.0
2025-04-02 00:00:00-04:00,220.56578026164416,224.4225869866718,220.2667995775576,223.12701416015625,35905900,0.0,0.0
2025-04-03 00:00:00-04:00,204.8395255545537,206.78289223919597,200.56415230327434,202.49754333496094,103419000,0.0,0.0
2025-04-04 00:00:00-04:00,193.2292544699453,199.19884701911502,186.70157274086588,187.738037109375,125910900,0.0,0.0
2025-04-07 00:00:00-04:00,176.59612158290105,193.48835506739644,174.02491207450518,180.84161376953125,160466300,0.0,0.0
2025-04-08 00:00:00-04:00,186.06374707733985,189.6913418115003,168.63336050772435,171.83241271972656,120859500,0.0,0.0
2025-04-09 00:00:00-04:00,171.3640242168161,199.92636006312654,171.30423111843703,198.17236328125,184395900,0.0,0.0
2025-04-10 00:00:00-04:00,188.42568213047016,194.11621470149436,182.37636057603893,189.7710723876953,121880000,0.0,0.0
2025-04-11 00:00:00-04:00,185.46580802047046,198.85999394662434,185.42593581806156,197.4747314453125,87435900,0.0,0.0
2025-04-14 00:00:00-04:00,210.7194495182335,212.2143377637297,200.47448329230923,201.82984924316406,101352900,0.0,0.0
2025-04-15 00:00:00-04:00,201.1720815277121,202.81645240683693,199.11910423874315,201.4511260986328,51343900,0.0,0.0
2025-04-16 00:00:00-04:00,197.68401406478426,200.01603598224625,191.71442177543545,193.6079559326172,59732400,0.0,0.0
2025-04-17 00:00:00-04:00,196.5279673080365,198.15241736523095,193.75744237056688,196.3087158203125,52164700,0.0,0.0
2025-04-21 00:00:00-04:00,192.61136524453693,193.13955785695288,189.1631497833642,192.50173950195312,46742500,0.0,0.0
2025-04-22 00:00:00-04:00,195.45165216386687,200.9030125684292,195.3021694205859,199.059326171875,52976400,0.0,0.0
2025-04-23 00:00:00-04:00,205.29797863560773,207.29116289420588,202.10888686320854,203.9027557373047,52929200,0.0,0.0
2025-04-24 00:00:00-04:00,204.1917755069081,208.11835121294007,202.2484237558185,207.659912109375,47311000,0.0,0.0
2025-04-25 00:00:00-04:00,205.66671618569228,209.0352025034097,205.49729734578435,208.56680297851562,38222300,0.0,0.0
2025-04-28 00:00:00-04:00,209.2843516085664,210.77923983434187,206.7530142372406,209.4238739013672,38743100,0.0,0.0
2025-04-29 00:00:00-04:00,207.978817902887,211.51672307140856,207.6599011161091,210.490234375,36827600,0.0,0.0
2025-04-30 00:00:00-04:00,208.58674127234366,212.8521544830753,205.96569903614,211.7758331298828,52286500,0.0,0.0
2025-05-01 00:00:00-04:00,208.3674918385056,213.82881264887993,208.18809734114114,212.59304809570312,57365700,0.0,0.0
2025-05-02 00:00:00-04:00,205.38766067678682,206.2846026840361,201.47106105284274,204.6501922607422,101010600,0.0,0.0
2025-05-05 00:00:00-04:00,202.40787903175757,203.4044712176219,197.5345438511527,198.21221923828125,69018500,0.0,0.0
2025-05-06 00:00:00-04:00,197.5345306234426,199.96620262041338,196.34858356859348,197.83349609375,51216500,0.0,0.0
2025-05-07 00:00:00-04:00,198.49125449640593,198.7603386318323,192.59143085844198,195.58120727539062,68536700,0.0,0.0
2025-05-08 00:00:00-04:00,197.04619801698016,199.3682595147921,194.0165494128041,196.81698608398438,50478900,0.0,0.0
2025-05-09 00:00:00-04:00,198.32183886048443,199.85658408831688,196.86680762308345,197.8534393310547,36453900,0.0,0.0
2025-05-12 00:00:00-04:00,210.52676720097676,210.82613996616402,206.31563192374182,210.34713745117188,63775800,0.26,0.0
2025-05-13 00:00:00-04:00,209.98788789546765,212.95164926547025,208.56089957562318,212.48263549804688,51909300,0.0,0.0
2025-05-14 00:00:00-04:00,211.98367663769176,213.49051386836734,210.13757262915965,211.88389587402344,49325800,0.0,0.0
2025-05-15 00:00:00-04:00,210.506803034962,212.51258988469863,209.0997617101353,211.00575256347656,45029500,0.0,0.0
2025-05-16 00:00:00-04:00,211.9138418912236,212.12340739052024,209.3292870180407,210.81614685058594,54737900,0.0,0.0
2025-05-19 00:00:00-04:00,207.47318710280226,209.0398806327114,203.83084657536088,208.3413543701172,46140500,0.0,0.0
2025-05-20 00:00:00-04:00,207.23369558110693,208.03201787298204,204.5992426766309,206.42539978027344,42496600,0.0,0.0
2025-05-21 00:00:00-04:00,204.73893602091724,206.60500227852873,200.28831500749223,201.6654052734375,59211800,0.0,0.0
2025-05-22 00:00:00-04:00,200.2883071907537,202.32401437172413,199.28041949489233,200.9369354248047,46742400,0.0,0.0
2025-05-23 00:00:00-04:00,193.26311186041877,197.28464391104225,193.05356158182016,194.85975646972656,78432900,0.0,0.0
2025-05-27 00:00:00-04:00,197.88337691051132,200.31825293342968,197.01519441683536,199.78936767578125,56288500,0.0,0.0
2025-05-28 00:00:00-04:00,200.16855762950956,202.30406088976383,199.48000488022652,199.99891662597656,45339700,0.0,0.0
2025-05-29 00:00:00-04:00,203.15228556391767,203.38179807643976,198.09293019267844,199.5299072265625,51396800,0.0,0.0
2025-05-30 00:00:00-04:00,198.95112277889336,201.53569281345096,196.36656797106642,200.4280242919922,70819900,0.0,0.0
2025-06-02 00:00:00-04:00,199.85921507319503,201.70533435611304,199.69954757512772,201.27622985839844,35423300,0.0,0.0
2025-06-03 00:00:00-04:00,200.92696184786135,203.34187550579085,200.53778186221837,202.84292602539062,46381600,0.0,0.0
2025-06-04 00:00:00-04:00,202.48369763994597,205.80670326672896,201.67540185470463,202.39389038085938,43604000,0.0,0.0
2025-06-05 00:00:00-04:00,203.07246156364138,204.3198354061699,199.7294935749724,200.20849609375,55126100,0.0,0.0
2025-06-06 00:00:00-04:00,202.57349663849442,205.26782088834017,201.62549563553227,203.49156188964844,46607700,0.0,0.0
2025-06-09 00:00:00-04:00,203.96058960802065,205.56720771427428,199.59977555964565,201.02676391601562,72862600,0.0,0.0
2025-06-10 00:00:00-04:00,200.1785434107301,203.92066462184746,200.14860765917956,202.2441864013672,54672600,0.0,0.0
2025-06-11 00:00:00-04:00,203.0724503091444,204.07034932786254,197.99314795828434,198.36236572265625,60989900,0.0,0.0
2025-06-12 00:00:00-04:00,198.66173587371065,199.26046614106752,196.94534836583952,198.78147888183594,43904600,0.0,0.0
2025-06-13 00:00:00-04:00,199.3103695725812,199.9490243445518,195.2888376882346,196.03726196289062,51447300,0.0,0.0
2025-06-16 00:00:00-04:00,196.8854859861783,198.27256505925683,196.1470352061455,198.0031280517578,43020700,0.0,0.0
2025-06-17 00:00:00-04:00,196.78567812068002,197.97318035709665,194.79986887227625,195.2289581298828,38856200,0.0,0.0
2025-06-18 00:00:00-04:00,195.52832221137376,197.15490236836843,194.66015499959357,196.16697692871094,45394700,0.0,0.0
2025-06-20 00:00:00-04:00,197.8235020126397,201.27622400422058,196.44639652864126,200.57769775390625,96813500,0.0,0.0
2025-06-23 00:00:00-04:00,201.20639190632414,201.87498244787415,198.54200324907936,201.07666015625,55814300,0.0,0.0
2025-06-24 00:00:00-04:00,202.16436301176623,203.0125832870988,199.77938491343542,199.87918090820312,54064000,0.0,0.0
2025-06-25 00:00:00-04:00,201.0267661369261,203.2421033073339,200.19850807531137,201.13653564453125,39525700,0.0,0.0
2025-06-26 00:00:00-04:00,201.00678701240994,202.2142514946699,199.04094000321476,200.57769775390625,50799100,0.0,0.0
2025-06-27 00:00:00-04:00,201.4658274879402,202.7930349784745,199.57979899649257,200.65753173828125,73188600,0.0,0.0
2025-06-30 00:00:00-04:00,201.58557286233471,206.95427439094752,198.84135059390303,204.7389373779297,91912800,0.0,0.0
2025-07-01 00:00:00-04:00,206.23578409144605,209.74839282792448,205.70689884063935,207.3833770751953,78788900,0.0,0.0
2025-07-02 00:00:00-04:00,208.47108532398713,212.8917706186518,207.7026988246806,211.99366760253906,67941800,0.0,0.0
2025-07-03 00:00:00-04:00,211.70428104663077,214.19902871499423,211.36499901814886,213.10134887695312,34955800,0.0,0.0
2025-07-07 00:00:00-04:00,212.23315593085263,215.77570049162512,208.36131809352125,209.50889587402344,50229000,0.0,0.0
2025-07-08 00:00:00-04:00,209.658593847986,210.98578616820197,208.01205130024096,209.5687713623047,42848900,0.0,0.0
2025-07-09 00:00:00-04:00,209.0897778625777,210.8859991217609,206.78463359109693,210.69639587402344,48749400,0.0,0.0
2025-07-10 00:00:00-04:00,210.06771262581316,213.03147386855414,209.58872537016995,211.96372985839844,44443600,0.0,0.0
2025-07-11 00:00:00-04:00,210.12759762046792,211.68431760849728,209.41908263784933,210.7163543701172,39765800,0.0,0.0
2025-07-14 00:00:00-04:00,209.48893166698292,210.46688365912564,207.10395364435493,208.1816864013672,38840100,0.0,0.0
2025-07-15 00:00:00-04:00,208.7804390594974,211.44482767792792,208.48106630115817,208.67066955566406,42296300,0.0,0.0
2025-07-16 00:00:00-04:00,209.8581806046168,211.95375954691573,208.2016644692293,209.71847534179688,47490500,0.0,0.0
2025-07-17 00:00:00-04:00,210.12759810142074,211.3550095983717,209.14964612579556,209.57875061035156,48068100,0.0,0.0
2025-07-18 00:00:00-04:00,210.42696659875526,211.34503189230253,209.25942654413325,210.73631286621094,48974600,0.0,0.0
2025-07-21 00:00:00-04:00,211.65437808070223,215.3266389893317,211.18536434566,212.0335693359375,51377400,0.0,0.0
2025-07-22 00:00:00-04:00,212.69220709721728,214.49840197701596,211.78411528941558,213.94955444335938,46404100,0.0,0.0
2025-07-23 00:00:00-04:00,214.54829351654996,214.69797228179937,211.9637386583707,213.7000732421875,46989300,0.0,0.0
2025-07-24 00:00:00-04:00,213.45058781785585,215.2368355364858,213.08137006420023,213.31088256835938,46022600,0.0,0.0
2025-07-25 00:00:00-04:00,214.24891808809048,214.7877920897316,212.95164630742312,213.43064880371094,40268800,0.0,0.0
2025-07-28 00:00:00-04:00,213.5803337758995,214.39861831079742,212.61237047326716,213.6002960205078,37858000,0.0,0.0
2025-07-29 00:00:00-04:00,213.73000061776605,214.3586818606333,210.37707459375494,210.8261260986328,51411700,0.0,0.0
2025-07-30 00:00:00-04:00,211.454797150492,211.94377315400357,207.28358653790625,208.6107940673828,45512500,0.0,0.0
2025-07-31 00:00:00-04:00,208.0519764228089,209.39913099136336,206.72476887181696,207.1339111328125,80698400,0.0,0.0
2025-08-01 00:00:00-04:00,210.4269720875647,213.1312852679161,201.07666267114303,201.95481872558594,104434500,0.0,0.0
2025-08-04 00:00:00-04:00,204.0803265791815,207.44325668811337,201.25627047720934,202.9227752685547,75109300,0.0,0.0
2025-08-05 00:00:00-04:00,202.97265486934364,204.90858140720596,201.73526982787092,202.49366760253906,44155100,0.0,0.0
2025-08-06 00:00:00-04:00,205.19798558200998,214.9275012748427,205.15806109322384,212.80197143554688,108483100,0.0,0.0
2025-08-07 00:00:00-04:00,218.42014073215765,220.38600300495352,216.12496995802366,219.56771850585938,90224800,0.0,0.0
2025-08-08 00:00:00-04:00,220.36604479784603,230.5146761138317,218.78936250198095,228.86814880371094,113854000,0.0,0.0
2025-08-11 00:00:00-04:00,227.6992650180531,229.33767612130436,224.54232171734583,226.95997619628906,61806100,0.26,0.0
2025-08-12 00:00:00-04:00,227.78917070894937,230.57647717809445,226.8500938879156,229.42758178710938,55626200,0.0,0.0
2025-08-13 00:00:00-04:00,230.8462285986664,234.77241529044048,230.2068337695816,233.10403442382812,69878500,0.0,0.0
2025-08-14 00:00:00-04:00,233.83332460758467,234.89229562265464,230.6264418350812,232.5545654296875,51916300,0.0,0.0
2025-08-15 00:00:00-04:00,233.77337703316005,234.0531046408583,229.11788646444978,231.36570739746094,56038700,0.0,0.0
2025-08-18 00:00:00-04:00,231.47561022214762,232.89423321308522,229.88715369469057,230.66639709472656,37476200,0.0,0.0
2025-08-19 00:00:00-04:00,231.05601964615855,232.64447617946885,229.1278960385577,230.3367156982422,39402600,0.0,0.0
2025-08-20 00:00:00-04:00,229.75726351111018,230.24679444121838,225.55134937034353,225.79110717773438,42263900,0.0,0.0
2025-08-21 00:00:00-04:00,226.05087353353895,226.30063142153253,223.56327948127884,224.68218994140625,30621200,0.0,0.0
2025-08-22 00:00:00-04:00,225.95095699429655,228.8681272027074,225.1916985271248,227.53941345214844,42477800,0.0,0.0
2025-08-25 00:00:00-04:00,226.26065308481304,229.07792927219558,226.01089520624416,226.94000244140625,30983100,0.0,0.0
2025-08-26 00:00:00-04:00,226.65028173376106,229.26775474756235,224.4724002828088,229.08792114257812,54575100,0.0,0.0
2025-08-27 00:00:00-04:00,228.38860049855515,230.676376013076,228.03893336267103,230.26678466796875,31259500,0.0,0.0
2025-08-28 00:00:00-04:00,230.59647266873003,233.18396075811214,229.11789497993007,232.33477783203125,38074700,0.0,0.0
2025-08-29 00:00:00-04:00,232.28481317583598,233.15398096397084,231.145917853049,231.91517639160156,39418400,0.0,0.0
2025-09-02 00:00:00-04:00,229.02798202980685,230.62643860177437,226.75019132336067,229.49752807617188,44075600,0.0,0.0
2025-09-03 00:00:00-04:00,236.98028515930878,238.6186963224971,234.133039090421,238.2390594482422,66427800,0.0,0.0
2025-09-04 00:00:00-04:00,238.21906152531412,239.66765417218173,236.51072617258424,239.5477752685547,47549400,0.0,0.0
2025-09-05 00:00:00-04:00,239.76756781945676,241.08629675958926,238.25903569310344,239.45787048339844,54870400,0.0,0.0
2025-09-08 00:00:00-04:00,239.06825064349684,239.91741830634814,236.11111057683257,237.64962768554688,48999500,0.0,0.0
2025-09-09 00:00:00-04:00,236.77047435136637,238.5487492683241,233.13400016518182,234.123046875,66313900,0.0,0.0
2025-09-10 00:00:00-04:00,231.96513778704139,232.19491077497392,225.73117543382176,226.5703582763672,83440800,0.0,0.0
2025-09-11 00:00:00-04:00,226.66027725307507,230.22681187017153,226.43048902665416,229.80722045898438,50208600,0.0,0.0
2025-09-12 00:00:00-04:00,228.9980136278554,234.28288383192944,228.79821036620638,233.84332275390625,55824200,0.0,0.0
2025-09-15 00:00:00-04:00,236.77047667310174,237.95932665324483,234.80238330570734,236.47076416015625,42699500,0.0,0.0
2025-09-16 00:00:00-04:00,236.9502954777413,240.98639147239973,236.09114297984144,237.9193572998047,63421100,0.0,0.0
2025-09-17 00:00:00-04:00,238.73857528095925,239.86748583209587,237.4997706474641,238.75856018066406,46508000,0.0,0.0
2025-09-18 00:00:00-04:00,239.737599946219,240.9664044724694,236.4208079152849,237.64962768554688,44249600,0.0,0.0
2025-09-19 00:00:00-04:00,240.99636870073516,246.06146581163878,239.9773675285625,245.26223754882812,163741300,0.0,0.0
2025-09-22 00:00:00-04:00,248.05953649140056,256.3914711896616,247.8797028858207,255.8319854736328,105517400,0.0,0.0
2025-09-23 00:00:00-04:00,255.63220171436936,257.0907792625319,253.33442606621003,254.18359375,60275200,0.0,0.0
2025-09-24 00:00:00-04:00,254.9728287261993,255.4923293909784,250.79686899703333,252.06564331054688,42303700,0.0,0.0
2025-09-25 00:00:00-04:00,252.96477212582877,256.9209435623003,251.466224879955,256.6212158203125,55202100,0.0,0.0
2025-09-26 00:00:00-04:00,253.8539172209246,257.3505275669758,253.5342198150173,255.2126007080078,46076300,0.0,0.0
2025-09-29 00:00:00-04:00,254.31347273152574,254.75304905914027,252.76497075706976,254.18359375,40127700,0.0,0.0
2025-09-30 00:00:00-04:00,254.61318058017173,255.67215158054225,252.8648753735947,254.38340759277344,37704300,0.0,0.0
2025-10-01 00:00:00-04:00,254.7929996074261,258.53938316103813,254.6831055272507,255.20260620117188,48713900,0.0,0.0
2025-10-02 00:00:00-04:00,256.33149581258533,257.9299523535748,253.9038565188199,256.8809814453125,42630200,0.0,0.0
2025-10-03 00:00:00-04:00,254.42336451804394,258.9889308017334,253.70406057825727,257.7701110839844,49155600,0.0,0.0
2025-10-06 00:00:00-04:00,257.7401350456914,258.819106172963,254.80299514816292,256.44140625,44664100,0.0,0.0
2025-10-07 00:00:00-04:00,256.56129542181253,257.15072039039774,255.18262697514498,256.23162841796875,31955800,0.0,0.0
2025-10-08 00:00:00-04:00,256.2715719294531,258.2696351050741,255.8619653198879,257.8100891113281,36496900,0.0,0.0
2025-10-09 00:00:00-04:00,257.5603136690899,257.75013209688524,252.8948383011137,253.79396057128906,38322000,0.0,0.0
2025-10-10 00:00:00-04:00,254.69310389004832,256.13171175032437,243.76369637579657,245.032470703125,61999100,0.0,0.0
2025-10-13 00:00:00-04:00,249.13848619669534,249.44818352992385,245.32217845998096,247.42015075683594,38142900,0.0,0.0
2025-10-14 00:00:00-04:00,246.36117950382103,248.60900042906025,244.46301046499008,247.53004455566406,35478000,0.0,0.0
2025-10-15 00:00:00-04:00,249.24838988167792,251.5761352503302,247.2303418581919,249.09852600097656,33893600,0.0,0.0
2025-10-16 00:00:00-04:00,248.00958596667436,248.79881419551728,244.8926123625184,247.21035766601562,39777000,0.0,0.0
2025-10-17 00:00:00-04:00,247.77980070207627,253.13461023404025,247.03052706557392,252.045654296875,49147000,0.0,0.0
2025-10-20 00:00:00-04:00,255.64218177653177,264.1239650925819,255.3824390623343,261.98602294921875,90483000,0.0,0.0
2025-10-21 00:00:00-04:00,261.6263807259345,265.03308188579996,261.5764108568555,262.5155029296875,46695900,0.0,0.0
2025-10-22 00:00:00-04:00,262.3956210979312,262.5954395959732,255.18261234613632,258.19970703125,45015300,0.0,0.0
2025-10-23 00:00:00-04:00,259.68824995662277,260.36758405794774,257.76012648314656,259.3285827636719,32754900,0.0,0.0
2025-10-24 00:00:00-04:00,260.93706434715574,263.87421967110856,258.9290010880386,262.56549072265625,38253700,0.0,0.0
2025-10-27 00:00:00-04:00,264.6234656652487,268.8593494221352,264.3936774471076,268.5496520996094,44888200,0.0,0.0
2025-10-28 00:00:00-04:00,268.7294713644567,269.6286240979669,267.8902885694659,268.7394714355469,41534800,0.0,0.0
2025-10-29 00:00:00-04:00,269.01920560410514,271.1471476128123,266.85129379808274,269.4388122558594,51086700,0.0,0.0
2025-10-30 00:00:00-04:00,271.72657092903916,273.87451306817263,268.2199910571769,271.13714599609375,69886500,0.0,0.0
2025-10-31 00:00:00-04:00,276.721738255342,277.05143573891627,268.89933466249033,270.108154296875,86167100,0.0,0.0
2025-11-03 00:00:00-05:00,270.15812755648943,270.5877038096653,265.9921525413924,268.7894287109375,50194600,0.0,0.0
2025-11-04 00:00:00-05:00,268.0701070960229,271.22705027239556,267.36080327265466,269.7784729003906,49274800,0.0,0.0
2025-11-05 00:00:00-05:00,268.3498399683747,271.43687417180433,266.67147434431234,269.8783874511719,43683100,0.0,0.0
2025-11-06 00:00:00-05:00,267.6305743388968,273.1352174017799,267.6305743388968,269.50872802734375,51204000,0.0,0.0
2025-11-07 00:00:00-05:00,269.5386899523433,272.02629915101613,266.51162568814635,268.2099914550781,48227400,0.0,0.0
2025-11-10 00:00:00-05:00,268.9599914550781,273.7300109863281,267.4599914550781,269.42999267578125,41312400,0.26,0.0
2025-11-11 00:00:00-05:00,269.80999755859375,275.9100036621094,269.79998779296875,275.25,46208300,0.0,0.0
2025-11-12 00:00:00-05:00,275.0,275.7300109863281,271.70001220703125,273.4700012207031,48398000,0.0,0.0
2025-11-13 00:00:00-05:00,274.1099853515625,276.70001220703125,272.0899963378906,272.95001220703125,49602800,0.0,0.0
2025-11-14 00:00:00-05:00,271.04998779296875,275.9599914550781,269.6000061035156,272.4100036621094,47431300,0.0,0.0
2025-11-17 00:00:00-05:00,268.82000732421875,270.489990234375,265.7300109863281,267.4599914550781,45018300,0.0,0.0
2025-11-18 00:00:00-05:00,269.989990234375,270.7099914550781,265.32000732421875,267.44000244140625,45677300,0.0,0.0
2025-11-19 00:00:00-05:00,265.5299987792969,272.2099914550781,265.5,268.55999755859375,40424500,0.0,0.0
2025-11-20 00:00:00-05:00,270.8299865722656,275.42999267578125,265.9200134277344,266.25,45823600,0.0,0.0
2025-11-21 00:00:00-05:00,265.95001220703125,273.3299865722656,265.6700134277344,271.489990234375,59030800,0.0,0.0
2025-11-24 00:00:00-05:00,270.8999938964844,277.0,270.8999938964844,275.9200134277344,65585800,0.0,0.0
2025-11-25 00:00:00-05:00,275.2699890136719,280.3800048828125,275.25,276.9700012207031,46914200,0.0,0.0
2025-11-26 00:00:00-05:00,276.9599914550781,279.5299987792969,276.6300048828125,277.54998779296875,33431400,0.0,0.0
2025-11-28 00:00:00-05:00,277.260009765625,279.0,275.989990234375,278.8500061035156,20135600,0.0,0.0
2025-12-01 00:00:00-05:00,278.010009765625,283.4200134277344,276.1400146484375,283.1000061035156,46587700,0.0,0.0
2025-12-02 00:00:00-05:00,283.0,287.3999938964844,282.6300048828125,286.19000244140625,53669500,0.0,0.0
2025-12-03 00:00:00-05:00,286.20001220703125,288.6199951171875,283.29998779296875,284.1499938964844,43538700,0.0,0.0
2025-12-04 00:00:00-05:00,284.1000061035156,284.7300109863281,278.5899963378906,280.70001220703125,43989100,0.0,0.0
2025-12-05 00:00:00-05:00,280.5400085449219,281.1400146484375,278.04998779296875,278.7799987792969,47265800,0.0,0.0
2025-12-08 00:00:00-05:00,278.1300048828125,279.6700134277344,276.1499938964844,277.8900146484375,38211800,0.0,0.0
2025-12-09 00:00:00-05:00,278.1600036621094,280.0299987792969,276.9200134277344,277.17999267578125,32193300,0.0,0.0
2025-12-10 00:00:00-05:00,277.75,279.75,276.44000244140625,278.7799987792969,33038300,0.0,0.0
2025-12-11 00:00:00-05:00,279.1000061035156,279.5899963378906,273.80999755859375,278.0299987792969,33248000,0.0,0.0
2025-12-12 00:00:00-05:00,277.8999938964844,279.2200012207031,276.82000732421875,278.2799987792969,39532900,0.0,0.0
2025-12-15 00:00:00-05:00,280.1499938964844,280.1499938964844,272.8399963378906,274.1099853515625,50409100,0.0,0.0
2025-12-16 00:00:00-05:00,272.82000732421875,275.5,271.7900085449219,274.6099853515625,37648600,0.0,0.0
2025-12-17 00:00:00-05:00,275.010009765625,276.1600036621094,271.6400146484375,271.8399963378906,50138700,0.0,0.0
2025-12-18 00:00:00-05:00,273.6099853515625,273.6300048828125,266.95001220703125,272.19000244140625,51630700,0.0,0.0
2025-12-19 00:00:00-05:00,272.1499938964844,274.6000061035156,269.8999938964844,273.6700134277344,144632000,0.0,0.0
2025-12-22 00:00:00-05:00,272.8599853515625,273.8800048828125,270.510009765625,270.9700012207031,36571800,0.0,0.0
2025-12-23 00:00:00-05:00,270.8399963378906,272.5,269.55999755859375,272.3599853515625,29642000,0.0,0.0
2025-12-24 00:00:00-05:00,272.3399963378906,275.42999267578125,272.20001220703125,273.80999755859375,17910600,0.0,0.0
2025-12-26 00:00:00-05:00,274.1600036621094,275.3699951171875,272.8599853515625,273.3999938964844,21455300,0.0,0.0
