Date,Open,High,Low,Close,Volume,Dividends,Stock Splits
2020-12-28 00:00:00-05:00,86.5912450693575,88.67996325193205,86.43790838917894,88.03285217285156,27650000,0.0,0.0
2020-12-29 00:00:00-05:00,88.69138091250761,88.75291246047898,87.0974215338382,87.22892761230469,19726000,0.0,0.0
2020-12-30 00:00:00-05:00,87.58820379818833,87.72516940602775,85.75207866076447,86.16148376464844,21026000,0.0,0.0
2020-12-31 00:00:00-05:00,86.21211520633824,87.21602750872316,86.15355195162485,86.974853515625,21070000,0.0,0.0
2021-01-04 00:00:00-05:00,87.34009136550215,87.46365423127112,84.71691336278822,85.65929412841797,37324000,0.0,0.0
2021-01-05 00:00:00-05:00,85.60766776688526,86.68651421531872,85.20123853878756,86.35005950927734,20360000,0.0,0.0
2021-01-06 00:00:00-05:00,84.37547823924433,86.54459001427169,84.16903787338767,85.49799346923828,46588000,0.0,0.0
2021-01-07 00:00:00-05:00,85.69053939531456,88.22439556368579,85.69053939531456,88.05170440673828,41936000,0.0,0.0
2021-01-08 00:00:00-05:00,88.19164922097684,89.29332585763812,87.40062131631798,89.21739959716797,35484000,0.0,0.0
2021-01-11 00:00:00-05:00,88.18469390854133,88.54993804991724,86.95002711090964,87.15596771240234,34796000,0.0,0.0
2021-01-12 00:00:00-05:00,86.6135656079174,87.73211302288776,85.17543429898133,86.22003936767578,29528000,0.0,0.0
2021-01-13 00:00:00-05:00,85.71834159853628,87.16094827201765,85.71834159853628,86.7073745727539,23432000,0.0,0.0
2021-01-14 00:00:00-05:00,86.78774893221043,87.7147504644655,85.65629851518884,85.89698028564453,29212000,0.0,0.0
2021-01-15 00:00:00-05:00,85.80269009081528,86.72571621304921,84.94368675719375,85.73321533203125,31444000,0.0,0.0
2021-01-19 00:00:00-05:00,86.49646051814078,89.51564826858593,85.99177462608301,88.55441284179688,41660000,0.0,0.0
2021-01-20 00:00:00-05:00,90.63369841737502,94.273699131295,90.29327584791857,93.29856872558594,64152000,0.0,0.0
2021-01-21 00:00:00-05:00,93.9724816453864,95.8795659562927,93.26581533779938,93.50103759765625,58634000,0.0,0.0
2021-01-22 00:00:00-05:00,93.86379288072814,94.50544439835653,93.12140106015978,93.91838073730469,32744000,0.0,0.0
2021-01-25 00:00:00-05:00,94.91982096292158,95.37041878796863,92.26090988552441,94.00373840332031,50586000,0.0,0.0
2021-01-26 00:00:00-05:00,93.59234042721772,95.06918077277226,93.10304122733542,94.6821060180664,31462000,0.0,0.0
2021-01-27 00:00:00-05:00,93.0424981499985,93.31841329790922,89.19010540093252,90.26498413085938,82512000,0.0,0.0
2021-01-28 00:00:00-05:00,90.86346464048778,93.69159105835183,90.86346464048778,91.96514129638672,55278000,0.0,0.0
2021-01-29 00:00:00-05:00,91.01333383693596,91.68426702027512,89.40251113891038,90.68283081054688,44530000,0.0,0.0
2021-02-01 00:00:00-05:00,91.53786168051741,95.0587592331075,91.53786168051741,93.94368743896484,40252000,0.0,0.0
2021-02-02 00:00:00-05:00,94.93916613642043,96.7375742923494,94.60369579708804,95.23641967773438,66332000,0.0,0.0
2021-02-03 00:00:00-05:00,102.50599859407848,104.54112080046828,99.92251415054169,102.1720199584961,97882000,0.0,0.0
2021-02-04 00:00:00-05:00,102.25836545435277,102.68910899646727,100.99193325022927,101.91149139404297,48596000,0.0,0.0
2021-02-05 00:00:00-05:00,102.20576844361045,104.01112806878679,101.7313560988552,103.65829467773438,29866000,0.0,0.0
2021-02-08 00:00:00-05:00,104.21259473058925,104.95697040723631,102.39384015907453,103.44439697265625,28828000,0.0,0.0
2021-02-09 00:00:00-05:00,102.96204375401462,104.13865469002172,102.72384565242261,102.99132537841797,21892000,0.0,0.0
2021-02-10 00:00:00-05:00,103.37590903343886,104.1570097489229,101.84249703303352,103.54165649414062,25102000,0.0,0.0
2021-02-11 00:00:00-05:00,103.76597915086751,103.91484823820412,102.66727833879833,103.6543197631836,20480000,0.0,0.0
2021-02-12 00:00:00-05:00,103.20867899470525,104.18777710286646,102.90099857654532,103.96595764160156,18990000,0.0,0.0
2021-02-16 00:00:00-05:00,103.80320209991204,106.45268581815539,103.80320209991204,104.74359893798828,31004000,0.0,0.0
2021-02-17 00:00:00-05:00,103.9138410552905,105.32617384394167,103.63445788939549,105.13660430908203,20294000,0.0,0.0
2021-02-18 00:00:00-05:00,104.46072238989566,105.30385447020758,103.88159440474723,104.50091552734375,22546000,0.0,0.0
2021-02-19 00:00:00-05:00,104.59918372977481,105.13463539467114,103.39031525447268,103.65729522705078,37938000,0.0,0.0
2021-02-22 00:00:00-05:00,101.9099993387489,103.23647893744953,101.63210028023519,101.9427490234375,29466000,0.0,0.0
2021-02-23 00:00:00-05:00,99.94434439439259,102.84790471803919,98.7652498236748,102.2335433959961,34658000,0.0,0.0
2021-02-24 00:00:00-05:00,100.74082627734853,103.63297538297377,100.61627147183141,103.40916442871094,22608000,0.0,0.0
2021-02-25 00:00:00-05:00,102.02563613624613,103.36898668140547,99.57217340027847,100.0416259765625,41548000,0.0,0.0
2021-02-26 00:00:00-05:00,100.73635761176493,102.0548939056203,99.30021020364278,100.33737182617188,40042000,0.0,0.0
2021-03-01 00:00:00-05:00,101.63209913010583,103.03301325641854,100.95819013474573,102.70697784423828,26060000,0.0,0.0
2021-03-02 00:00:00-05:00,102.46777579992727,103.9515673872358,102.06234608378273,102.44991302490234,25564000,0.0,0.0
2021-03-03 00:00:00-05:00,101.82812222319419,103.02110427360444,98.95234399009125,99.81632232666016,33892000,0.0,0.0
2021-03-04 00:00:00-05:00,99.98801971974596,102.95162763201309,99.51955914782164,100.93387603759766,49216000,0.0,0.0
2021-03-05 00:00:00-05:00,102.28466284780541,104.52026594581169,100.62867233193391,104.06719207763672,53100000,0.0,0.0
2021-03-08 00:00:00-05:00,103.4215726006688,104.89443749241916,99.50764106068317,99.62227630615234,36868000,0.0,0.0
2021-03-09 00:00:00-05:00,101.71894467377746,102.42212772357182,101.01674600755987,101.25296020507812,33920000,0.0,0.0
2021-03-10 00:00:00-05:00,102.2970659351344,102.2970659351344,100.20933995964218,101.0460205078125,27100000,0.0,0.0
2021-03-11 00:00:00-05:00,102.13926584834769,104.77187091897011,102.05142854718905,104.23939514160156,27702000,0.0,0.0
2021-03-12 00:00:00-05:00,103.04195455710017,103.10150219473942,100.85894755075073,101.73135375976562,33818000,0.0,0.0
2021-03-15 00:00:00-04:00,101.48223051757223,101.97897318600187,100.62917885594194,101.9516830444336,26168000,0.0,0.0
2021-03-16 00:00:00-04:00,102.52485435636942,104.89147154660814,102.1923674371934,103.41314697265625,31900000,0.0,0.0
2021-03-17 00:00:00-04:00,102.64791686191691,104.16296639587709,101.4395482280668,103.33026123046875,26382000,0.0,0.0
2021-03-18 00:00:00-04:00,101.64102114164612,102.66181170828624,100.20189786741744,100.30908966064453,31700000,0.0,0.0
2021-03-19 00:00:00-04:00,100.72543991257257,101.08819279011651,99.39548485155339,100.58797454833984,46072000,0.0,0.0
2021-03-22 00:00:00-04:00,100.62124164348486,101.64897601791101,99.9448489322674,100.7730941772461,33536000,0.0,0.0
2021-03-23 00:00:00-04:00,101.23261124865263,102.43155255458386,100.6395958801365,101.30109405517578,28510000,0.0,0.0
2021-03-24 00:00:00-04:00,101.81868694086641,102.6047475271792,100.6892203526668,100.8644027709961,25218000,0.0,0.0
2021-03-25 00:00:00-04:00,100.69170066123667,101.51497849194996,99.05605651294476,100.86092376708984,35616000,0.0,0.0
2021-03-26 00:00:00-04:00,100.82767512282554,101.20482275574092,99.44114815336599,100.47732543945312,27978000,0.0,0.0
2021-03-29 00:00:00-04:00,100.34978722521926,101.6921456617526,99.52055008099022,101.52242279052734,26492000,0.0,0.0
2021-03-30 00:00:00-04:00,101.87921947703718,102.36008322012735,101.04403069724982,101.55615997314453,27312000,0.0,0.0
2021-03-31 00:00:00-04:00,101.94969227085818,103.5307484849651,101.58246421687518,102.35264587402344,42570000,0.0,0.0
2021-04-01 00:00:00-04:00,103.82799880608552,105.98668362413873,103.78730590753311,105.69042205810547,39880000,0.0,0.0
2021-04-05 00:00:00-04:00,106.55240788497983,110.6137241988251,106.45613518164741,110.11598205566406,48510000,0.0,0.0
2021-04-06 00:00:00-04:00,109.7170060552788,110.56460573116816,109.26393216477742,109.63462829589844,35240000,0.0,0.0
2021-04-07 00:00:00-04:00,109.82519791468398,111.3834241955768,109.82519791468398,111.11197662353516,24134000,0.0,0.0
2021-04-08 00:00:00-04:00,112.35110546289924,112.73768803911382,111.30947619166977,111.67769622802734,28664000,0.0,0.0
2021-04-09 00:00:00-04:00,111.43007611188524,112.8458772221366,111.02413902052781,112.68211364746094,26146000,0.0,0.0
2021-04-12 00:00:00-04:00,111.86081020287733,111.99826800652428,110.5556690671648,111.38937377929688,25024000,0.0,0.0
2021-04-13 00:00:00-04:00,111.70549055106234,112.32481171879675,111.31146450496534,111.8761978149414,25682000,0.0,0.0
2021-04-14 00:00:00-04:00,112.52131494179199,112.52131494179199,110.96259662557597,111.2548828125,21002000,0.0,0.0
2021-04-15 00:00:00-04:00,112.24937512425728,113.93910731506152,111.71441568076216,113.40563201904297,29174000,0.0,0.0
2021-04-16 00:00:00-04:00,113.60363801209377,113.85176324145186,112.69450680826098,113.28157043457031,26282000,0.0,0.0
2021-04-19 00:00:00-04:00,112.65778563629343,114.34056652546512,112.65778563629343,113.62944030761719,30290000,0.0,0.0
2021-04-20 00:00:00-04:00,114.01303695375717,114.08797125358618,112.0096802604305,113.0959701538086,22288000,0.0,0.0
2021-04-21 00:00:00-04:00,112.75059219366896,113.14511042002438,111.39929855085491,113.063232421875,23204000,0.0,0.0
2021-04-22 00:00:00-04:00,112.9168285050062,113.58577771200164,111.17598403868455,111.78141021728516,24146000,0.0,0.0
2021-04-23 00:00:00-04:00,112.49998747236313,114.44132071147847,112.2146449476843,114.13414001464844,29066000,0.0,0.0
2021-04-26 00:00:00-04:00,114.36191465854154,115.35491539207553,114.0046137037265,114.63038635253906,32038000,0.0,0.0
2021-04-27 00:00:00-04:00,115.01249127701054,115.05318417666454,113.45078956312143,113.68998718261719,44386000,0.0,0.0
2021-04-28 00:00:00-04:00,118.72791724786315,120.65733919240779,116.77864861756532,117.06746673583984,81106000,0.0,0.0
2021-04-29 00:00:00-04:00,118.56564700649055,119.3065470422006,117.80240903725968,118.7408218383789,41234000,0.0,0.0
2021-04-30 00:00:00-04:00,117.51310274370631,118.19941495111625,116.44815119189317,116.79254913330078,44856000,0.0,0.0
2021-05-03 00:00:00-04:00,117.35878114469558,118.18454274219685,115.89931120316318,116.27546691894531,28242000,0.0,0.0
2021-05-04 00:00:00-04:00,114.81002610533777,115.37773525338912,111.98785142103567,114.47654724121094,44818000,0.0,0.0
2021-05-05 00:00:00-04:00,115.558371229532,115.87447949341325,114.54849975152723,114.87056732177734,26636000,0.0,0.0
2021-05-06 00:00:00-04:00,114.45174020961404,115.9911117553711,113.7922258951969,115.9911117553711,25190000,0.0,0.0
2021-05-07 00:00:00-04:00,117.30815282057624,117.67338940045705,116.42829567342216,116.71463012695312,28898000,0.0,0.0
2021-05-10 00:00:00-04:00,115.5340544612841,115.67598742632394,113.37040211218113,113.72820281982422,30914000,0.0,0.0
2021-05-11 00:00:00-04:00,111.31245758968727,113.15900213602517,110.8583841691217,112.6518325805664,34186000,0.0,0.0
2021-05-12 00:00:00-04:00,110.47478602478672,111.5561162328278,108.85849635134446,109.18750762939453,46376000,0.0,0.0
2021-05-13 00:00:00-04:00,110.47130973397276,111.13231572556356,109.50858260758544,110.61621856689453,33204000,0.0,0.0
2021-05-14 00:00:00-04:00,112.08015480939481,113.37933665290709,111.65635497248752,113.06471252441406,31996000,0.0,0.0
2021-05-17 00:00:00-04:00,112.3297641754445,113.6304377384808,111.92978642061708,113.58776092529297,21598000,0.0,0.0
2021-05-18 00:00:00-04:00,114.2542271454535,114.51873100821115,112.26128204938492,112.27517700195312,22204000,0.0,0.0
2021-05-19 00:00:00-04:00,110.58594292832795,112.89648041648023,110.43756603914663,112.7232894897461,23684000,0.0,0.0
2021-05-20 00:00:00-04:00,113.69099326965062,114.73311478267345,113.31979734819818,114.48251342773438,32352000,0.0,0.0
2021-05-21 00:00:00-04:00,115.00157839071795,115.07502854849963,113.60661602300084,113.84630584716797,40632000,0.0,0.0
2021-05-24 00:00:00-04:00,114.87651898938388,117.3905209078687,114.73111797181262,117.16671752929688,31832000,0.0,0.0
2021-05-25 00:00:00-04:00,117.71060408228924,118.30610310206922,116.86697983991921,117.25753021240234,22440000,0.0,0.0
2021-05-26 00:00:00-04:00,117.43867278904202,118.55375229526585,117.4356969215563,118.12300872802734,21572000,0.0,0.0
2021-05-27 00:00:00-04:00,118.55672483396802,118.55672483396802,116.92952356734123,117.24811553955078,35224000,0.0,0.0
2021-05-28 00:00:00-04:00,117.83069992865224,117.91257792108246,116.76028885976044,116.95878601074219,21482000,0.0,0.0
2021-06-01 00:00:00-04:00,117.83169739325494,118.3909711309442,116.83125322941245,118.16616821289062,23354000,0.0,0.0
2021-06-02 00:00:00-04:00,118.56168261975796,118.78450163427122,116.73597664095516,117.6406478881836,21158000,0.0,0.0
2021-06-03 00:00:00-04:00,116.4069589139595,116.96722459641707,115.60253582286343,116.49876403808594,18696000,0.0,0.0
2021-06-04 00:00:00-04:00,117.57512100646855,119.05196118609965,117.23469092573507,118.781005859375,24458000,0.0,0.0
2021-06-07 00:00:00-04:00,118.57608038074805,119.3239317671164,118.1572478636839,119.2142562866211,24120000,0.0,0.0
2021-06-08 00:00:00-04:00,119.69611425817284,120.06879431068795,118.8410711054014,119.02269744873047,24240000,0.0,0.0
2021-06-09 00:00:00-04:00,119.66733155702187,119.73928242428627,118.94627815938065,119.494140625,17942000,0.0,0.0
2021-06-10 00:00:00-04:00,119.44351508642232,120.88661377093757,119.287694745619,120.84343719482422,25904000,0.0,0.0
2021-06-11 00:00:00-04:00,121.08511637699016,121.17047000516757,120.04100343499866,120.59879302978516,21958000,0.0,0.0
2021-06-14 00:00:00-04:00,120.70102140342084,121.52777490664751,119.99337074452207,121.52728271484375,22098000,0.0,0.0
2021-06-15 00:00:00-04:00,121.5317391337335,121.85479867979801,120.1481955864892,120.50897216796875,21562000,0.0,0.0
2021-06-16 00:00:00-04:00,120.66031764210322,120.97196589201818,118.57408336169361,119.86681365966797,26472000,0.0,0.0
2021-06-17 00:00:00-04:00,119.79238984947777,121.60370111962469,119.59636878457852,120.8305435180664,25842000,0.0,0.0
2021-06-18 00:00:00-04:00,120.45685158183923,120.6910818510485,119.1149929914567,119.21027374267578,46116000,0.0,0.0
2021-06-21 00:00:00-04:00,119.59686719825068,121.08511889610858,118.99937664421553,120.8990249633789,27414000,0.0,0.0
2021-06-22 00:00:00-04:00,120.83699476359857,121.48212191742986,120.15614205708611,121.41313934326172,22390000,0.0,0.0
2021-06-23 00:00:00-04:00,121.17790930527332,122.17239413660434,120.92085647379636,121.2111587524414,19148000,0.0,0.0
2021-06-24 00:00:00-04:00,121.77985701377752,122.13269035567586,121.382862712785,121.58135986328125,21362000,0.0,0.0
2021-06-25 00:00:00-04:00,121.08511970218902,121.71337603387175,120.65338419848014,121.58980560302734,34594000,0.0,0.0
2021-06-28 00:00:00-04:00,121.758521573653,121.86422922179605,120.49507286854836,121.61709594726562,28526000,0.0,0.0
2021-06-29 00:00:00-04:00,121.75059355767355,122.09846715134644,120.77843902634659,121.35557556152344,23108000,0.0,0.0
2021-06-30 00:00:00-04:00,121.07966138959465,121.34019744310686,120.44446136096889,121.1739501953125,24474000,0.0,0.0
2021-07-01 00:00:00-04:00,120.81218116296395,121.66771652938495,120.62013549310655,121.52629089355469,18110000,0.0,0.0
2021-07-02 00:00:00-04:00,122.22649002373326,124.46358492049245,122.13666881147289,124.31818389892578,25982000,0.0,0.0
2021-07-06 00:00:00-04:00,124.70625497523152,125.4799123179405,123.64824707773293,125.24369812011719,26404000,0.0,0.0
2021-07-07 00:00:00-04:00,126.20840260771347,126.32948178151617,125.20696652930476,125.52555847167969,24060000,0.0,0.0
2021-07-08 00:00:00-04:00,123.0959213892183,124.6536477834332,123.09195356628405,124.10628509521484,23790000,0.0,0.0
2021-07-09 00:00:00-04:00,124.08743338198082,124.7916083872216,123.61748109045698,124.57723236083984,18632000,0.0,0.0
2021-07-12 00:00:00-04:00,125.23178767794647,126.11660464739363,124.66903830023149,126.02330780029297,17668000,0.0,0.0
2021-07-13 00:00:00-04:00,126.0858217415927,127.09717735782496,125.72455299411631,126.38655090332031,19240000,0.0,0.0
2021-07-14 00:00:00-04:00,126.99843013494588,128.3566749442319,126.95525355930435,127.27533721923828,23742000,0.0,0.0
2021-07-15 00:00:00-04:00,127.6842504239584,127.73486288138461,125.58113774435483,126.05257415771484,24218000,0.0,0.0
2021-07-16 00:00:00-04:00,126.70564909050017,126.8530340257524,125.20747031972039,126.0178451538086,20424000,0.0,0.0
2021-07-19 00:00:00-04:00,125.14394623897842,125.2585814894931,122.57882443943065,123.64378356933594,27968000,0.0,0.0
2021-07-20 00:00:00-04:00,124.5861538619806,126.09029189296702,123.4179859291458,125.26304626464844,26312000,0.0,0.0
2021-07-21 00:00:00-04:00,125.18761690110053,126.6391510453154,125.0784411915478,126.5925064086914,20746000,0.0,0.0
2021-07-22 00:00:00-04:00,126.88528161966792,127.51948960821602,126.54286761164278,127.45844268798828,14302000,0.0,0.0
2021-07-23 00:00:00-04:00,129.4523951600972,132.3986401311124,128.82712984161756,132.01751708984375,41506000,0.0,0.0
2021-07-26 00:00:00-04:00,132.32866235257328,133.23034251225275,131.3093559344711,133.0298614501953,30572000,0.0,0.0
2021-07-27 00:00:00-04:00,133.2437410108282,133.39112593555546,129.12833653384382,130.91085815429688,54710000,0.0,0.0
2021-07-28 00:00:00-04:00,135.28979281293505,137.2599079039197,134.26305040717065,135.07342529296875,95130000,0.0,0.0
2021-07-29 00:00:00-04:00,135.12899677919694,135.63616633400994,134.52655404007479,134.75929260253906,31716000,0.0,0.0
2021-07-30 00:00:00-04:00,134.02235996691988,134.28983968101215,133.24821049206028,133.71617126464844,25576000,0.0,0.0
2021-08-02 00:00:00-04:00,134.10374439184372,134.32159603083082,132.79066767952273,133.8432159423828,21634000,0.0,0.0
2021-08-03 00:00:00-04:00,134.1216167474908,134.71413996372158,132.31974039561504,134.6129150390625,20762000,0.0,0.0
2021-08-04 00:00:00-04:00,134.33451713154457,134.63227046149845,133.4784819870635,134.11219787597656,19676000,0.0,0.0
2021-08-05 00:00:00-04:00,134.66300394837458,135.32749306187827,133.83475886285106,135.22972106933594,17870000,0.0,0.0
2021-08-06 00:00:00-04:00,135.02181756289275,135.4490854531946,134.19605607043894,134.7205810546875,20488000,0.0,0.0
2021-08-09 00:00:00-04:00,134.92306449777362,136.15525526849018,134.32457443388773,135.8862762451172,17760000,0.0,0.0
2021-08-10 00:00:00-04:00,136.31207396210945,136.7393570510602,135.3419108529695,135.78109741210938,19414000,0.0,0.0
2021-08-11 00:00:00-04:00,136.15276271111506,136.6499975345085,135.2495832758659,135.2570343017578,15352000,0.0,0.0
2021-08-12 00:00:00-04:00,134.95580816135285,136.27038427949398,134.4099447510758,136.16517639160156,16506000,0.0,0.0
2021-08-13 00:00:00-04:00,136.22077428380268,136.8227324935351,136.00540627281836,136.69468688964844,15948000,0.0,0.0
2021-08-16 00:00:00-04:00,136.4936912096848,137.3249198670096,134.2843860879526,137.27230834960938,22384000,0.0,0.0
2021-08-17 00:00:00-04:00,136.71701126967452,137.22864843735246,135.06152034652905,135.6366729736328,21716000,0.0,0.0
2021-08-18 00:00:00-04:00,135.47638678008008,136.0763610262698,134.30672701456993,134.4332733154297,19258000,0.0,0.0
2021-08-19 00:00:00-04:00,133.42736229214302,135.32997885564367,133.2432522758854,134.6625213623047,21782000,0.0,0.0
2021-08-20 00:00:00-04:00,134.9801260855952,136.52247337439283,134.23575039027023,136.39891052246094,31194000,0.0,0.0
2021-08-23 00:00:00-04:00,136.9348797849165,139.81809430193286,136.57559486721578,138.99134826660156,28454000,0.0,0.0
2021-08-24 00:00:00-04:00,139.55705943531208,141.01455306399217,139.28611161205026,140.2021942138672,19268000,0.0,0.0
2021-08-25 00:00:00-04:00,140.56295954298056,141.12322528868177,140.31583381143977,141.0135498046875,15848000,0.0,0.0
2021-08-26 00:00:00-04:00,140.6870101446203,141.34950029059405,140.29695193911797,140.3798370361328,20610000,0.0,0.0
2021-08-27 00:00:00-04:00,140.59025038508423,143.42880397436727,140.43591417092568,142.9241180419922,28780000,0.0,0.0
2021-08-30 00:00:00-04:00,143.3171329571625,144.87586650188038,143.08191071362054,143.50621032714844,24434000,0.0,0.0
2021-08-31 00:00:00-04:00,144.05851869902338,144.08282539771352,143.19901566010742,143.6123809814453,22448000,0.0,0.0
2021-09-01 00:00:00-04:00,143.91262680281687,145.15722071865454,143.7969996028531,144.1265106201172,21936000,0.0,0.0
2021-09-02 00:00:00-04:00,144.12702918117816,144.4282505704674,142.1112538267308,142.21249389648438,32342000,0.0,0.0
2021-09-03 00:00:00-04:00,142.00753585009178,143.07397156605705,141.33262733689926,142.66159057617188,19850000,0.0,0.0
2021-09-07 00:00:00-04:00,142.75587753973872,143.48089873899315,142.5419937114171,143.1985321044922,20124000,0.0,0.0
2021-09-08 00:00:00-04:00,143.01937843726546,143.31711657655697,141.9276214453262,142.61343383789062,18344000,0.0,0.0
2021-09-09 00:00:00-04:00,142.76183791118086,143.22831458600484,142.10381533079317,142.46458435058594,15314000,0.0,0.0
2021-09-10 00:00:00-04:00,143.13104663141073,143.6332640184045,139.68261445337464,139.819580078125,36840000,0.0,0.0
2021-09-13 00:00:00-04:00,140.8850133140272,141.87801407207704,140.19076541104684,141.26515197753906,22094000,0.0,0.0
2021-09-14 00:00:00-04:00,141.92317737522325,142.2879293728358,140.6870186953344,141.47555541992188,19674000,0.0,0.0
2021-09-15 00:00:00-04:00,141.70084898830657,143.3672589310745,140.28753163392904,143.34642028808594,27408000,0.0,0.0
2021-09-16 00:00:00-04:00,142.8710275521027,143.21790922466803,141.3336473735186,142.5330810546875,26190000,0.0,0.0
2021-09-17 00:00:00-04:00,141.95789782730313,142.3742466109802,139.41659826215943,139.74412536621094,53384000,0.0,0.0
2021-09-20 00:00:00-04:00,137.12541555299168,137.95762854767855,135.29971724995474,137.67922973632812,46518000,0.0,0.0
2021-09-21 00:00:00-04:00,138.70150564295537,138.961549489437,137.24104391217074,137.99038696289062,25332000,0.0,0.0
2021-09-22 00:00:00-04:00,138.25935937751655,139.83048106126535,137.51249995610252,139.23150634765625,25056000,0.0,0.0
2021-09-23 00:00:00-04:00,139.9302261163697,140.63390890331934,139.34862203265052,140.15701293945312,20952000,0.0,0.0
2021-09-24 00:00:00-04:00,139.4846026662083,141.26317188611173,139.18933300671583,141.14852905273438,22984000,0.0,0.0
2021-09-27 00:00:00-04:00,139.74860330168596,140.87410203574274,139.01713059177794,140.01409912109375,21882000,0.0,0.0
2021-09-28 00:00:00-04:00,137.6151978525683,138.05338477701864,134.3449095186798,134.81138610839844,45772000,0.0,0.0
2021-09-29 00:00:00-04:00,135.952776944704,136.1224998181307,132.86114615387476,133.34597778320312,30848000,0.0,0.0
2021-09-30 00:00:00-04:00,133.25467295688009,134.5260573598816,132.5544581975898,132.67355346679688,37996000,0.0,0.0
2021-10-01 00:00:00-04:00,133.4392677350906,135.88381020641216,133.06757963803923,135.51905822753906,35360000,0.0,0.0
2021-10-04 00:00:00-04:00,134.94092038251742,134.94092038251742,130.06725246602704,132.6571807861328,51202000,0.0,0.0
2021-10-05 00:00:00-04:00,133.03582852986017,136.195457682752,133.03582852986017,135.00296020507812,32404000,0.0,0.0
2021-10-06 00:00:00-04:00,133.7395237181464,136.71702702912552,133.54102652628745,136.53341674804688,24364000,0.0,0.0
2021-10-07 00:00:00-04:00,137.850443401675,138.99182860687787,137.61125333266637,138.1809539794922,25110000,0.0,0.0
2021-10-08 00:00:00-04:00,138.53031118041213,139.2786547710328,138.17350997032952,138.7372589111328,26526000,0.0,0.0
2021-10-11 00:00:00-04:00,138.2474552462398,139.6568048342749,137.81768850604507,137.87228393554688,17954000,0.0,0.0
2021-10-12 00:00:00-04:00,138.43404261228585,138.46084813693733,134.74193748410298,135.42578125,36332000,0.0,0.0
2021-10-13 00:00:00-04:00,136.37210417426144,136.96512710925458,135.49523045857015,136.55026245117188,19654000,0.0,0.0
2021-10-14 00:00:00-04:00,138.4280577151178,140.27757789553945,137.78392262648904,140.0924835205078,31894000,0.0,0.0
2021-10-15 00:00:00-04:00,140.55253377590688,140.65525799212097,139.69948208035825,140.30787658691406,30274000,0.0,0.0
2021-10-18 00:00:00-04:00,140.01857311030093,141.72517625679853,140.0116218475846,141.70730590820312,20396000,0.0,0.0
2021-10-19 00:00:00-04:00,142.3122259032988,142.5851727491795,141.5306404974809,142.16285705566406,20164000,0.0,0.0
2021-10-20 00:00:00-04:00,142.26312132210597,142.46956930655435,140.31632833847547,140.7058868408203,23288000,0.0,0.0
2021-10-21 00:00:00-04:00,140.70586399440023,141.08997046295738,139.44638307898973,140.82199096679688,26292000,0.0,0.0
2021-10-22 00:00:00-04:00,138.10651842470995,139.528771131412,135.0357259164038,136.53489685058594,50588000,0.0,0.0
2021-10-25 00:00:00-04:00,136.51849946532073,136.9651218337323,134.40843556139117,136.41627502441406,34412000,0.0,0.0
2021-10-26 00:00:00-04:00,138.21916373627255,139.0325068979377,137.267355663292,138.26382446289062,49236000,0.0,0.0
2021-10-27 00:00:00-04:00,138.35957512544428,147.53524032864095,138.35957512544428,145.12098693847656,85782000,0.0,0.0
2021-10-28 00:00:00-04:00,146.03111595714554,146.054438272218,143.54241291786687,144.7552490234375,36206000,0.0,0.0
2021-10-29 00:00:00-04:00,143.99004609130722,147.13032034071645,143.5647621281139,146.935791015625,43320000,0.0,0.0
2021-11-01 00:00:00-04:00,146.93581200680188,146.93581200680188,142.15145003137462,142.42091369628906,46924000,0.0,0.0
2021-11-02 00:00:00-04:00,143.49528827408025,145.50956421119818,143.25311477300548,144.34188842773438,33482000,0.0,0.0
2021-11-03 00:00:00-04:00,144.8063629552917,145.56910867772,143.50668907158123,145.49864196777344,27494000,0.0,0.0
2021-11-04 00:00:00-04:00,146.02122084805265,148.61066487504297,145.2108459013661,147.15565490722656,38412000,0.0,0.0
2021-11-05 00:00:00-04:00,148.05087231856265,149.20019319950708,147.08567660753985,147.7357635498047,38354000,0.0,0.0
2021-11-08 00:00:00-05:00,148.70144323665562,149.48552742281953,147.31740001470018,147.9134063720703,23052000,0.0,0.0
2021-11-09 00:00:00-05:00,148.1139135667592,148.71090441297886,146.14081490134637,147.80177307128906,19530000,0.0,0.0
2021-11-10 00:00:00-05:00,146.39386678096102,146.95959950154307,143.4535892431892,144.79940795898438,29970000,0.0,0.0
2021-11-11 00:00:00-05:00,145.39100162951678,146.4291630597735,144.50866058052236,144.6734161376953,16518000,0.0,0.0
2021-11-12 00:00:00-05:00,145.51603116453387,147.7337869920276,144.32056534887636,147.5630645751953,22360000,0.0,0.0
2021-11-15 00:00:00-05:00,147.78388336285937,148.42801853120432,146.46832288502367,147.3387451171875,23508000,0.0,0.0
2021-11-16 00:00:00-05:00,147.03852213551875,147.64691660374896,146.20779328379493,146.76707458496094,18904000,0.0,0.0
2021-11-17 00:00:00-05:00,146.91739782821745,147.44540591338696,146.13581259180512,146.93675231933594,19594000,0.0,0.0
2021-11-18 00:00:00-05:00,147.12984991928903,149.45131443161824,146.77553236401465,148.71487426757812,35608000,0.0,0.0
2021-11-19 00:00:00-05:00,148.850821889898,149.83440281847206,147.78240224110786,147.8096923828125,33682000,0.0,0.0
2021-11-22 00:00:00-05:00,148.212671845966,148.7059389463895,145.05155832763393,145.20489501953125,30594000,0.0,0.0
2021-11-23 00:00:00-05:00,145.05698650074015,145.56018822180644,143.03427520363064,144.6887664794922,27218000,0.0,0.0
2021-11-24 00:00:00-05:00,144.38257946964197,145.1527611600918,143.29033776996786,145.02423095703125,18040000,0.0,0.0
2021-11-26 00:00:00-05:00,143.2660178960678,143.47345022970194,140.7788138039504,141.11676025390625,30470000,0.0,0.0
2021-11-29 00:00:00-05:00,142.92013818734432,145.2004097478787,142.81443053508832,144.4391632080078,32596000,0.0,0.0
2021-11-30 00:00:00-05:00,143.9210829537651,144.90514856073972,140.53963428895196,140.8334197998047,42068000,0.0,0.0
2021-12-01 00:00:00-05:00,142.92013447496637,144.8560080310681,139.85529413547832,139.99374389648438,34020000,0.0,0.0
2021-12-02 00:00:00-05:00,140.19077047992297,142.7856663611963,139.1630285152738,141.89390563964844,29194000,0.0,0.0
2021-12-03 00:00:00-05:00,142.60352464934857,143.31712699642003,139.24886668872693,140.93661499023438,41230000,0.0,0.0
2021-12-06 00:00:00-05:00,141.9678386286235,142.77374594125564,139.0990115301262,142.08148193359375,30618000,0.0,0.0
2021-12-07 00:00:00-05:00,144.50465719357044,146.4246594362263,144.13842108192705,146.1651153564453,32240000,0.0,0.0
2021-12-08 00:00:00-05:00,146.48965394073545,147.2801896212736,145.30809084120318,147.07522583007812,24270000,0.0,0.0
2021-12-09 00:00:00-05:00,146.48421241020347,147.98189902251838,146.01178401342344,146.53135681152344,23270000,0.0,0.0
2021-12-10 00:00:00-05:00,147.58488027246938,147.86029563658596,145.60384630237746,146.89161682128906,24458000,0.0,0.0
2021-12-13 00:00:00-05:00,146.67326661525007,146.86036006274796,144.42625220003177,144.73294067382812,27070000,0.0,0.0
2021-12-14 00:00:00-05:00,142.88836698093175,143.39652088196925,140.15600616019245,142.82781982421875,38446000,0.0,0.0
2021-12-15 00:00:00-05:00,142.33355877435457,145.62071825548696,140.61553692266676,145.3428192138672,36370000,0.0,0.0
2021-12-16 00:00:00-05:00,146.06685680328061,146.56955875627122,142.53007278515918,143.36180114746094,33650000,0.0,0.0
2021-12-17 00:00:00-05:00,141.43138309383306,142.75587874027252,140.24038500191537,140.66220092773438,50416000,0.0,0.0
2021-12-20 00:00:00-05:00,138.95013079239632,140.7113292733153,138.27622180996892,140.54507446289062,27192000,0.0,0.0
2021-12-21 00:00:00-05:00,140.988241195714,142.7901327368822,139.4488771998358,142.3966064453125,28756000,0.0,0.0
2021-12-22 00:00:00-05:00,141.9946312572679,145.4013858438992,141.9946312572679,145.3170166015625,26322000,0.0,0.0
2021-12-23 00:00:00-05:00,145.40139302599,147.1318182358359,145.3537488598615,145.8147735595703,26384000,0.0,0.0
2021-12-27 00:00:00-05:00,146.15172864562504,147.23156722380827,146.06587524675373,146.79734802246094,15976000,0.0,0.0
2021-12-28 00:00:00-05:00,147.12435498406532,147.18688605386762,144.95922615738593,145.58697509765625,18200000,0.0,0.0
2021-12-29 00:00:00-05:00,145.54480223641073,146.31151586245565,144.5552847534047,145.5552215576172,17788000,0.0,0.0
2021-12-30 00:00:00-05:00,145.59392492050907,146.19538324277852,144.89967709451196,145.1041259765625,15688000,0.0,0.0
2021-12-31 00:00:00-05:00,144.95477660937993,145.59841206525712,143.76576232910156,143.76576232910156,18136000,0.0,0.0
2022-01-03 00:00:00-05:00,143.96722101651818,144.75725699875156,142.6352894390565,143.90420532226562,28646000,0.0,0.0
2022-01-04 00:00:00-05:00,144.30566816404834,145.38650621065128,142.6387735560891,143.316650390625,28400000,0.0,0.0
2022-01-05 00:00:00-05:00,143.33697877967595,143.41588090539815,136.65546802283728,136.74180603027344,54618000,0.0,0.0
2022-01-06 00:00:00-05:00,135.97114712472833,138.89058651246134,135.5344442800259,136.7145233154297,37348000,0.0,0.0
2022-01-07 00:00:00-05:00,137.10954897347992,137.41028576271114,134.7483911122128,135.98951721191406,29760000,0.0,0.0
2022-01-10 00:00:00-05:00,134.06504915322984,137.7784923866588,132.1659006036538,137.62960815429688,44408000,0.0,0.0
2022-01-11 00:00:00-05:00,136.97210248313013,139.1645370402757,135.66746088310236,138.68812561035156,28730000,0.0,0.0
2022-01-12 00:00:00-05:00,140.09147428558907,141.53854812763845,139.6394000091844,140.369873046875,26108000,0.0,0.0
2022-01-13 00:00:00-05:00,140.47857244926956,141.77876136551572,137.37105536435357,137.5477294921875,31436000,0.0,0.0
2022-01-14 00:00:00-05:00,136.05102908212427,139.68656954146815,135.97114257121223,138.4345245361328,29662000,0.0,0.0
2022-01-18 00:00:00-05:00,135.15380874741192,136.10313304122235,134.42283585614052,134.97813415527344,34872000,0.0,0.0
2022-01-19 00:00:00-05:00,135.49970276827796,136.92493874451395,134.00301568869605,134.10325622558594,28648000,0.0,0.0
2022-01-20 00:00:00-05:00,135.22827003905482,136.59395853080127,131.96740064347765,132.30783081054688,29908000,0.0,0.0
2022-01-21 00:00:00-05:00,131.59918447816986,133.85413470989914,129.11098076605415,129.37399291992188,55652000,0.0,0.0
2022-01-24 00:00:00-05:00,125.03329091598978,130.21911482681233,123.56637755178818,129.82310485839844,76622000,0.0,0.0
2022-01-25 00:00:00-05:00,127.77456517516126,128.4286198444803,125.55185757799042,125.98309326171875,46960000,0.0,0.0
2022-01-26 00:00:00-05:00,130.13574398925348,132.0026351291837,126.18856248123481,128.26388549804688,49130000,0.0,0.0
2022-01-27 00:00:00-05:00,130.31933794967972,131.6577209195891,127.96561639041133,128.03758239746094,31950000,0.0,0.0
2022-01-28 00:00:00-05:00,128.68668292409265,132.3564650399575,127.52149075583363,132.3509979248047,34362000,0.0,0.0
2022-01-31 00:00:00-05:00,133.15591425848223,134.45708760059057,131.21805677014638,134.28884887695312,39986000,0.0,0.0
2022-02-01 00:00:00-05:00,136.56267283391475,136.75968585207823,133.36086675449982,136.61180114746094,68644000,0.0,0.0
2022-02-02 00:00:00-05:00,150.11578031488366,150.41005044814193,144.43123734697568,146.89015197753906,123200000,0.0,0.0
2022-02-03 00:00:00-05:00,144.61286316505112,148.55259367465578,141.5956515737135,142.0169677734375,71518000,0.0,0.0
2022-02-04 00:00:00-05:00,142.36879793327233,143.78856670322708,139.46126220909318,142.2184295654297,57998000,0.0,0.0
2022-02-07 00:00:00-05:00,143.1682843478948,143.1682843478948,137.85839738019223,138.1571502685547,54974000,0.0,0.0
2022-02-08 00:00:00-05:00,137.98393352600814,138.95012868811895,135.98652845498887,138.3536376953125,54284000,0.0,0.0
2022-02-09 00:00:00-05:00,139.90641595810757,141.45571462604343,139.13573444735914,140.5301971435547,40144000,0.0,0.0
2022-02-10 00:00:00-05:00,138.65586088469732,140.42349572216153,136.92245230630547,137.58047485351562,39330000,0.0,0.0
2022-02-11 00:00:00-05:00,137.5606404788322,138.11295539537267,132.39962332012644,133.2755126953125,39958000,0.0,0.0
2022-02-14 00:00:00-05:00,132.25720762086638,135.27788715232825,132.25720762086638,134.5096893310547,34302000,0.0,0.0
2022-02-15 00:00:00-05:00,136.5388523034239,137.07282740423187,134.80297510881232,135.58407592773438,26680000,0.0,0.0
2022-02-16 00:00:00-05:00,135.62178690030257,137.05049099274288,133.9122003011313,136.70510864257812,25022000,0.0,0.0
2022-02-17 00:00:00-05:00,135.22129248130244,136.08526315724788,131.48502706977027,131.54507446289062,38950000,0.0,0.0
2022-02-18 00:00:00-05:00,132.46612837230094,133.06461847926178,129.2201611900481,129.42510986328125,45620000,0.0,0.0
2022-02-22 00:00:00-05:00,128.86433355708314,131.18926578040976,127.2619388627428,128.84002685546875,44990000,0.0,0.0
2022-02-23 00:00:00-05:00,130.66126945013715,131.0607474771788,126.57117055426758,126.63121795654297,32786000,0.0,0.0
2022-02-24 00:00:00-05:00,124.01645216954687,132.00261130443673,124.01645216954687,131.6959228515625,54456000,0.0,0.0
2022-02-25 00:00:00-05:00,132.55049129326056,134.25709440677767,130.76348675698117,133.45118713378906,36406000,0.0,0.0
2022-02-28 00:00:00-05:00,132.05225159221422,134.73348521833475,131.5981781769132,134.04420471191406,38864000,0.0,0.0
2022-03-01 00:00:00-05:00,133.8670269115429,135.23369956009327,132.21948692768655,133.05615234375,26496000,0.0,0.0
2022-03-02 00:00:00-05:00,133.6184269882909,134.24815989047295,132.07359595195584,133.56234741210938,23520000,0.0,0.0
2022-03-03 00:00:00-05:00,134.99004795968622,135.41633147676816,132.02793179963612,132.8953857421875,24604000,0.0,0.0
2022-03-04 00:00:00-05:00,131.93066729654552,132.84773411932804,129.36007848583986,130.9173126220703,30430000,0.0,0.0
2022-03-07 00:00:00-05:00,130.50198245823393,130.74712427696102,125.34791623067036,125.43079376220703,45112000,0.0,0.0
2022-03-08 00:00:00-05:00,125.3032523689752,130.26575741329103,124.7320675537548,126.1513442993164,40428000,0.0,0.0
2022-03-09 00:00:00-05:00,130.26575405375206,132.73261936692816,128.92637143258065,132.4194793701172,37026000,0.0,0.0
2022-03-10 00:00:00-05:00,130.28164376257828,132.27259751382948,129.9307942927176,131.43641662597656,27102000,0.0,0.0
2022-03-11 00:00:00-05:00,132.48747149297876,132.79217610039157,128.65940026907458,128.8966064453125,31526000,0.0,0.0
2022-03-14 00:00:00-04:00,129.27325019146025,129.43105445194786,124.33555942411138,125.00648498535156,38812000,0.0,0.0
2022-03-15 00:00:00-04:00,126.02378891344858,128.8807121292498,124.77770327867377,128.2291259765625,30920000,0.0,0.0
2022-03-16 00:00:00-04:00,129.75262441968042,132.33311772405185,127.76910672795162,132.28102111816406,35576000,0.0,0.0
2022-03-17 00:00:00-04:00,132.15049913160888,133.0750169543275,131.19372381937578,132.8353271484375,28264000,0.0,0.0
2022-03-18 00:00:00-04:00,132.42395646417637,135.22231694319765,131.26669987114136,135.10470581054688,44566000,0.0,0.0
2022-03-21 00:00:00-04:00,135.14241839412708,136.02227568775655,133.08694951089777,135.0808868408203,26832000,0.0,0.0
2022-03-22 00:00:00-04:00,135.08087260988333,139.99226524903366,135.08087260988333,138.81912231445312,35496000,0.0,0.0
2022-03-23 00:00:00-04:00,137.66237103767637,138.5417285094916,136.80138367889504,137.2385711669922,25154000,0.0,0.0
2022-03-24 00:00:00-04:00,138.1561240851599,140.5569900941861,136.7175005538764,140.51034545898438,26396000,0.0,0.0
2022-03-25 00:00:00-04:00,140.8517544009212,140.9698652761117,138.68959391227574,140.61058044433594,24126000,0.0,0.0
2022-03-28 00:00:00-04:00,139.84385328996575,140.93759411438737,138.7630154602743,140.3946990966797,35050000,0.0,0.0
2022-03-29 00:00:00-04:00,141.5778077356635,142.71521012259907,140.97336584085934,141.43685913085938,34318000,0.0,0.0
2022-03-30 00:00:00-04:00,141.39168860096095,141.6502331537412,140.53813719870882,140.8740997314453,19884000,0.0,0.0
2022-03-31 00:00:00-04:00,140.9877281817403,141.04232360786241,137.98195087256153,138.02462768554688,37524000,0.0,0.0
2022-04-01 00:00:00-04:00,138.4538680484704,139.41757946432682,137.27030594315084,139.0994873046875,25942000,0.0,0.0
2022-04-04 00:00:00-04:00,139.3059565218583,142.63430898174366,139.2583123546928,141.89935302734375,25942000,0.0,0.0
2022-04-05 00:00:00-04:00,141.79761431614833,141.91819372538492,139.32976482705615,139.5366973876953,21418000,0.0,0.0
2022-04-06 00:00:00-04:00,137.70951570655762,138.31544169493338,134.50075823179935,135.52403259277344,32468000,0.0,0.0
2022-04-07 00:00:00-04:00,134.9900557399391,136.13590856530524,133.22092149350598,134.86947631835938,26234000,0.0,0.0
2022-04-08 00:00:00-04:00,134.56675141890017,134.65260481245758,131.96838763466556,132.28797912597656,25142000,0.0,0.0
2022-04-11 00:00:00-04:00,130.83495535168646,131.10193533045702,127.70361595123991,127.85745239257812,36884000,0.0,0.0
2022-04-12 00:00:00-04:00,130.61313547778892,130.61313547778892,125.83820864259683,126.75676727294922,32710000,0.0,0.0
2022-04-13 00:00:00-04:00,127.04011273465291,129.35660942683415,126.78305234113374,128.91990661621094,27928000,0.0,0.0
2022-04-14 00:00:00-04:00,129.50104202641265,129.50104202641265,125.65161743574774,125.77965545654297,31598000,0.0,0.0
2022-04-18 00:00:00-04:00,126.04761463139059,127.2510159180597,125.2357481055493,126.71903991699219,20808000,0.0,0.0
2022-04-19 00:00:00-04:00,126.73393183820416,129.35561786649717,126.04711985372514,129.0340576171875,26490000,0.0,0.0
2022-04-20 00:00:00-04:00,129.91042868655606,130.41363040865102,126.54386726306718,127.0798110961914,31696000,0.0,0.0
2022-04-21 00:00:00-04:00,128.28074070309174,129.12287322992793,123.59265963521985,123.87850189208984,36446000,0.0,0.0
2022-04-22 00:00:00-04:00,124.06262339881272,124.46160921970547,118.03318293050306,118.73834991455078,56884000,0.0,0.0
2022-04-25 00:00:00-04:00,118.20785607828329,122.35303480833002,117.62228414008575,122.15106201171875,46128000,0.0,0.0
2022-04-26 00:00:00-04:00,121.37740906871237,121.59129290122091,117.62228107667312,117.76023864746094,73054000,0.0,0.0
2022-04-27 00:00:00-04:00,113.6110762978176,116.3627840575596,111.89107816216398,113.43739318847656,91820000,0.0,0.0
2022-04-28 00:00:00-04:00,115.54199599993349,118.75223733155552,113.2592408453906,117.6336898803711,48884000,0.0,0.0
2022-04-29 00:00:00-04:00,115.85909917190497,117.03571013783196,112.96099821693325,113.2537841796875,42676000,0.0,0.0
2022-05-02 00:00:00-04:00,112.55456335153875,115.87001248679226,111.75559982416154,115.70873260498047,35534000,0.0,0.0
2022-05-03 00:00:00-04:00,115.55738116745341,117.55380196982412,115.16435465778821,116.45410919189453,24968000,0.0,0.0
2022-05-04 00:00:00-04:00,116.15387837554545,121.93320955294836,114.25273835602403,121.34416198730469,49916000,0.0,0.0
2022-05-05 00:00:00-04:00,119.30258703193357,120.13132441982566,114.14306924777586,115.63182067871094,45840000,0.0,0.0
2022-05-06 00:00:00-04:00,114.32072750015296,116.68982830154226,113.16049515980836,114.87850952148438,39710000,0.0,0.0
2022-05-09 00:00:00-04:00,112.40073109237771,114.21403375682236,111.16060468534064,111.66727447509766,40802000,0.0,0.0
2022-05-10 00:00:00-04:00,114.64129249603656,115.37822468562551,112.05384051914055,113.5371322631836,39900000,0.0,0.0
2022-05-11 00:00:00-04:00,112.3873271847055,115.49186823856594,112.3873271847055,112.75057983398438,37534000,0.0,0.0
2022-05-12 00:00:00-04:00,110.54227785783269,113.43789516198555,109.00092247698522,111.9977798461914,53836000,0.0,0.0
2022-05-13 00:00:00-04:00,113.67412225407753,116.99106367864353,112.75308743960576,115.18024444580078,35038000,0.0,0.0
2022-05-16 00:00:00-04:00,114.09343122897408,115.29882395655737,113.03543099853194,113.58676147460938,25990000,0.0,0.0
2022-05-17 00:00:00-04:00,115.96430800340062,116.02336344596293,114.00858771379083,115.59956359863281,23054000,0.0,0.0
2022-05-18 00:00:00-04:00,114.13760728159772,114.53460916918733,110.71893406247878,111.06035614013672,35126000,0.0,0.0
2022-05-19 00:00:00-04:00,110.59587399910443,112.16253561354502,109.17510560363476,109.55622863769531,34144000,0.0,0.0
2022-05-20 00:00:00-04:00,111.11146523229964,111.34222744755039,105.00312313802856,108.0912857055664,48962000,0.0,0.0
2022-05-23 00:00:00-04:00,108.76569397448277,111.30649385728398,107.92553778216092,110.65193939208984,37184000,0.0,0.0
2022-05-24 00:00:00-04:00,104.97881024305309,105.66016266842033,101.12045838122785,105.17532348632812,76780000,0.0,0.0
2022-05-25 00:00:00-04:00,104.19820028544912,105.70134635864694,103.0776689447451,105.01155853271484,40258000,0.0,0.0
2022-05-26 00:00:00-04:00,104.88453171553539,107.8347370455075,104.43591780377673,106.98416900634766,37948000,0.0,0.0
2022-05-27 00:00:00-04:00,108.66198041267312,111.47571962495518,108.32005857394647,111.47422790527344,37914000,0.0,0.0
2022-05-31 00:00:00-04:00,111.90099462545551,114.86708588395105,111.23800478802814,112.90888214111328,50012000,0.0,0.0
2022-06-01 00:00:00-04:00,113.99370154703936,116.22335308466774,112.40073416812857,113.03791809082031,36606000,0.0,0.0
2022-06-02 00:00:00-04:00,113.14510810652334,117.01536355537438,112.09951102289412,116.74044036865234,37992000,0.0,0.0
2022-06-03 00:00:00-04:00,115.19212699520513,115.44918737427344,112.66720616867079,113.68203735351562,26136000,0.0,0.0
2022-06-06 00:00:00-04:00,115.82933061507269,118.4520163103312,115.29288697757941,115.94446563720703,33542000,0.0,0.0
2022-06-07 00:00:00-04:00,114.61450564492854,116.8084316076851,114.18922165172008,116.27098846435547,31590000,0.0,0.0
2022-06-08 00:00:00-04:00,115.8859032493853,117.68134325609861,115.7256153068181,116.3151626586914,26108000,0.0,0.0
2022-06-09 00:00:00-04:00,115.45515051267915,117.41187026218664,113.91528690568272,113.9743423461914,25798000,0.0,0.0
2022-06-10 00:00:00-04:00,111.60177178540827,112.42951723475551,109.53835989670536,110.32789611816406,41452000,0.0,0.0
2022-06-13 00:00:00-04:00,105.98569282343811,107.97565433501417,105.32320273539445,105.59465026855469,47252000,0.0,0.0
2022-06-14 00:00:00-04:00,105.73609475699467,107.1151707392392,105.00660593631495,105.91523742675781,33706000,0.0,0.0
2022-06-15 00:00:00-04:00,107.73101553417992,110.58793144263325,106.8620849971601,108.94137573242188,39698000,0.0,0.0
2022-06-16 00:00:00-04:00,106.416937075221,107.83372995527769,104.34955756910561,105.23834228515625,51684000,0.0,0.0
2022-06-17 00:00:00-04:00,105.23834264435271,107.88435035184875,104.25824499723922,106.34001922607422,51376000,0.0,0.0
2022-06-21 00:00:00-04:00,108.11263143059072,111.64594004037723,107.78560405644993,110.70752716064453,47416000,0.0,0.0
2022-06-22 00:00:00-04:00,109.72742541621976,112.4964961727046,109.5547266912255,110.65144348144531,30774000,0.0,0.0
2022-06-23 00:00:00-04:00,111.38985686372982,111.89702636849054,109.67184269358977,111.40027618408203,28362000,0.0,0.0
2022-06-24 00:00:00-04:00,112.14765087738255,117.19352549247178,112.10546625400416,117.09030151367188,41164000,0.0,0.0
2022-06-27 00:00:00-04:00,117.38606391266642,117.69026114363895,114.31575650129828,114.96485900878906,36420000,0.0,0.0
2022-06-28 00:00:00-04:00,114.93408050890979,116.42978308401227,111.00923749311733,111.16754150390625,35792000,0.0,0.0
2022-06-29 00:00:00-04:00,110.71546893086192,112.31190436109492,110.04106016755956,110.86384582519531,24716000,0.0,0.0
2022-06-30 00:00:00-04:00,109.17511541452394,110.05645683085356,105.94948700454937,108.14588928222656,43170000,0.0,0.0
2022-07-01 00:00:00-04:00,107.12360200109673,108.43072706417608,105.93012023346462,107.92207336425781,35476000,0.0,0.0
2022-07-05 00:00:00-04:00,106.29734968195305,112.52677878685982,104.93861261421623,112.41363525390625,39342000,0.0,0.0
2022-07-06 00:00:00-04:00,112.45234903571333,114.72269353445351,110.6400382310177,113.71282196044922,37432000,0.0,0.0
2022-07-07 00:00:00-04:00,114.21701592441053,118.29569584145011,113.97236630789556,117.89224243164062,40936000,0.0,0.0
2022-07-08 00:00:00-04:00,116.37073191522165,118.78746921249528,116.02484225798968,118.45845794677734,38238000,0.0,0.0
2022-07-11 00:00:00-04:00,117.11313769208462,117.11313769208462,114.4656378613584,114.80904388427734,31196000,0.0,0.0
2022-07-12 00:00:00-04:00,115.34349827319495,116.09680918580032,112.83743934520429,113.16545867919922,29960000,0.0,0.0
2022-07-13 00:00:00-04:00,110.86333034344668,113.33962261137125,110.3675796981412,110.51844024658203,43722000,0.0,0.0
2022-07-14 00:00:00-04:00,109.38402798124689,110.25990976214192,107.56030598074837,109.53984832763672,37004000,0.0,0.0
2022-07-15 00:00:00-04:00,111.16061252157375,112.29206306351027,110.06836316457388,110.93927764892578,46770000,0.0,0.0
2022-07-18 00:00:00-04:00,111.79530855999529,112.82751047657966,107.55733275345759,108.2123794555664,43164600,0.0,20.0
2022-07-19 00:00:00-04:00,110.01872588429481,113.16495199528867,108.73839878398343,112.95652770996094,36530900,0.0,0.0
2022-07-20 00:00:00-04:00,112.32133126160736,114.5346117230483,111.63651075173104,113.04586029052734,35600400,0.0,0.0
2022-07-21 00:00:00-04:00,113.42301919337862,113.69099871827146,110.27679267080364,113.4825668334961,32676200,0.0,0.0
2022-07-22 00:00:00-04:00,110.16759432042141,111.49754182441767,105.70134049662055,107.0908432006836,48901200,0.0,0.0
2022-07-25 00:00:00-04:00,107.59704120630998,109.04609181369489,105.50286340953636,106.70378875732422,34690900,0.0,0.0
2022-07-26 00:00:00-04:00,105.80059805632132,106.39609710232087,103.28957190469941,104.2324447631836,47991000,0.0,0.0
2022-07-27 00:00:00-04:00,108.44065902823431,113.05579009257278,107.20003280514234,112.212158203125,59858500,0.0,0.0
2022-07-28 00:00:00-04:00,111.5273465431569,113.48256726555165,110.62416694629869,113.36347198486328,32816600,0.0,0.0
2022-07-29 00:00:00-04:00,112.23201464667002,115.83479054263834,112.21216038629261,115.44771575927734,37223400,0.0,0.0
2022-08-01 00:00:00-04:00,114.4353600580981,115.84470955891426,113.48255250344202,113.9986572265625,26034300,0.0,0.0
2022-08-02 00:00:00-04:00,113.14510117380554,115.47747674496975,112.8672021368574,114.2666244506836,20236000,0.0,0.0
2022-08-03 00:00:00-04:00,114.84228896413123,117.73047048772344,114.61401797621708,117.19451904296875,28499000,0.0,0.0
2022-08-04 00:00:00-04:00,116.59900570985317,117.88925229943138,116.01342625816295,117.30368041992188,21602900,0.0,0.0
2022-08-05 00:00:00-04:00,115.35838937548199,117.22428844560957,115.13011082398499,116.5890884399414,19159500,0.0,0.0
2022-08-08 00:00:00-04:00,117.50218677995531,119.24899057090587,116.00350822632574,116.42036437988281,19138300,0.0,0.0
2022-08-09 00:00:00-04:00,116.26154864607977,116.44019910147966,114.84227213156414,115.75537109375,19086500,0.0,0.0
2022-08-10 00:00:00-04:00,117.88926147915558,120.01321290367328,117.5220409743198,118.80236053466797,30930400,0.0,0.0
2022-08-11 00:00:00-04:00,120.3705036664103,120.57892793934799,117.6709001027172,117.94879913330078,24293700,0.0,0.0
2022-08-12 00:00:00-04:00,119.35816000390892,120.76750946044922,118.56415625736685,120.76750946044922,19096300,0.0,0.0
2022-08-15 00:00:00-04:00,120.22163222861532,121.3828640455292,119.70553508834992,121.16451263427734,19494800,0.0,0.0
2022-08-16 00:00:00-04:00,120.60871067326374,121.511890161635,119.73531257366949,120.78736114501953,19041200,0.0,0.0
2022-08-17 00:00:00-04:00,119.21922104715102,120.38044538230633,118.48476486626201,118.65349578857422,22847000,0.0,0.0
2022-08-18 00:00:00-04:00,118.53439597699447,119.91397177569962,117.82972116826019,119.26884460449219,17987700,0.0,0.0
2022-08-19 00:00:00-04:00,118.16715698490374,118.25648600514175,115.8844094146696,116.3310317993164,21809500,0.0,0.0
2022-08-22 00:00:00-04:00,114.33610843081347,114.76288414973949,112.99623363908157,113.38330841064453,21456600,0.0,0.0
2022-08-23 00:00:00-04:00,112.62901689648295,114.14754221607616,112.57938881757295,113.00616455078125,15870400,0.0,0.0
2022-08-24 00:00:00-04:00,112.6488552620206,113.91925523756754,112.02358240373205,112.83743286132812,17734600,0.0,0.0
2022-08-25 00:00:00-04:00,113.38329215485281,115.84469753319968,113.25426977355694,115.77522277832031,16956800,0.0,0.0
2022-08-26 00:00:00-04:00,113.85970932808003,114.25671121949163,109.36368127038317,109.5125503540039,37245700,0.0,0.0
2022-08-29 00:00:00-04:00,109.16517438083538,110.1179743580815,107.98410343176194,108.59944915771484,21191200,0.0,0.0
2022-08-30 00:00:00-04:00,109.34381870099924,109.67134580443539,106.99159649238482,108.123046875,27513300,0.0,0.0
2022-08-31 00:00:00-04:00,109.82024032674933,110.01873750359245,107.31913349430731,107.40846252441406,28627000,0.0,0.0
2022-09-01 00:00:00-04:00,107.46800272981824,109.62172799554575,106.55490366400493,108.91705322265625,28360900,0.0,0.0
2022-09-02 00:00:00-04:00,109.7606798148013,109.90955647633426,106.45565730411391,107.04122924804688,24160700,0.0,0.0
2022-09-06 00:00:00-04:00,106.49535649820784,107.21987796172488,104.98675079205103,106.00902557373047,25068300,0.0,0.0
2022-09-07 00:00:00-04:00,106.25715000377444,109.15525855226639,106.09835378823291,108.62922668457031,23167000,0.0,0.0
2022-09-08 00:00:00-04:00,107.22980641541218,108.77810551573627,106.35640828203118,107.56725311279297,24238300,0.0,0.0
2022-09-09 00:00:00-04:00,108.25207530196377,110.15767525562512,108.20244722697193,109.82022857666016,23197700,0.0,0.0
2022-09-12 00:00:00-04:00,110.15767840347152,110.78295884863972,109.10562981877511,110.02865600585938,22966800,0.0,0.0
2022-09-13 00:00:00-04:00,106.991603410664,107.48785387625672,103.30941829244654,103.5376968383789,38172900,0.0,0.0
2022-09-14 00:00:00-04:00,103.78581739454697,104.49049211527398,102.88264552539968,104.21259307861328,26395100,0.0,0.0
2022-09-15 00:00:00-04:00,103.24986363822816,104.48056258899445,101.58246188434002,102.13826751708984,34188300,0.0,0.0
2022-09-16 00:00:00-04:00,101.30457707616641,102.35662571627779,100.18305366873035,102.02910614013672,42797200,0.0,0.0
2022-09-19 00:00:00-04:00,100.98696487184549,102.55511808472187,100.78846772406554,102.29706573486328,23036800,0.0,0.0
2022-09-20 00:00:00-04:00,101.31449934165514,101.60232552737466,99.76619270219214,100.38154602050781,26517100,0.0,0.0
2022-09-21 00:00:00-04:00,100.90756858013354,102.10849380682069,98.52556481376558,98.53549194335938,31487300,0.0,0.0
2022-09-22 00:00:00-04:00,98.07895227738555,100.48080297214709,98.04917845779312,99.38905334472656,34298600,0.0,0.0
2022-09-23 00:00:00-04:00,98.8828597828804,98.91264116986241,96.73906182320323,97.9995346069336,31625400,0.0,0.0
2022-09-26 00:00:00-04:00,97.3643478638111,99.1309984554555,97.06660210321118,97.43382263183594,27072700,0.0,0.0
2022-09-27 00:00:00-04:00,98.6843639996458,99.25008920522836,96.14356413908983,96.76883697509766,30072800,0.0,0.0
2022-09-28 00:00:00-04:00,96.91770957880883,99.94483262993302,96.381758210805,99.29971313476562,32466300,0.0,0.0
2022-09-29 00:00:00-04:00,97.90029792581369,97.90029792581369,95.24039494587191,96.68944549560547,31047200,0.0,0.0
2022-09-30 00:00:00-04:00,96.32221919924832,98.15834442273268,94.84338734754718,94.9327163696289,32941500,0.0,0.0
2022-10-03 00:00:00-04:00,96.03439989846684,98.54542624354227,95.79619420397032,97.90029907226562,27982000,0.0,0.0
2022-10-04 00:00:00-04:00,99.6868018290202,101.07629715686122,99.62724662055442,100.87779998779297,28850800,0.0,0.0
2022-10-05 00:00:00-04:00,99.0813725388771,101.16562303801653,98.05909776281518,100.66937255859375,22176900,0.0,0.0
2022-10-06 00:00:00-04:00,99.92500569130712,102.15813304653105,99.83567665956349,100.65945434570312,22324000,0.0,0.0
2022-10-07 00:00:00-04:00,99.10121139538383,99.77611229695586,97.56283957404312,97.93998718261719,27502800,0.0,0.0
2022-10-10 00:00:00-04:00,98.25757945960561,98.3568280254318,96.28250498259773,97.12612915039062,18225100,0.0,0.0
2022-10-11 00:00:00-04:00,96.69935812266723,98.50570936685996,95.58775444463303,96.45123291015625,26507100,0.0,0.0
2022-10-12 00:00:00-04:00,96.57033961999998,98.00946288154012,96.0145339725508,96.82838439941406,21876400,0.0,0.0
2022-10-13 00:00:00-04:00,94.43646401379698,99.03174054553159,93.67223406528825,98.317138671875,34574500,0.0,0.0
2022-10-14 00:00:00-04:00,99.24016247039046,99.93491764089593,95.64731407308213,95.83588409423828,25410700,0.0,0.0
2022-10-17 00:00:00-04:00,98.11864498975567,100.17312166314639,98.08887117266298,99.22032165527344,28419200,0.0,0.0
2022-10-18 00:00:00-04:00,102.35662329095497,102.69407756152302,99.22032413323551,100.01432037353516,24060700,0.0,0.0
2022-10-19 00:00:00-04:00,99.2600211090797,100.26244160630186,98.17819114716923,98.88286590576172,23811100,0.0,0.0
2022-10-20 00:00:00-04:00,99.25009547236613,101.55269738443776,98.64466928421018,99.22032165527344,25323200,0.0,0.0
2022-10-21 00:00:00-04:00,97.11621083244879,100.55026301239435,96.98718844238796,100.37161254882812,32458700,0.0,0.0
2022-10-24 00:00:00-04:00,101.03661104103227,101.97948402013142,99.23025941285736,101.75120544433594,27176400,0.0,0.0
2022-10-25 00:00:00-04:00,102.12834936574457,104.03394937421807,101.94969889168885,103.69650268554688,40611400,0.0,0.0
2022-10-26 00:00:00-04:00,95.70686820538242,97.57276729062485,93.97991864924414,94.2181167602539,88114100,0.0,0.0
2022-10-27 00:00:00-04:00,93.81119011334766,94.71436964764622,91.11159378491239,91.5284423828125,60710900,0.0,0.0
2022-10-28 00:00:00-04:00,91.57806614303196,95.82597688593535,91.43911660546121,95.56792449951172,43697300,0.0,0.0
2022-10-31 00:00:00-04:00,94.70444148350553,95.30986768573264,93.27524522456974,93.80126953125,31675000,0.0,0.0
2022-11-01 00:00:00-04:00,94.7342155851969,95.30986797136448,89.692316357766,89.79156494140625,47161400,0.0,0.0
2022-11-02 00:00:00-04:00,90.25804009758635,90.49623820875753,86.22848103429116,86.31781005859375,57038300,0.0,0.0
2022-11-03 00:00:00-04:00,85.67268674461754,85.87118391743043,82.71503040774212,82.80435943603516,61288000,0.0,0.0
2022-11-04 00:00:00-04:00,84.75958132144375,85.99028036002329,83.08225231902676,85.93073272705078,51124900,0.0,0.0
2022-11-07 00:00:00-05:00,86.62547560061769,88.2333297523098,86.19869991930204,87.82640075683594,34078900,0.0,0.0
2022-11-08 00:00:00-05:00,88.23332977294922,89.64267920564933,86.9331484706756,88.23332977294922,30429000,0.0,0.0
2022-11-09 00:00:00-05:00,87.78669965811274,88.769280979615,86.62547544780726,86.66517639160156,31769100,0.0,0.0
2022-11-10 00:00:00-05:00,91.55821325740865,93.68216469901468,90.92301325088243,93.23554229736328,51620100,0.0,0.0
2022-11-11 00:00:00-05:00,93.97992401150627,96.20312417620435,93.21569398564695,95.68702697753906,33090500,0.0,0.0
2022-11-14 00:00:00-05:00,94.37691176596793,96.06416792544084,93.80126696942858,94.98233795166016,30179500,0.0,0.0
2022-11-15 00:00:00-05:00,97.52313939319663,99.38903833699794,95.98475998763868,97.70178985595703,41640800,0.0,0.0
2022-11-16 00:00:00-05:00,97.16583842815655,98.89278785268415,96.90778607712295,98.10871124267578,29105200,0.0,0.0
2022-11-17 00:00:00-05:00,96.24282260056737,98.5354974736292,96.06417211875853,97.62239837646484,26052600,0.0,0.0
2022-11-18 00:00:00-05:00,98.02931902405741,98.15834899839231,95.64732271616575,96.69937133789062,28342300,0.0,0.0
2022-11-21 00:00:00-05:00,96.56042391310625,97.66210063703203,94.64489666604612,94.88309478759766,21647400,0.0,0.0
2022-11-22 00:00:00-05:00,95.23046275016921,96.49094319214763,93.34471701030947,96.32221984863281,23438500,0.0,0.0
2022-11-23 00:00:00-05:00,96.36191252817821,98.01939485108537,96.36191252817821,97.72164154052734,18868100,0.0,0.0
2022-11-25 00:00:00-05:00,97.50328307080257,97.90028493210765,96.66958597702451,96.72913360595703,9701400,0.0,0.0
2022-11-28 00:00:00-05:00,96.31229336649913,96.84824478966246,94.8930167011355,95.32971954345703,26237500,0.0,0.0
2022-11-29 00:00:00-05:00,95.01212485400968,95.39919964146274,93.40427049461734,94.4761734008789,20061700,0.0,0.0
2022-11-30 00:00:00-05:00,94.10893714279987,100.28229409060886,93.71193525947234,100.232666015625,43647500,0.0,0.0
2022-12-01 00:00:00-05:00,100.26243983174288,101.48321929784336,99.49821745338677,100.232666015625,28687100,0.0,0.0
2022-12-02 00:00:00-05:00,98.30722237745412,100.01431765518183,98.15834572013763,99.68679809570312,21480700,0.0,0.0
2022-12-05 00:00:00-05:00,98.654591640414,100.6197391952586,98.25758976329782,98.73399353027344,24405100,0.0,0.0
2022-12-06 00:00:00-05:00,98.55534069801135,99.0317368813684,95.69693330914573,96.25273895263672,24910700,0.0,0.0
2022-12-07 00:00:00-05:00,95.68701246285406,96.15348151088587,94.00968357030628,94.22803497314453,31045400,0.0,0.0
2022-12-08 00:00:00-05:00,94.66474571933504,94.86325046907182,92.74921842442147,93.00727081298828,32213300,0.0,0.0
2022-12-09 00:00:00-05:00,93.0668111039124,93.55314202323372,92.05446346281963,92.13386535644531,28225400,0.0,0.0
2022-12-12 00:00:00-05:00,92.0147609619929,92.85838524401936,90.92301144571273,92.61026000976562,29420000,0.0,0.0
2022-12-13 00:00:00-05:00,97.0268965895578,98.78361996821883,94.3173656196912,94.9128646850586,40593700,0.0,0.0
2022-12-14 00:00:00-05:00,94.48609332844649,96.14357577360637,92.89809322343211,94.35707092285156,28733600,0.0,0.0
2022-12-15 00:00:00-05:00,92.43160841135212,92.93778600326951,89.33501037181313,90.17863464355469,40107000,0.0,0.0
2022-12-16 00:00:00-05:00,90.0793803135825,90.64510550177309,88.84867379330282,89.5831298828125,58011800,0.0,0.0
2022-12-19 00:00:00-05:00,89.5831382377842,89.88088398070708,87.54850825299513,87.77678680419922,29493000,0.0,0.0
2022-12-20 00:00:00-05:00,87.44926786505202,88.5112436825532,86.78429398082407,88.3524398803711,23453800,0.0,0.0
2022-12-21 00:00:00-05:00,88.41197559905176,89.54342593749791,87.65767284936085,88.9082260131836,24745600,0.0,0.0
2022-12-22 00:00:00-05:00,87.49889248151766,87.87604013849288,85.67268668964738,87.10189056396484,27658300,0.0,0.0
2022-12-23 00:00:00-05:00,86.45674757331894,88.87845201226797,86.41704663161055,88.56085205078125,23003000,0.0,0.0
2022-12-27 00:00:00-05:00,88.13408725969353,88.27303678671537,86.35750965313572,86.73465728759766,20097300,0.0,0.0
2022-12-28 00:00:00-05:00,86.32773122933094,87.37977975554813,85.29552938926575,85.37492370605469,19523200,0.0,0.0
2022-12-29 00:00:00-05:00,85.97043405375527,88.18370690708726,85.96050692415548,87.78670501708984,23333500,0.0,0.0
2022-12-30 00:00:00-05:00,86.32774074812349,87.63784177185843,85.92081170141935,87.56836700439453,23986300,0.0,0.0
2023-01-03 00:00:00-05:00,88.91816744664366,90.36722567594911,87.85619160200353,88.45169830322266,28131200,0.0,0.0
2023-01-04 00:00:00-05:00,89.67246086306939,89.97021418207204,86.61555606707714,87.41948699951172,34854800,0.0,0.0
2023-01-05 00:00:00-05:00,86.81406171973046,86.9133103030513,85.25583548783042,85.55358123779297,27194400,0.0,0.0
2023-01-06 00:00:00-05:00,86.13915710492884,87.03240946135887,84.2236299964327,86.68502807617188,41381500,0.0,0.0
2023-01-09 00:00:00-05:00,87.69737855387638,89.37470746783313,87.20112811279385,87.35992431640625,29003900,0.0,0.0
2023-01-10 00:00:00-05:00,85.33523786963791,88.00506036543571,85.18636120771751,87.7569351196289,30467800,0.0,0.0
2023-01-11 00:00:00-05:00,88.51123815802363,90.91308872474838,88.34251480787275,90.83368682861328,26862000,0.0,0.0
2023-01-12 00:00:00-05:00,90.79398323111313,91.18105796596775,89.07695338835796,90.44660186767578,30258100,0.0,0.0
2023-01-13 00:00:00-05:00,90.16871112383096,91.49866635399357,89.4541092177354,91.42919158935547,26329200,0.0,0.0
2023-01-17 00:00:00-05:00,91.36963007309137,91.5582076664508,89.37470872387392,90.60540771484375,32602400,0.0,0.0
2023-01-18 00:00:00-05:00,91.4490389437429,92.10409321983435,89.96028748591486,90.43669128417969,29116700,0.0,0.0
2023-01-19 00:00:00-05:00,90.03968954197848,92.90801675008117,89.95036051681471,92.35221862792969,37000400,0.0,0.0
2023-01-20 00:00:00-05:00,94.38683418356587,97.56284161050858,94.3074322941516,97.2849349975586,63191100,0.0,0.0
2023-01-23 00:00:00-05:00,97.21546604814961,99.28979699304459,96.76884364481533,99.04167175292969,40005100,0.0,0.0
2023-01-24 00:00:00-05:00,97.36434045143623,98.86301898722769,96.47108809327639,96.96733856201172,33078500,0.0,0.0
2023-01-25 00:00:00-05:00,94.85330946494906,95.4388889257961,93.05688528262908,94.50593566894531,42330000,0.0,0.0
2023-01-26 00:00:00-05:00,95.77633347965728,96.8383091023994,94.66472978478917,96.78868103027344,30114000,0.0,0.0
2023-01-27 00:00:00-05:00,96.58026736816271,99.5676974204637,96.58026736816271,98.62482452392578,33879800,0.0,0.0
2023-01-30 00:00:00-05:00,96.7489869553991,97.55291022716331,95.67708421159308,96.2130355834961,27226200,0.0,0.0
2023-01-31 00:00:00-05:00,96.14357246377932,98.1384939775665,96.09394438600727,98.09879302978516,29870700,0.0,0.0
2023-02-01 00:00:00-05:00,97.96977688019028,100.43118279442785,96.84825342948243,99.6768798828125,35531100,0.0,0.0
2023-02-02 00:00:00-05:00,105.00659089150652,107.04121305064062,104.81801331062144,106.93203735351562,69883800,0.0,0.0
2023-02-03 00:00:00-05:00,102.15812220922525,107.001524077653,101.81074839414418,103.99424743652344,65309300,0.0,0.0
2023-02-06 00:00:00-05:00,101.63210642135294,103.57740752067507,101.11600164820065,102.12835693359375,31999600,0.0,0.0
2023-02-07 00:00:00-05:00,102.44593479810852,107.36873790600701,102.34668623156554,106.8327865600586,49010200,0.0,0.0
2023-02-08 00:00:00-05:00,101.28472743744483,102.36654986458451,97.3047964110275,98.62482452392578,94743500,0.0,0.0
2023-02-09 00:00:00-05:00,99.25009341009356,99.27986722656759,92.92785973388537,94.29751586914062,119455000,0.0,0.0
2023-02-10 00:00:00-05:00,94.73422278845942,96.0244771904337,93.54322454985402,93.86082458496094,54980700,0.0,0.0
2023-02-13 00:00:00-05:00,94.02953508899373,94.48608460376701,93.13628274609768,93.9005126953125,50076100,0.0,0.0
2023-02-14 00:00:00-05:00,93.7218607357337,94.13870929839328,91.56813558981159,93.96998596191406,54726100,0.0,0.0
2023-02-15 00:00:00-05:00,93.78140393844463,96.3916860407971,93.44395728142085,96.2130355834961,50169000,0.0,0.0
2023-02-16 00:00:00-05:00,94.65481268808418,96.94748732289182,94.02953228064146,94.79376220703125,42462600,0.0,0.0
2023-02-17 00:00:00-05:00,94.13872183190747,94.84339665941754,92.51102073722865,93.64247131347656,34284100,0.0,0.0
2023-02-21 00:00:00-05:00,92.3025791741885,92.40182774488592,91.03217929602812,91.10165405273438,33629300,0.0,0.0
2023-02-22 00:00:00-05:00,91.0123280204154,91.41925701744177,89.9305056916628,90.96270751953125,30884000,0.0,0.0
2023-02-23 00:00:00-05:00,91.23069466942782,91.25054893084341,89.0868963396498,90.20841979980469,41206400,0.0,0.0
2023-02-24 00:00:00-05:00,88.76928168111633,89.21590405101533,87.91573031324553,88.46160125732422,36585100,0.0,0.0
2023-02-27 00:00:00-05:00,89.1960678100586,89.48389400941119,88.67003591816348,89.1960678100586,27502300,0.0,0.0
2023-02-28 00:00:00-05:00,88.6601068820352,90.54586009940378,88.65017975286173,89.38462829589844,30142000,0.0,0.0
2023-03-01 00:00:00-05:00,89.30524826014633,90.34736982458105,88.99756778401425,89.6823959350586,31111200,0.0,0.0
2023-03-02 00:00:00-05:00,88.98764047944798,91.58798817098749,88.91815814235167,91.31008911132812,32204400,0.0,0.0
2023-03-03 00:00:00-05:00,91.78649146163595,93.02711765283779,91.75671007241478,92.94771575927734,35160100,0.0,0.0
2023-03-06 00:00:00-05:00,93.31493408001563,95.25031543626798,93.29508739318105,94.41661071777344,32639300,0.0,0.0
2023-03-07 00:00:00-05:00,94.26773157835282,94.95255199770722,92.82860084050301,93.1561279296875,27835500,0.0,0.0
2023-03-08 00:00:00-05:00,93.41419811425322,95.24039634439998,93.29509526665078,93.54322052001953,34103300,0.0,0.0
2023-03-09 00:00:00-05:00,93.34471548738784,94.81361262324073,91.21083697363413,91.627685546875,28813500,0.0,0.0
2023-03-10 00:00:00-05:00,91.47880785314275,92.09416114868083,89.72208455892081,89.95035552978516,35941000,0.0,0.0
2023-03-13 00:00:00-04:00,89.41440265175312,91.87580822116699,88.74942886454899,90.4267578125,37335600,0.0,0.0
2023-03-14 00:00:00-04:00,91.86588978493322,93.65239460696121,91.7467945115858,93.26531982421875,36050200,0.0,0.0
2023-03-15 00:00:00-04:00,92.52093242633808,96.2031097498891,91.94528010370921,95.3892593383789,50622100,0.0,0.0
2023-03-16 00:00:00-04:00,95.47858895236912,100.43117417550806,94.78384131193948,99.56769561767578,65492000,0.0,0.0
2023-03-17 00:00:00-04:00,99.50814641831961,102.06879309004395,99.34934263318691,100.85794830322266,61028500,0.0,0.0
2023-03-20 00:00:00-04:00,99.36920316966915,100.98697707895346,99.12107791886092,100.46095275878906,32960400,0.0,0.0
2023-03-21 00:00:00-04:00,100.4907247990376,104.31185207942887,100.46095098101657,104.1332015991211,42110300,0.0,0.0
2023-03-22 00:00:00-04:00,103.4880705402918,105.79067243730059,102.55512479803791,102.5948257446289,43427400,0.0,0.0
2023-03-23 00:00:00-04:00,104.27214642263456,105.50285304125943,103.67664737256062,104.80809783935547,40797800,0.0,0.0
2023-03-24 00:00:00-04:00,104.20268485711324,104.69893539038938,103.06130711614168,104.6493148803711,30393300,0.0,0.0
2023-03-27 00:00:00-04:00,103.83545616080272,103.97440569344221,101.16562607817814,101.691650390625,31120900,0.0,0.0
2023-03-28 00:00:00-04:00,101.67180708945132,101.68172664769772,98.99204978746245,100.27237701416016,32057900,0.0,0.0
2023-03-29 00:00:00-04:00,101.5129867194246,101.72141099130168,99.89521304408497,100.6296615600586,28779600,0.0,0.0
2023-03-30 00:00:00-04:00,100.15327711150191,100.40140235547389,99.03174616255232,100.1334228515625,33086200,0.0,0.0
2023-03-31 00:00:00-04:00,100.54035541965774,103.11092940289926,100.28230303664719,102.95213317871094,36863400,0.0,0.0
2023-04-03 00:00:00-04:00,101.62217211579193,103.74612355244493,101.16562258542722,103.57740020751953,25035400,0.0,0.0
2023-04-04 00:00:00-04:00,103.54762525002644,104.78825142936967,103.25979906775706,103.93470001220703,24420100,0.0,0.0
2023-04-05 00:00:00-04:00,104.98673523190746,105.30433519052437,102.88263834563806,103.68656158447266,28290500,0.0,0.0
2023-04-06 00:00:00-04:00,104.47064244892897,108.35131686675595,103.54761634796358,107.60694122314453,48711500,0.0,0.0
2023-04-10 00:00:00-04:00,106.17775133008297,106.78316992246287,104.33169902046775,105.64179992675781,27067400,0.0,0.0
2023-04-11 00:00:00-04:00,105.75097264997711,105.9296231127123,103.89499326334945,104.55996704101562,26311800,0.0,0.0
2023-04-12 00:00:00-04:00,105.78075520837217,105.94947855596209,103.55754758342394,103.85530090332031,24370300,0.0,0.0
2023-04-13 00:00:00-04:00,105.04630150207365,106.68392965554615,105.04630150207365,106.62438201904297,24843600,0.0,0.0
2023-04-14 00:00:00-04:00,106.08842602348172,108.12305600146057,106.03879794707,108.05358123779297,26578000,0.0,0.0
2023-04-17 00:00:00-04:00,103.8751497069163,105.36390108383588,103.73619261199721,105.17532348632812,37571200,0.0,0.0
2023-04-18 00:00:00-04:00,105.69142923743296,105.74105731624348,103.28957863776436,103.71635437011719,26596400,0.0,0.0
2023-04-19 00:00:00-04:00,102.80324365821765,104.19274641398663,102.2970660858072,103.39874267578125,20905700,0.0,0.0
2023-04-20 00:00:00-04:00,103.13077111448514,105.45321956243694,103.09107017022347,104.50041961669922,27820800,0.0,0.0
2023-04-21 00:00:00-04:00,104.67906972482673,105.20509398319376,103.99424168995147,104.61952209472656,25800100,0.0,0.0
2023-04-24 00:00:00-04:00,104.69891971395418,105.83037015463859,103.9148430801148,105.17532348632812,23542800,0.0,0.0
2023-04-25 00:00:00-04:00,105.03637557743666,105.88992698575956,103.06129326840653,103.07122039794922,46664100,0.0,0.0
2023-04-26 00:00:00-04:00,104.13319140174777,105.552467975158,101.86036345847234,102.93226623535156,53347600,0.0,0.0
2023-04-27 00:00:00-04:00,103.6667202584599,107.55732970203324,102.76354833968519,106.78317260742188,50089200,0.0,0.0
2023-04-28 00:00:00-04:00,106.23730369371071,106.54497656828984,104.3019222779164,106.53504943847656,36139800,0.0,0.0
2023-05-01 00:00:00-04:00,106.03880194374992,107.18017959460664,106.018955255746,106.39610290527344,26681700,0.0,0.0
2023-05-02 00:00:00-04:00,106.33655628584265,106.3961039226054,102.93227756090715,104.53020477294922,30997200,0.0,0.0
2023-05-03 00:00:00-04:00,104.7386173549269,106.68391818406765,104.17289215243281,104.61952209472656,21795400,0.0,0.0
2023-05-04 00:00:00-04:00,104.69892635616654,104.80810206984134,103.1903281969406,103.9049301147461,23419500,0.0,0.0
2023-05-05 00:00:00-04:00,104.03394463322047,105.08599317017097,103.32926989883089,104.7783203125,26639300,0.0,0.0
2023-05-08 00:00:00-04:00,104.39125616696242,107.15040775349405,104.37140947859231,106.96183013916016,26511400,0.0,0.0
2023-05-09 00:00:00-04:00,107.5771848789166,109.3239887931404,106.38618668459873,106.54498291015625,36360100,0.0,0.0
2023-05-10 00:00:00-04:00,107.160334717474,112.09306592369241,107.12063376861364,110.9119873046875,63153400,0.0,0.0
2023-05-11 00:00:00-04:00,114.53460704620213,117.03570601894897,113.55203326107099,115.69583129882812,78900000,0.0,0.0
2023-05-12 00:00:00-04:00,115.8050066061785,117.14488132168266,115.23928138975758,116.6287841796875,41102300,0.0,0.0
2023-05-15 00:00:00-04:00,115.2392819935686,117.59151189110723,115.14003341637807,115.63628387451172,36266800,0.0,0.0
2023-05-16 00:00:00-04:00,115.6164427020183,119.84449920408774,115.55689506340019,118.61380004882812,45035600,0.0,0.0
2023-05-17 00:00:00-04:00,118.71303548354885,120.75758495283628,117.99843361058363,119.93380737304688,33323600,0.0,0.0
2023-05-18 00:00:00-04:00,120.04299070810453,122.38529363069811,119.92389543649637,121.90889739990234,35234200,0.0,0.0
2023-05-19 00:00:00-04:00,122.6234854701716,125.0253357573237,121.23398273827031,121.83940887451172,41353400,0.0,0.0
2023-05-22 00:00:00-04:00,122.01805859496362,125.48188448874207,121.81955387893379,124.11223602294922,35253000,0.0,0.0
2023-05-23 00:00:00-04:00,123.22890704860153,123.6953760794371,121.29352588112114,121.64089965820312,34046300,0.0,0.0
2023-05-24 00:00:00-04:00,120.21171384013235,120.99579047353133,118.96116056401159,119.99336242675781,34182600,0.0,0.0
2023-05-25 00:00:00-04:00,123.58621809330694,124.38022190229562,121.0454180200336,122.55402374267578,42317000,0.0,0.0
2023-05-26 00:00:00-04:00,122.24634093896407,124.32067187463625,121.53173903906134,123.67554473876953,35635900,0.0,0.0
2023-05-30 00:00:00-04:00,124.6978199598951,124.71767421950892,121.08511707268141,122.74259185791016,35076700,0.0,0.0
2023-05-31 00:00:00-04:00,121.82949792288854,123.12967181163546,121.58137267253642,121.94860076904297,37325800,0.0,0.0
2023-06-01 00:00:00-04:00,121.89895353520633,123.48695337348924,121.70045639498866,122.79220581054688,30772700,0.0,0.0
2023-06-02 00:00:00-04:00,123.0601760356705,125.20398146737092,122.83190508473858,123.73507690429688,26980100,0.0,0.0
2023-06-05 00:00:00-04:00,123.08004629574243,126.4743977650919,122.91131537751194,125.06504821777344,32305500,0.0,0.0
2023-06-06 00:00:00-04:00,125.06504658476162,127.32793996259925,124.41991945408888,126.35529327392578,26638300,0.0,0.0
2023-06-07 00:00:00-04:00,126.01784008371891,128.072309065116,121.20421224846599,121.58135986328125,52539000,0.0,0.0
2023-06-08 00:00:00-04:00,121.31338907767194,122.3058899837172,120.33080772871682,121.22406005859375,29389200,0.0,0.0
2023-06-09 00:00:00-04:00,121.33323932610408,122.83191785844093,120.99579264278889,121.31339263916016,23778300,0.0,0.0
2023-06-12 00:00:00-04:00,121.86918247837939,123.11973569214682,120.74765922363488,122.71280670166016,28306400,0.0,0.0
2023-06-13 00:00:00-04:00,124.04277534219001,124.2214258208004,122.25627055608605,122.90139770507812,22278300,0.0,0.0
2023-06-14 00:00:00-04:00,122.17686661381849,123.11974706875885,120.53923851602217,122.74259185791016,30592300,0.0,0.0
2023-06-15 00:00:00-04:00,122.21655807060819,124.51915981522143,121.48210953773676,124.15193176269531,35246300,0.0,0.0
2023-06-16 00:00:00-04:00,124.98564920040793,125.16429968039003,122.35552007874196,122.60364532470703,45535600,0.0,0.0
2023-06-20 00:00:00-04:00,122.00813366210225,123.63583450194002,121.22405705707857,122.1768569946289,26097500,0.0,0.0
2023-06-21 00:00:00-04:00,121.48211364469854,121.74016600309444,119.19935850880321,119.64598846435547,30306300,0.0,0.0
2023-06-22 00:00:00-04:00,119.10011432011007,122.31581528654226,117.93889002281252,122.22649383544922,26952200,0.0,0.0
2023-06-23 00:00:00-04:00,120.46975408004121,121.86918395539071,120.15215410135052,121.42255401611328,34913600,0.0,0.0
2023-06-26 00:00:00-04:00,119.85441851212727,121.08511758706368,117.38308566022395,117.45256042480469,33969900,0.0,0.0
2023-06-27 00:00:00-04:00,116.20201599292278,118.18701794330883,115.22936170547375,117.44264221191406,39535900,0.0,0.0
2023-06-28 00:00:00-04:00,116.21192355370808,119.48717946260062,115.97372546446266,119.27875518798828,27091400,0.0,0.0
2023-06-29 00:00:00-04:00,118.34581293262964,119.15966342094775,117.41286717472148,118.20686340332031,24090900,0.0,0.0
2023-06-30 00:00:00-04:00,119.26883719212228,120.17201669011786,118.79244097715116,118.80236053466797,29532200,0.0,0.0
2023-07-03 00:00:00-04:00,118.34580029069079,119.28868064991963,117.9289517472914,119.0008544921875,14467900,0.0,0.0
2023-07-05 00:00:00-04:00,118.34581833015085,121.69054946034393,118.33589877202023,120.83699798583984,27584800,0.0,0.0
2023-07-06 00:00:00-04:00,118.90161667979092,119.39786715412697,117.5121138372137,119.20928955078125,24745200,0.0,0.0
2023-07-07 00:00:00-04:00,119.1993606252883,120.14224105563065,118.50461300055707,118.58401489257812,21709500,0.0,0.0
2023-07-10 00:00:00-04:00,117.41286932662906,117.42278888448908,115.2690635685402,115.57673645019531,35315200,0.0,0.0
2023-07-11 00:00:00-04:00,115.41793425521223,116.82728376089246,114.48498095632307,116.26155853271484,23078800,0.0,0.0
2023-07-12 00:00:00-04:00,117.90910932353661,119.4276344809341,117.52203458036395,118.03813171386719,30404400,0.0,0.0
2023-07-13 00:00:00-04:00,120.02314977990251,123.89390530873035,119.54674595406351,123.6060791015625,44297900,0.0,0.0
2023-07-14 00:00:00-04:00,123.86411595510596,125.82926350630274,122.56393462065938,124.47946166992188,33283100,0.0,0.0
2023-07-17 00:00:00-04:00,124.995567566589,126.14686468961106,123.26861052378432,123.71524047851562,25716200,0.0,0.0
2023-07-18 00:00:00-04:00,123.6656062716888,123.74500815821673,122.03790545876947,122.8319091796875,26193600,0.0,0.0
2023-07-19 00:00:00-04:00,123.66561821898068,124.24127059365078,120.88662007165094,121.1148910522461,37224000,0.0,0.0
2023-07-20 00:00:00-04:00,120.50946759155578,123.15944340000809,117.3334674734311,118.30611419677734,37906800,0.0,0.0
2023-07-21 00:00:00-04:00,119.71545591184214,120.08267638216759,117.83962990079293,119.11994934082031,72937900,0.0,0.0
2023-07-24 00:00:00-04:00,120.74767468990552,122.07762238859752,120.07277371039838,120.61864471435547,29686100,0.0,0.0
2023-07-25 00:00:00-04:00,120.44991665621404,122.22649427656242,120.11246239355489,121.29354095458984,52509600,0.0,0.0
2023-07-26 00:00:00-04:00,129.0946172624733,129.99778169720037,127.3577404462354,128.3006134033203,61682100,0.0,0.0
2023-07-27 00:00:00-04:00,130.68260803004364,132.2408419072244,127.82420023434912,128.42962646484375,44952100,0.0,0.0
2023-07-28 00:00:00-04:00,129.799265024623,132.73707431896543,129.59084831881933,131.5857696533203,36591200,0.0,0.0
2023-07-31 00:00:00-04:00,131.73465100315445,132.52865481704072,130.79177809982338,131.7247314453125,28055500,0.0,0.0
2023-08-01 00:00:00-04:00,129.79927708428264,131.6354099568871,129.70002092843689,130.56350708007812,23166800,0.0,0.0
2023-08-02 00:00:00-04:00,128.47924259709205,129.11444258769157,126.60341644169951,127.41727447509766,26273300,0.0,0.0
2023-08-03 00:00:00-04:00,127.01034391124875,128.41969339996243,126.46446537651686,127.48674011230469,20089500,0.0,0.0
2023-08-04 00:00:00-04:00,128.31051623779516,130.5237890233023,126.95079483936229,127.1492919921875,26147200,0.0,0.0
2023-08-07 00:00:00-04:00,128.1914178864696,130.62304202480823,128.05246836840342,130.54364013671875,22746300,0.0,0.0
2023-08-08 00:00:00-04:00,129.64046232824563,130.52378752085772,128.56855954209357,130.41461181640625,23535200,0.0,0.0
2023-08-09 00:00:00-04:00,130.67266960839547,131.04980964495556,128.0326136306667,128.6876678466797,24912900,0.0,0.0
2023-08-10 00:00:00-04:00,130.33521897689877,131.0597403574535,128.47923208801416,128.71743774414062,20857800,0.0,0.0
2023-08-11 00:00:00-04:00,127.69517985741135,128.955645199412,127.2088489247228,128.5884246826172,19591100,0.0,0.0
2023-08-14 00:00:00-04:00,128.41968447620044,130.38483192031686,127.99291637965989,130.3451385498047,24695600,0.0,0.0
2023-08-15 00:00:00-04:00,130.11688653714737,130.43447898056363,128.31052745646844,128.80677795410156,19770700,0.0,0.0
2023-08-16 00:00:00-04:00,127.73487091064453,129.30302424952546,126.91110086620327,127.73487091064453,25216100,0.0,0.0
2023-08-17 00:00:00-04:00,128.82662921684016,131.00020876899563,128.32044402863997,128.9457244873047,33446300,0.0,0.0
2023-08-18 00:00:00-04:00,127.546294758541,128.28075093151222,125.43227040921398,126.5041732788086,30504800,0.0,0.0
2023-08-21 00:00:00-04:00,126.2262549148763,127.76462664652156,125.61090167890998,127.4073257446289,25248700,0.0,0.0
2023-08-22 00:00:00-04:00,127.54629719383558,129.30302819235456,127.35773472637845,128.11203002929688,22054900,0.0,0.0
2023-08-23 00:00:00-04:00,129.20375527825698,132.40954397470435,128.89608243334328,131.37733459472656,27819700,0.0,0.0
2023-08-24 00:00:00-04:00,132.94550528703812,133.24325861449066,128.59836122593913,128.80677795410156,28500700,0.0,0.0
2023-08-25 00:00:00-04:00,128.5685593040722,129.77941160779702,126.2957389175236,128.90602111816406,26762900,0.0,0.0
2023-08-28 00:00:00-04:00,130.3252954237949,131.54606733409824,129.16407114652645,130.0275421142578,20543300,0.0,0.0
2023-08-29 00:00:00-04:00,131.24833815410415,135.54586931655962,131.24833815410415,133.5608673095703,43075600,0.0,0.0
2023-08-30 00:00:00-04:00,133.76925080012282,135.25800193543597,133.0645837435827,134.8610076904297,28315800,0.0,0.0
2023-08-31 00:00:00-04:00,134.9900609451091,136.9651434659,134.77170950484623,135.14886474609375,30053800,0.0,0.0
2023-09-01 00:00:00-04:00,136.42920516882052,136.42920516882052,133.83877674332504,134.6427001953125,21543700,0.0,0.0
2023-09-05 00:00:00-04:00,134.4243496549999,135.39699647990017,133.5707981143506,134.7518768310547,19403100,0.0,0.0
2023-09-06 00:00:00-04:00,134.99997436969198,135.50614436814033,132.66759123648941,133.45167541503906,18684500,0.0,0.0
2023-09-07 00:00:00-04:00,132.58820688588548,134.56328935661423,131.95300684241127,134.2456817626953,18844300,0.0,0.0
2023-09-08 00:00:00-04:00,133.8983220306733,135.63519889075076,133.83877438999752,135.3572998046875,23558300,0.0,0.0
2023-09-11 00:00:00-04:00,135.51606381265162,136.44901706515918,134.77168815088856,135.89321899414062,20763400,0.0,0.0
2023-09-12 00:00:00-04:00,135.23818764984745,135.84361389625101,134.1762194011905,134.32508850097656,18405500,0.0,0.0
2023-09-13 00:00:00-04:00,134.07695258141447,135.87337691641153,133.1439992452725,135.684814453125,20749500,0.0,0.0
2023-09-14 00:00:00-04:00,136.56814159733074,137.65988359424148,135.21833965192076,137.06439208984375,24751000,0.0,0.0
2023-09-15 00:00:00-04:00,136.94526597009013,137.48122492138967,135.45651466326473,136.36961364746094,38919600,0.0,0.0
2023-09-18 00:00:00-04:00,135.58556108112978,138.11644163882283,135.58556108112978,137.17356872558594,21861300,0.0,0.0
2023-09-19 00:00:00-04:00,136.38947604665375,137.3720574197808,135.59547227341233,137.00482177734375,20353700,0.0,0.0
2023-09-20 00:00:00-04:00,137.04452607661787,137.04452607661787,132.61796539950902,132.73707580566406,29927500,0.0,0.0
2023-09-21 00:00:00-04:00,130.45432343039326,131.23839249416972,129.09460201532931,129.46182250976562,31503900,0.0,0.0
2023-09-22 00:00:00-04:00,129.7794091306759,131.03988948397537,128.62811962390344,129.2732391357422,26397300,0.0,0.0
2023-09-25 00:00:00-04:00,128.85640052897944,130.1863481711838,127.99292954617495,130.12680053710938,20094600,0.0,0.0
2023-09-26 00:00:00-04:00,128.79685599233989,129.38242793397103,126.26597547277304,127.6058578491211,25718700,0.0,0.0
2023-09-27 00:00:00-04:00,127.60585276042912,129.91836661698156,127.60585276042912,129.56106567382812,22746500,0.0,0.0
2023-09-28 00:00:00-04:00,128.86631630656447,132.30037616629912,128.81668823150392,131.3177947998047,22513100,0.0,0.0
2023-09-29 00:00:00-04:00,132.28052789506322,133.04475788137387,129.38242688382053,129.87867736816406,30859800,0.0,0.0
2023-10-02 00:00:00-04:00,130.2260545847838,133.41197411116025,130.1863460664677,133.16384887695312,22288000,0.0,0.0
2023-10-03 00:00:00-04:00,132.93559116374053,133.25318362014062,130.8513329307273,131.43690490722656,22989400,0.0,0.0
2023-10-04 00:00:00-04:00,131.79419070491505,134.55335719954957,131.53614591729064,134.225830078125,26752300,0.0,0.0
2023-10-05 00:00:00-04:00,134.05709838867188,134.4739469324216,132.4492366977958,134.05709838867188,19832600,0.0,0.0
2023-10-06 00:00:00-04:00,133.0050729697519,137.12396180751037,133.0050729697519,136.54830932617188,27597600,0.0,0.0
2023-10-09 00:00:00-04:00,135.91310636089568,137.8981086091474,134.59307804848441,137.3820037841797,19278100,0.0,0.0
2023-10-10 00:00:00-04:00,137.46140690104886,138.67225949468676,136.300182392927,137.0247039794922,27786600,0.0,0.0
2023-10-11 00:00:00-04:00,137.54078929024345,140.05181558848287,137.54078929024345,139.4960174560547,25884300,0.0,0.0
2023-10-12 00:00:00-04:00,139.99224472470698,140.1609680480309,137.22315893559568,137.92784118652344,24765500,0.0,0.0
2023-10-13 00:00:00-04:00,138.33479709793974,138.95014288451765,135.59548458868076,136.32994079589844,23420500,0.0,0.0
2023-10-16 00:00:00-04:00,137.13385103003665,138.58290904447986,136.9552081327783,138.056884765625,28501900,0.0,0.0
2023-10-17 00:00:00-04:00,137.5904036136543,138.85086884355698,136.1512652036196,138.67222595214844,23515800,0.0,0.0
2023-10-18 00:00:00-04:00,138.40423151715302,139.66471175523216,136.3497627661158,136.9254150390625,23375000,0.0,0.0
2023-10-19 00:00:00-04:00,137.4613862357858,138.61269101146914,136.3497899802919,136.71701049804688,26066000,0.0,0.0
2023-10-20 00:00:00-04:00,136.3001213152414,136.8360650233021,134.06699476699762,134.58309936523438,26335700,0.0,0.0
2023-10-23 00:00:00-04:00,134.02733644259234,136.62769951725605,132.94551392213268,135.4763946533203,26317900,0.0,0.0
2023-10-24 00:00:00-04:00,136.79641151026584,138.31493679389348,136.38948247495046,137.76905822753906,44814300,0.0,0.0
2023-10-25 00:00:00-04:00,127.19891771324542,127.3477867890197,124.13208602522081,124.66803741455078,84366200,0.0,0.0
2023-10-26 00:00:00-04:00,122.34558803554405,123.39764418527096,120.36058614753718,121.3630142211914,57061100,0.0,0.0
2023-10-27 00:00:00-04:00,121.95852001538093,122.38529574778306,119.30854416571684,121.25384521484375,44566500,0.0,0.0
2023-10-30 00:00:00-04:00,122.2860385724438,124.45961803038976,121.82948905369454,123.52666473388672,28940100,0.0,0.0
2023-10-31 00:00:00-04:00,124.12215988427495,124.42984031174664,121.76993760214455,123.1495132446289,26292300,0.0,0.0
2023-11-01 00:00:00-04:00,123.13959001581209,125.54144044779346,122.79221620493564,125.50173950195312,30082400,0.0,0.0
2023-11-02 00:00:00-04:00,127.4569770417309,128.01277518054732,125.97815266684763,126.53395080566406,27124600,0.0,0.0
2023-11-03 00:00:00-04:00,127.05996371421396,128.55863455349083,126.9011599427464,128.13186645507812,26393100,0.0,0.0
2023-11-06 00:00:00-05:00,128.08224111307598,129.3625605799608,127.7050859338931,129.2732391357422,19052700,0.0,0.0
2023-11-07 00:00:00-05:00,129.72980920218515,130.9208073441977,128.90603157499936,129.98785400390625,29757300,0.0,0.0
2023-11-08 00:00:00-05:00,129.98784740054361,131.21855399990926,129.7992698016351,130.851318359375,26425800,0.0,0.0
2023-11-09 00:00:00-05:00,130.97042365935377,131.55599554780142,129.09459758945283,129.26332092285156,23747800,0.0,0.0
2023-11-10 00:00:00-05:00,129.12437037075154,131.80411971424755,128.43954234138178,131.59568786621094,26913300,0.0,0.0
2023-11-13 00:00:00-05:00,130.7917686694096,131.59569198317294,130.26574439881477,131.0994415283203,18324800,0.0,0.0
2023-11-14 00:00:00-05:00,133.1836984817578,134.68236939202447,132.3202275430886,132.6179656982422,32395200,0.0,0.0
2023-11-15 00:00:00-05:00,133.85861415853404,134.01741796401828,132.5683748859767,133.61048889160156,23861500,0.0,0.0
2023-11-16 00:00:00-05:00,134.17619538121033,136.19097094090904,133.31272446829985,135.90313720703125,28013200,0.0,0.0
2023-11-17 00:00:00-05:00,134.9801160980622,135.03966372618416,132.6477330342115,134.2952880859375,37240600,0.0,0.0
2023-11-20 00:00:00-05:00,132.68744121099556,135.63516995040786,132.61795888212296,135.22824096679688,27815500,0.0,0.0
2023-11-21 00:00:00-05:00,135.26793213333067,136.1512572706716,134.94042018483108,135.94284057617188,22635300,0.0,0.0
2023-11-22 00:00:00-05:00,136.43909143782605,138.3744650434286,136.43909143782605,137.45144653320312,17813900,0.0,0.0
2023-11-24 00:00:00-05:00,136.9949104607267,137.09416661748833,134.97021510431284,135.6649627685547,12514300,0.0,0.0
2023-11-27 00:00:00-05:00,135.0099144629775,137.38199132880567,134.9801406435023,135.38706970214844,23436500,0.0,0.0
2023-11-28 00:00:00-05:00,135.05953110146496,136.22075539571145,134.40447683977845,136.17112731933594,18730000,0.0,0.0
2023-11-29 00:00:00-05:00,136.5383455929967,137.25293225328704,133.82880744021125,133.97769165039062,23967200,0.0,0.0
2023-11-30 00:00:00-05:00,134.0372391259656,134.533489537284,130.29550678420406,131.5361328125,38988300,0.0,0.0
2023-12-01 00:00:00-05:00,130.87115478515625,131.11927998267518,129.69007642186855,130.87115478515625,31442300,0.0,0.0
2023-12-04 00:00:00-05:00,128.90603964218352,129.05490874011545,126.94088425548,128.3006134033203,36669900,0.0,0.0
2023-12-05 00:00:00-05:00,127.98299525723667,131.14907573021983,127.28824761685543,130.00770568847656,27384800,0.0,0.0
2023-12-06 00:00:00-05:00,130.45433249808588,130.85132683618656,128.9060333773847,129.04498291015625,23576200,0.0,0.0
2023-12-07 00:00:00-05:00,134.02731116371308,137.52091847546023,133.68986450169766,135.90313720703125,56767100,0.0,0.0
2023-12-08 00:00:00-05:00,133.19360751878372,135.37710630216824,133.024884196069,133.97769165039062,32260100,0.0,0.0
2023-12-11 00:00:00-05:00,131.38728665345792,132.34007912846104,130.3749313974492,132.2904510498047,31138000,0.0,0.0
2023-12-12 00:00:00-05:00,130.82154752185775,132.00262607297714,130.2756689716308,131.52622985839844,29032800,0.0,0.0
2023-12-13 00:00:00-05:00,132.379774745465,132.4988700071408,130.58335054149978,131.5758514404297,30104800,0.0,0.0
2023-12-14 00:00:00-05:00,132.37976513726198,132.7172117837592,128.71743466292693,130.9505615234375,38722400,0.0,0.0
2023-12-15 00:00:00-05:00,130.63297472797083,132.5088009828191,130.19627187171184,131.6056365966797,50847100,0.0,0.0
2023-12-18 00:00:00-05:00,131.63540528883573,136.1214986599511,131.43689298418388,134.78163146972656,32258000,0.0,0.0
2023-12-19 00:00:00-05:00,135.81382173780045,136.43910216120065,135.05952649346082,135.625244140625,25476800,0.0,0.0
2023-12-20 00:00:00-05:00,137.9278622500159,140.63738568200563,137.03461742674637,137.30258178710938,49107200,0.0,0.0
2023-12-21 00:00:00-05:00,138.44398562923723,139.6349839353181,138.13629756310746,139.36700439453125,27488300,0.0,0.0
2023-12-22 00:00:00-05:00,139.71438359467422,140.92523614395293,139.65483595198262,140.42898559570312,26532200,0.0,0.0
2023-12-26 00:00:00-05:00,140.52819216023732,141.61001445550394,140.1311978767292,140.45872497558594,16780300,0.0,0.0
2023-12-27 00:00:00-05:00,140.52820465495105,141.0145355681964,138.84095608348233,139.31735229492188,19628600,0.0,0.0
2023-12-28 00:00:00-05:00,139.72429963872332,140.0816006302494,138.70202474659453,139.1784210205078,16045700,0.0,0.0
2023-12-29 00:00:00-05:00,138.5829084225353,139.3074298543242,137.73927658207975,138.6424560546875,18733000,0.0,0.0
2024-01-02 00:00:00-05:00,137.51098999214332,138.40423466169574,135.45650605006813,137.1338348388672,23711200,0.0,0.0
2024-01-03 00:00:00-05:00,136.22076003752528,138.58291722535583,136.05203668758926,137.87823486328125,24212100,0.0,0.0
2024-01-04 00:00:00-05:00,137.38196297189364,138.1164190375322,135.32749413034747,135.3671875,27137700,0.0,0.0
2024-01-05 00:00:00-05:00,135.72451347642397,136.13144252624735,134.13650579847908,134.712158203125,22513900,0.0,0.0
2024-01-08 00:00:00-05:00,135.26793269762982,137.9675361915349,135.23815888400566,137.79881286621094,21404000,0.0,0.0
2024-01-09 00:00:00-05:00,137.46138108120132,140.42896436301152,137.11399969220417,139.89300537109375,24759600,0.0,0.0
2024-01-10 00:00:00-05:00,139.94261288211587,141.92761448328065,139.85329144470995,141.2130126953125,21320200,0.0,0.0
2024-01-11 00:00:00-05:00,142.4139716480829,144.13099411000476,139.58533778589887,141.01454162597656,24008700,0.0,0.0
2024-01-12 00:00:00-05:00,141.6001002299109,142.12612449032548,140.75648355960536,141.5802459716797,18785500,0.0,0.0
2024-01-16 00:00:00-05:00,140.93513210487004,143.26751534885753,140.38925356432378,141.4214630126953,22670500,0.0,0.0
2024-01-17 00:00:00-05:00,140.29000813187008,140.77632387999014,137.85836881382235,140.4091033935547,20968600,0.0,0.0
2024-01-18 00:00:00-05:00,140.98475322574876,143.12855876412843,140.92520559596517,142.40402221679688,25746400,0.0,0.0
2024-01-19 00:00:00-05:00,143.65458671612103,145.35175478607076,143.29728578386394,145.28228759765625,34271900,0.0,0.0
2024-01-22 00:00:00-05:00,145.99689454630132,147.2772140972634,144.7463336676715,144.8952178955078,32200400,0.0,0.0
2024-01-23 00:00:00-05:00,144.79596212537868,146.07628167971635,144.40888736296378,145.9373321533203,21636100,0.0,0.0
2024-01-24 00:00:00-05:00,147.4260808607733,148.7262697948882,146.98939317466798,147.5848846435547,25233500,0.0,0.0
2024-01-25 00:00:00-05:00,148.944605003714,151.90225320047952,148.4185656374429,150.73109436035156,29149100,0.0,0.0
2024-01-26 00:00:00-05:00,149.9668989175663,151.39608755777192,149.87756232275885,151.04872131347656,26115500,0.0,0.0
2024-01-29 00:00:00-05:00,150.91970223766634,152.62680519863352,150.29442175069474,152.35882568359375,27784300,0.0,0.0
2024-01-30 00:00:00-05:00,151.65416654936732,152.46800955182925,150.05623922063467,150.32421875,36331800,0.0,0.0
2024-01-31 00:00:00-05:00,142.54296958721974,142.92012476265015,138.8210913381924,139.04937744140625,71910000,0.0,0.0
2024-02-01 00:00:00-05:00,141.0542328791591,141.9871862131904,139.73420477296187,140.1014404296875,40466500,0.0,0.0
2024-02-02 00:00:00-05:00,138.21568812094753,141.55049219078217,135.47639072744062,141.3123016357422,62499600,0.0,0.0
2024-02-05 00:00:00-05:00,141.74898755775797,144.37910891749272,141.70927904042497,142.60252380371094,38505400,0.0,0.0
2024-02-06 00:00:00-05:00,143.56525733160348,144.2699396743933,142.11621441563744,143.01939392089844,29128200,0.0,0.0
2024-02-07 00:00:00-05:00,143.67442837133774,144.5279797721388,142.8506507867212,144.44857788085938,25208900,0.0,0.0
2024-02-08 00:00:00-05:00,144.73640926724323,145.2326597213676,144.01188784464298,144.81581115722656,22563800,0.0,0.0
2024-02-09 00:00:00-05:00,145.58005015290775,148.3193628074314,145.08379961628992,147.88265991210938,26829500,0.0,0.0
2024-02-12 00:00:00-05:00,147.30698549594433,148.2200845297744,146.26485649564665,146.4236602783203,21564100,0.0,0.0
2024-02-13 00:00:00-05:00,143.83323854119595,145.57011523611322,142.61246659033287,144.0515899658203,27837700,0.0,0.0
2024-02-14 00:00:00-05:00,144.9845305723091,145.42123338322318,143.00944836635193,144.8455810546875,22704200,0.0,0.0
2024-02-15 00:00:00-05:00,142.06659185995144,142.44374708435768,139.40669646187024,141.69937133789062,37590700,0.0,0.0
2024-02-16 00:00:00-05:00,141.9177107623263,142.1162079157189,139.08907710730534,139.4662322998047,31468900,0.0,0.0
2024-02-20 00:00:00-05:00,138.61269407325094,141.0145446894188,138.4439707196268,140.06173706054688,25144700,0.0,0.0
2024-02-21 00:00:00-05:00,140.38926092804869,141.6199675981642,139.62503093119838,141.48101806640625,23223300,0.0,0.0
2024-02-22 00:00:00-05:00,143.84315762538745,143.9126399622496,141.72914086755702,143.00946044921875,27191900,0.0,0.0
2024-02-23 00:00:00-05:00,142.5925983953203,143.59501882359496,142.35439273418308,142.88043212890625,19493800,0.0,0.0
2024-02-26 00:00:00-05:00,141.07405045221412,141.37180369437843,136.3596720750828,136.538330078125,53641800,0.0,0.0
2024-02-27 00:00:00-05:00,136.98498010411188,138.20575198535647,136.06194638095468,137.83853149414062,33099200,0.0,0.0
2024-02-28 00:00:00-05:00,136.86589051635528,136.975066239049,134.394572562124,135.3572998046875,37328600,0.0,0.0
2024-02-29 00:00:00-05:00,136.25053286698093,137.81868622745773,135.377127161307,137.42169189453125,42133000,0.0,0.0
2024-03-01 00:00:00-05:00,137.39189175788897,137.8285945752075,135.89322085696574,136.111572265625,31151100,0.0,0.0
2024-03-04 00:00:00-05:00,134.64268084656484,134.64268084656484,130.9208023300921,132.35000610351562,55999400,0.0,0.0
2024-03-05 00:00:00-05:00,130.8910407129197,132.24084271980698,129.6901078028214,131.67510986328125,40194800,0.0,0.0
2024-03-06 00:00:00-05:00,132.12171457090452,132.57827164707297,129.86874843851078,130.41461181640625,35318600,0.0,0.0
2024-03-07 00:00:00-05:00,131.79418082018677,133.92806672802465,130.6230370899261,133.3722686767578,37738200,0.0,0.0
2024-03-08 00:00:00-05:00,133.20354849306366,137.0544415724304,132.99511664674006,134.39454650878906,39370400,0.0,0.0
2024-03-11 00:00:00-04:00,135.10915896262767,138.05688799115902,135.10915896262767,136.63760375976562,32437800,0.0,0.0
2024-03-12 00:00:00-04:00,136.0024024134986,138.33478567710262,136.0024024134986,137.4613800048828,27563400,0.0,0.0
2024-03-13 00:00:00-04:00,137.95763014261004,140.03195346478358,137.94771058521772,138.74169921875,23347200,0.0,0.0
2024-03-14 00:00:00-04:00,140.13122067260912,142.513217049872,139.40669917238256,142.0269012451172,42753400,0.0,0.0
2024-03-15 00:00:00-04:00,141.43138537879798,142.10627875552206,138.97990682068314,140.12127685546875,49475400,0.0,0.0
2024-03-18 00:00:00-04:00,147.49557408746915,151.00902096089294,146.06637022561426,146.57254028320312,69273700,0.0,0.0
2024-03-19 00:00:00-04:00,147.04894486376466,147.6742101661268,144.98454106374294,145.9274139404297,24070400,0.0,0.0
2024-03-20 00:00:00-04:00,146.89014708409312,147.74369854454548,145.63960128386148,147.62460327148438,21311500,0.0,0.0
2024-03-21 00:00:00-04:00,148.34913621812512,149.24238112382295,145.79840119766337,146.4931640625,24755600,0.0,0.0
2024-03-22 00:00:00-04:00,148.0017381108715,150.4432971327226,147.86278858243205,149.63937377929688,29211800,0.0,0.0
2024-03-25 00:00:00-04:00,148.8155806383432,149.25228343768953,146.71148367170483,148.94461059570312,19229300,0.0,0.0
2024-03-26 00:00:00-04:00,149.09349296069317,151.1181882221387,148.85528728225617,149.5401153564453,22149100,0.0,0.0
2024-03-27 00:00:00-04:00,150.0462745317352,150.50283159628924,147.78337375554537,149.7386016845703,22879200,0.0,0.0
2024-03-28 00:00:00-04:00,149.71876999163942,150.2944071987847,149.0438614902864,149.79815673828125,24485400,0.0,0.0
2024-04-01 00:00:00-04:00,149.5599671303415,154.57209984115423,149.48056523884867,154.323974609375,31730800,0.0,0.0
2024-04-02 00:00:00-04:00,152.3489065422849,153.53990473719549,151.00902410778318,153.4009552001953,24586000,0.0,0.0
2024-04-03 00:00:00-04:00,152.44816154374408,153.91705880149465,151.58467536489442,153.7582550048828,24705000,0.0,0.0
2024-04-04 00:00:00-04:00,152.34889789636918,153.60937836042848,149.3217669288391,149.4011688232422,34724700,0.0,0.0
2024-04-05 00:00:00-04:00,148.90492090258869,152.26949862092886,148.47815275024013,151.3563995361328,23459200,0.0,0.0
2024-04-08 00:00:00-04:00,151.63431250953576,154.10564562982418,151.46558914468523,153.6887969970703,20702000,0.0,0.0
2024-04-09 00:00:00-04:00,154.9194891977169,157.3709680650796,154.02624428775735,155.42567443847656,31079500,0.0,0.0
2024-04-10 00:00:00-04:00,155.0385680237579,155.43556231518494,153.520027755364,154.96908569335938,22838600,0.0,0.0
2024-04-11 00:00:00-04:00,155.73333190851926,158.48254871038773,155.28670949781988,158.21458435058594,27166400,0.0,0.0
2024-04-12 00:00:00-04:00,156.7754663121818,159.01851314437133,155.96160821412113,156.54718017578125,25353700,0.0,0.0
2024-04-15 00:00:00-04:00,157.6687038087309,158.0458590213951,153.43072045036504,153.69869995117188,27136500,0.0,0.0
2024-04-16 00:00:00-04:00,153.03372500347797,154.4827679200494,152.27941458366453,153.2421417236328,20779500,0.0,0.0
2024-04-17 00:00:00-04:00,154.45299200861103,155.902050049897,153.42079769070784,154.3041229248047,21763100,0.0,0.0
2024-04-18 00:00:00-04:00,154.17509879172633,155.76310641946125,153.4604968736819,154.84007263183594,19883000,0.0,0.0
2024-04-19 00:00:00-04:00,155.02864105305625,155.1874448352903,151.157893513365,152.93446350097656,32615600,0.0,0.0
2024-04-22 00:00:00-04:00,153.15281939939192,156.45784938513543,152.90469416152254,155.10804748535156,26446200,0.0,0.0
2024-04-23 00:00:00-04:00,155.78294214571977,157.77786342870908,155.10803368370046,157.07318115234375,21151600,0.0,0.0
2024-04-24 00:00:00-04:00,156.30897512463662,158.37337885267914,155.991367561386,157.93667602539062,22779100,0.0,0.0
2024-04-25 00:00:00-04:00,150.1951766135992,155.31648535594996,149.73861949474144,154.8301544189453,57109700,0.0,0.0
2024-04-26 00:00:00-04:00,173.06238823512538,173.399850072579,168.37778247380382,170.66053771972656,64665300,0.0,0.0
2024-04-29 00:00:00-04:00,167.79220353593925,168.27853443993808,163.97108407090454,164.90402221679688,45610000,0.0,0.0
2024-04-30 00:00:00-04:00,164.36809054901573,166.8394234809616,161.38066800310506,161.55931091308594,33562900,0.0,0.0
2024-05-01 00:00:00-04:00,163.0679131791334,165.86675805283966,161.86698033617475,162.63121032714844,33493200,0.0,0.0
2024-05-02 00:00:00-04:00,163.55422015396346,165.4796743643417,162.6609753825577,165.37049865722656,24294500,0.0,0.0
2024-05-03 00:00:00-04:00,166.30346280179975,166.70047228284332,161.8272888066215,165.98587036132812,34662400,0.0,0.0
2024-05-06 00:00:00-04:00,166.2042164988209,166.8791098785654,164.78493225886228,166.83941650390625,21871300,0.0,0.0
2024-05-07 00:00:00-04:00,167.23641214858006,170.47195983372737,167.12723643695188,169.96578979492188,28039700,0.0,0.0
2024-05-08 00:00:00-04:00,167.73264706920992,168.87401701223217,167.47460229491972,168.10980224609375,19569100,0.0,0.0
2024-05-09 00:00:00-04:00,168.11973776202532,169.40999204467994,166.9188049315239,168.6854705810547,15346700,0.0,0.0
2024-05-10 00:00:00-04:00,166.76995386436658,168.57631308413568,164.94375552710616,167.3852996826172,29799900,0.0,0.0
2024-05-13 00:00:00-04:00,163.02820299532175,168.0105620780994,162.77015819649304,167.87161254882812,31327600,0.0,0.0
2024-05-14 00:00:00-04:00,168.49688914969917,169.96578630331507,167.5341620244905,169.06260681152344,25127100,0.0,0.0
2024-05-15 00:00:00-04:00,169.35043246910703,171.35527337198997,169.23132206360498,171.21632385253906,26948400,0.0,0.0
2024-05-16 00:00:00-04:00,171.990499747309,173.80677848039133,171.3950082058099,172.8738250732422,27867900,0.0,0.0
2024-05-17 00:00:00-04:00,172.87380893604973,174.94814744007684,172.387493160876,174.73971557617188,24479300,0.0,0.0
2024-05-20 00:00:00-04:00,174.86875548022488,177.42940990488938,174.75957976328465,175.59327697753906,22554400,0.0,0.0
2024-05-21 00:00:00-04:00,175.57340838811095,176.81403455010823,174.49158600949627,176.51629638671875,16989400,0.0,0.0
2024-05-22 00:00:00-04:00,175.31535679142465,175.82152679389606,173.89608778649955,175.05731201171875,17880000,0.0,0.0
2024-05-23 00:00:00-04:00,175.7421581518555,176.913302054648,171.65304376131735,172.24855041503906,21024900,0.0,0.0
2024-05-24 00:00:00-04:00,173.6678149317287,174.45189917635065,172.34778682854989,173.67774963378906,16579400,0.0,0.0
2024-05-28 00:00:00-04:00,173.14178984862892,175.94064983167806,173.06238795431943,175.07716369628906,20572200,0.0,0.0
2024-05-29 00:00:00-04:00,174.1144102474504,175.51384002756012,173.4097431514988,174.5808868408203,23388700,0.0,0.0
2024-05-30 00:00:00-04:00,173.88616018139018,173.90601444044296,170.50172837010513,170.8193359375,22931500,0.0,0.0
2024-05-31 00:00:00-04:00,170.57120566797727,171.76220372181547,168.16935530183432,171.20640563964844,37638900,0.0,0.0
2024-06-03 00:00:00-04:00,171.24610323694733,173.22118553313896,169.8764622562065,171.8713836669922,27459100,0.0,0.0
2024-06-04 00:00:00-04:00,171.98055484617473,172.5462876288162,170.60097920010114,172.48672485351562,26879600,0.0,0.0
2024-06-05 00:00:00-04:00,173.88615737761106,175.32528067630372,172.62567697442577,174.09458923339844,22068500,0.0,0.0
2024-06-06 00:00:00-04:00,174.5809159744427,175.8215421969568,174.43204688548622,175.40469360351562,23251000,0.0,0.0
2024-06-07 00:00:00-04:00,175.72230738756323,176.53615034318676,172.99292960170388,173.1517333984375,19661400,0.0,0.0
2024-06-10 00:00:00-04:00,173.85720320728015,175.9339073021769,171.66125199471998,173.89694213867188,23726700,0.2,0.0
2024-06-11 00:00:00-04:00,175.0992389145037,175.71529085184466,172.66482398993008,175.49668884277344,21540600,0.0,0.0
2024-06-12 00:00:00-04:00,177.1163217725909,179.26258771171092,174.98993287783568,176.65924072265625,27864700,0.0,0.0
2024-06-13 00:00:00-04:00,174.9899603208632,175.6159584417151,173.76778723125477,174.04600524902344,20913300,0.0,0.0
2024-06-14 00:00:00-04:00,173.1119567987189,175.93389067490244,173.04239472317744,175.6656036376953,18063600,0.0,0.0
2024-06-17 00:00:00-04:00,174.34408443003642,177.22563442085436,173.69820932054725,176.11276245117188,19618500,0.0,0.0
2024-06-18 00:00:00-04:00,176.01339021741077,176.26180021913805,172.9927312675741,173.97642517089844,21869900,0.0,0.0
2024-06-20 00:00:00-04:00,174.25464833709086,176.1624353876285,173.8770754332329,175.17874145507812,20160100,0.0,0.0
2024-06-21 00:00:00-04:00,175.87430098217567,179.69982150326564,175.48678194241356,178.48757934570312,57759000,0.0,0.0
2024-06-24 00:00:00-04:00,179.01416306617313,179.73951592780148,177.53363419793985,178.08013916015625,18298000,0.0,0.0
2024-06-25 00:00:00-04:00,178.47761719658297,183.1179143136271,178.27889222308787,182.8595733642578,23130200,0.0,0.0
2024-06-26 00:00:00-04:00,181.4684755299556,183.33650839401088,181.31942043498108,182.7105255126953,19839000,0.0,0.0
2024-06-27 00:00:00-04:00,183.00861627114853,184.8667334659005,182.84964538682112,184.23080444335938,18848900,0.0,0.0
2024-06-28 00:00:00-04:00,183.14772821008222,183.95257416720727,180.802737253132,180.99151611328125,29156600,0.0,0.0
2024-07-01 00:00:00-04:00,181.8659413243254,182.710541450962,180.14694824354996,181.82620239257812,16006100,0.0,0.0
2024-07-02 00:00:00-04:00,180.89216044416673,184.38977740074063,180.40527139828873,184.06187438964844,17372500,0.0,0.0
2024-07-03 00:00:00-04:00,183.6743516250974,184.90645546496816,182.8297515992084,184.63818359375,10242100,0.0,0.0
2024-07-05 00:00:00-04:00,184.67792788657385,189.6461278026425,184.61831191345988,189.38778686523438,20967500,0.0,0.0
2024-07-08 00:00:00-04:00,188.69223602398804,188.96052307793317,186.58572400777334,187.82777404785156,21035900,0.0,0.0
2024-07-09 00:00:00-04:00,189.09963450972523,190.14295958916762,187.5197504772306,187.77809143066406,15121400,0.0,0.0
2024-07-10 00:00:00-04:00,187.94700799576873,190.53047817126304,187.82777604241306,189.96409606933594,15952500,0.0,0.0
2024-07-11 00:00:00-04:00,188.6425794494634,189.64615049436205,183.90291191713072,184.38980102539062,25625800,0.0,0.0
2024-07-12 00:00:00-04:00,183.90287527675184,185.91996306920694,183.31663137213008,183.8929443359375,22898400,0.0,0.0
2024-07-15 00:00:00-04:00,183.74391265022248,187.04280482965035,183.74391265022248,185.3436737060547,16474000,0.0,0.0
2024-07-16 00:00:00-04:00,186.16838328349618,187.4799801449797,182.20375438973656,182.75025939941406,18290700,0.0,0.0
2024-07-17 00:00:00-04:00,181.80632373022326,182.3826367867754,178.7558414559852,179.8687286376953,20734100,0.0,0.0
2024-07-18 00:00:00-04:00,180.77293018820677,181.33931230427376,175.3476639106666,176.55990600585938,25315700,0.0,0.0
2024-07-19 00:00:00-04:00,177.74234773802445,179.14336877027299,176.00347754543185,176.5301055908203,18881900,0.0,0.0
2024-07-22 00:00:00-04:00,179.44142398482322,181.5380047578906,179.08371301817576,180.51455688476562,24100300,0.0,0.0
2024-07-23 00:00:00-04:00,180.89216041821464,182.44223635279693,180.38539432762542,180.63380432128906,36352700,0.0,0.0
2024-07-24 00:00:00-04:00,172.4959059646395,175.069429864651,170.72722801961868,171.53207397460938,49585200,0.0,0.0
2024-07-25 00:00:00-04:00,171.42278967121095,172.31705967237997,166.12668626172413,166.2161102294922,44852000,0.0,0.0
2024-07-26 00:00:00-04:00,166.08692140634935,167.020945440501,163.0165774179734,165.93788146972656,41336900,0.0,0.0
2024-07-29 00:00:00-04:00,167.75623728269647,169.34605213128413,166.92158335005726,168.4517822265625,20293800,0.0,0.0
2024-07-30 00:00:00-04:00,169.15728508367997,170.14097901520392,167.36872998762226,169.2069549560547,18959700,0.0,0.0
2024-07-31 00:00:00-04:00,172.13820531777287,173.14177629603867,168.92873708461033,170.44900512695312,25729100,0.0,0.0
2024-08-01 00:00:00-04:00,169.16719928563558,172.94303407883817,167.80591742361148,169.6739501953125,24531400,0.0,0.0
2024-08-02 00:00:00-04:00,165.38144985923282,167.438276847675,163.62270275190997,165.6000518798828,29130100,0.0,0.0
2024-08-05 00:00:00-04:00,154.5110472195564,163.38424670507362,153.94466504214253,158.23719787597656,53630700,0.0,0.0
2024-08-06 00:00:00-04:00,158.31665821940092,159.5487772402718,155.41523132677855,157.28326416015625,49004600,0.0,0.0
2024-08-07 00:00:00-04:00,160.22444407280443,161.94343696392548,157.46212618793052,157.92913818359375,25138600,0.0,0.0
2024-08-08 00:00:00-04:00,159.4891744508348,162.64895800070045,159.19109453629167,160.99951171875,25578800,0.0,0.0
2024-08-09 00:00:00-04:00,158.99233275753915,162.74829078749448,158.04837777910737,162.62905883789062,28602300,0.0,0.0
2024-08-12 00:00:00-04:00,163.30472342732642,163.85121324225588,160.81067757790242,161.2578125,15895300,0.0,0.0
2024-08-13 00:00:00-04:00,162.37072151296138,163.6823184730739,161.93351747234263,163.11595153808594,18551700,0.0,0.0
2024-08-14 00:00:00-04:00,161.36712454072207,162.1819165911199,156.70696583237768,159.35003662109375,40591100,0.0,0.0
2024-08-15 00:00:00-04:00,159.47919398404517,160.6119427927893,158.5948551347777,160.27410888671875,31524300,0.0,0.0
2024-08-16 00:00:00-04:00,160.44303978023876,164.0102034694482,160.10520584481466,161.92356872558594,24208600,0.0,0.0
2024-08-19 00:00:00-04:00,164.22882628821975,165.6298623978553,163.21530919170212,165.6099853515625,22416200,0.0,0.0
2024-08-20 00:00:00-04:00,165.83851174622947,167.5674508233367,165.75903388769558,166.11672973632812,18341500,0.0,0.0
2024-08-21 00:00:00-04:00,164.0996212243287,165.78882116111723,163.6226783239988,164.79518127441406,22902000,0.0,0.0
2024-08-22 00:00:00-04:00,166.19621017398273,166.5241131721472,162.2713354606225,162.7582244873047,22493300,0.0,0.0
2024-08-23 00:00:00-04:00,163.67239563965794,165.12310166986182,162.78805657250106,164.56666564941406,13955700,0.0,0.0
2024-08-26 00:00:00-04:00,165.32182772050928,166.48438469877073,163.414040743741,165.1032257080078,14190400,0.0,0.0
2024-08-27 00:00:00-04:00,164.78527080999132,165.38146093564725,163.41405777977417,163.6326446533203,11821900,0.0,0.0
2024-08-28 00:00:00-04:00,163.99035967655564,164.54681088282098,160.50268829353018,161.81430053710938,16407400,0.0,0.0
2024-08-29 00:00:00-04:00,163.26497594791422,164.91442188543905,159.23080022153445,160.75106811523438,19699800,0.0,0.0
2024-08-30 00:00:00-04:00,161.58573574397926,162.6191298588304,160.66165779990888,162.34091186523438,22123800,0.0,0.0
2024-09-03 00:00:00-04:00,160.6914786071736,160.82065667227133,155.4847990112644,156.3592071533203,38945300,0.0,0.0
2024-09-04 00:00:00-04:00,155.66364237973846,157.98875628626521,154.9680974284368,155.45497131347656,19353800,0.0,0.0
2024-09-05 00:00:00-04:00,155.30595085455087,158.43591110872654,154.9879787445199,156.23997497558594,18688700,0.0,0.0
2024-09-06 00:00:00-04:00,156.29955606670086,156.82618398985952,149.5924868805478,149.9601287841797,37912100,0.0,0.0
2024-09-09 00:00:00-04:00,151.7411114283819,152.62662386310816,146.47778778010462,147.9602813720703,39260500,0.2,0.0
2024-09-10 00:00:00-04:00,149.691491353924,150.5073645461692,147.59212847902893,147.9105224609375,31118800,0.0,0.0
2024-09-11 00:00:00-04:00,149.16419505975477,150.73623150719806,146.77630043535657,150.39794921875,29607700,0.0,0.0
2024-09-12 00:00:00-04:00,153.02462848632382,154.03949046129577,151.88041704126704,153.91014099121094,29621500,0.0,0.0
2024-09-13 00:00:00-04:00,154.64640360263152,157.58154353635638,154.42752668404324,156.6661834716797,29591200,0.0,0.0
2024-09-16 00:00:00-04:00,156.51693413001883,157.45219763829544,155.81052202950406,157.26315307617188,18379800,0.0,0.0
2024-09-17 00:00:00-04:00,158.21830933206348,159.740594664956,157.5815364815847,158.5167999267578,20715600,0.0,0.0
2024-09-18 00:00:00-04:00,159.05408446311074,159.69085736808276,157.8004420763462,159.00433349609375,23677300,0.0,0.0
2024-09-19 00:00:00-04:00,162.88466293518638,162.96424625525552,160.52660096333298,161.32257080078125,26587700,0.0,0.0
2024-09-20 00:00:00-04:00,162.67573141732413,162.90456764484875,161.2429886014312,162.76527404785156,40896400,0.0,0.0
2024-09-23 00:00:00-04:00,163.52145415015693,164.65570636191646,160.8549571722446,161.0340576171875,24150900,0.0,0.0
2024-09-24 00:00:00-04:00,162.20809181188605,162.39713636620655,159.87989243963506,161.47181701660156,23332100,0.0,0.0
2024-09-25 00:00:00-04:00,160.6559541225392,161.9891949013652,160.48681299524299,160.6758575439453,18869200,0.0,0.0
2024-09-26 00:00:00-04:00,162.81500754909376,163.2527917160846,161.46186338833198,161.9095916748047,20319300,0.0,0.0
2024-09-27 00:00:00-04:00,161.98920666955183,164.86463640620642,161.81012140947348,163.1234588623047,21101300,0.0,0.0
2024-09-30 00:00:00-04:00,162.49664152148338,165.31236092462515,162.43693125430474,165.01388549804688,20413900,0.0,0.0
2024-10-01 00:00:00-04:00,166.84461558970514,168.30720599470146,163.7502936339334,166.1481475830078,28338100,0.0,0.0
2024-10-02 00:00:00-04:00,165.58099330587024,166.67545373891107,163.8995109959539,165.02381896972656,17760200,0.0,0.0
2024-10-03 00:00:00-04:00,163.58113216752693,165.79988539247842,163.0935970324702,165.02381896972656,15073100,0.0,0.0
2024-10-04 00:00:00-04:00,167.21273199051447,167.3818731227034,164.6457371019136,166.2177734375,19047400,0.0,0.0
2024-10-07 00:00:00-04:00,166.87444945314562,167.63061248672904,161.92950423820415,162.15834045410156,22463100,0.0,0.0
2024-10-08 00:00:00-04:00,163.1134853984405,163.89949586826802,162.04887260439375,163.55126953125,23072700,0.0,0.0
2024-10-09 00:00:00-04:00,162.6259561269001,164.00894776946933,158.93466876764882,161.04397583007812,31181800,0.0,0.0
2024-10-10 00:00:00-04:00,160.0589870760538,162.24790816824293,159.591355313801,161.2628936767578,14144100,0.0,0.0
2024-10-11 00:00:00-04:00,161.31261821924474,163.07368374330417,160.42710580677368,162.41702270507812,15344300,0.0,0.0
2024-10-14 00:00:00-04:00,162.81501959424767,165.3919586438415,162.5762240722605,164.1283721923828,19016100,0.0,0.0
2024-10-15 00:00:00-04:00,164.95416217665158,166.8346331245922,163.8000218608721,164.62583923339844,20247200,0.0,0.0
2024-10-16 00:00:00-04:00,163.70054850003686,164.964150259848,162.91453783200808,164.32737731933594,16406000,0.0,0.0
2024-10-17 00:00:00-04:00,164.8944683866494,165.53124122104538,161.93944041934847,162.10858154296875,21453400,0.0,0.0
2024-10-18 00:00:00-04:00,162.3672941471386,163.87963544942022,162.2578480953578,162.59613037109375,19757700,0.0,0.0
2024-10-21 00:00:00-04:00,162.12851012597127,163.67069908073404,161.8001719473291,163.2428741455078,20946500,0.0,0.0
2024-10-22 00:00:00-04:00,162.15833529455813,164.93427806644567,162.15833529455813,164.3074493408203,16568100,0.0,0.0
2024-10-23 00:00:00-04:00,163.9293642522353,164.98403306169303,161.11362975074982,161.9593505859375,18280500,0.0,0.0
2024-10-24 00:00:00-04:00,162.00908898296657,162.50656821640374,160.1982572859619,161.89964294433594,22412500,0.0,0.0
2024-10-25 00:00:00-04:00,162.8448432872073,164.75516163773898,162.5961036814319,164.43678283691406,19828900,0.0,0.0
2024-10-28 00:00:00-04:00,167.89923522550737,167.89923522550737,163.12343172049856,165.8794708251953,32138600,0.0,0.0
2024-10-29 00:00:00-04:00,166.88438836507615,169.52103755308448,166.24761551933543,168.82455444335938,42169000,0.0,0.0
2024-10-30 00:00:00-04:00,179.76908724801194,181.10234312249673,173.18246710164854,173.58045959472656,68890800,0.0,0.0
2024-10-31 00:00:00-04:00,172.2571653376557,175.92856453316725,170.13789893136754,170.24734497070312,44769000,0.0,0.0
2024-11-01 00:00:00-04:00,169.2126171068855,171.45127396637912,168.02861393876626,170.42645263671875,31796500,0.0,0.0
2024-11-04 00:00:00-05:00,169.07330370933886,169.86927360734452,167.16298506324307,168.3867950439453,21492700,0.0,0.0
2024-11-05 00:00:00-05:00,168.57582742660242,169.67028795360784,167.9888054993283,168.88427734375,18242100,0.0,0.0
2024-11-06 00:00:00-05:00,172.92380321236175,176.04797252771442,172.62531260376363,175.62013244628906,33695500,0.0,0.0
2024-11-07 00:00:00-05:00,176.51560241710214,180.16709852379773,176.2967103185547,179.83876037597656,25352900,0.0,0.0
2024-11-08 00:00:00-05:00,179.7392438048685,179.98798342551285,177.18220839921253,177.4508514404297,22006200,0.0,0.0
2024-11-11 00:00:00-05:00,177.67969975449668,179.6397693133584,177.5702537066768,179.44078063964844,17450400,0.0,0.0
2024-11-12 00:00:00-05:00,178.91344777717472,181.569985195191,178.48560772038502,180.70436096191406,25134900,0.0,0.0
2024-11-13 00:00:00-05:00,179.5502161710403,180.04769541710874,177.63988250609916,177.97817993164062,23184000,0.0,0.0
2024-11-14 00:00:00-05:00,177.38122476369978,177.9185109300503,173.44119705916114,174.69483947753906,31007500,0.0,0.0
2024-11-15 00:00:00-05:00,172.8541459998015,173.2620826521563,170.35680548513443,171.6204071044922,32504600,0.0,0.0
2024-11-18 00:00:00-05:00,172.54571749253887,174.55553810267529,172.0283347729084,174.41624450683594,20135300,0.0,0.0
2024-11-19 00:00:00-05:00,172.84420375176396,177.96823430730947,172.68500673714084,177.22201538085938,23434900,0.0,0.0
2024-11-20 00:00:00-05:00,176.44593283355675,176.78421507240827,172.90388308120177,175.09278869628906,18997100,0.0,0.0
2024-11-21 00:00:00-05:00,173.02329149320352,173.2521428982115,162.87471698401734,166.784912109375,59734400,0.0,0.0
2024-11-22 00:00:00-05:00,165.01386807553385,165.6207933486009,163.07368691644547,163.92935180664062,38604600,0.0,0.0
2024-11-25 00:00:00-05:00,165.25266140749017,167.77986461840595,164.77508555590978,166.80479431152344,33135300,0.0,0.0
2024-11-26 00:00:00-05:00,166.78490128483136,168.96386286905866,166.73515032254275,168.2673797607422,20486700,0.0,0.0
2024-11-27 00:00:00-05:00,168.14797960120848,168.62555541069312,167.17292456213445,168.37681579589844,19266500,0.0,0.0
2024-11-29 00:00:00-05:00,167.6505077939042,168.57581191461244,166.31726704322566,168.09823608398438,14257200,0.0,0.0
2024-12-02 00:00:00-05:00,167.91915410888186,171.21246438956555,167.72016544073577,170.6254425048828,23789100,0.0,0.0
2024-12-03 00:00:00-05:00,170.62544918240982,171.80943711786688,169.98867631030456,170.4761962890625,22248700,0.0,0.0
2024-12-04 00:00:00-05:00,170.2871382330325,174.02819184419297,170.19759561324068,173.49090576171875,31615100,0.0,0.0
2024-12-05 00:00:00-05:00,174.4759264469432,175.17239437366248,171.46120334982362,171.76963806152344,21356200,0.0,0.0
2024-12-06 00:00:00-05:00,171.16272669105973,174.19735345650352,170.9935855509351,173.8292236328125,21462400,0.0,0.0
2024-12-09 00:00:00-05:00,173.28137934704367,175.57239476360732,172.9725759063786,174.6858673095703,25389600,0.2,0.0
2024-12-10 00:00:00-05:00,182.13667521959667,185.63297660419835,180.34369430470025,184.44761657714844,54813000,0.0,0.0
2024-12-11 00:00:00-05:00,184.58707675233347,194.84689801892716,184.1288797897164,194.63771057128906,67894100,0.0,0.0
2024-12-12 00:00:00-05:00,194.2392695844635,194.4185600761266,190.96211115966233,191.2111358642578,34817500,0.0,0.0
2024-12-13 00:00:00-05:00,190.26484320082633,191.97813450480885,188.90019258748762,189.07949829101562,25143500,0.0,0.0
2024-12-16 00:00:00-05:00,192.11756882122688,198.22365926952406,191.8685441236521,195.89279174804688,44934900,0.0,0.0
2024-12-17 00:00:00-05:00,196.48048589662955,200.6342160179093,194.21933739249496,194.65762329101562,43504000,0.0,0.0
2024-12-18 00:00:00-05:00,194.4584096820746,196.23146433679096,187.0075948858922,187.66500854492188,34166100,0.0,0.0
2024-12-19 00:00:00-05:00,190.88242054359256,192.27695280314458,187.64509939888953,187.7745819091797,32265200,0.0,0.0
2024-12-20 00:00:00-05:00,185.0552429190991,192.13750634222802,184.49742999563804,190.6632843017578,63462900,0.0,0.0
2024-12-23 00:00:00-05:00,191.86855908689105,194.33889522295496,189.40819366703502,193.8707275390625,25675000,0.0,0.0
2024-12-24 00:00:00-05:00,194.0798904284353,195.34494018554688,193.02402811118543,195.34494018554688,10403300,0.0,0.0
2024-12-26 00:00:00-05:00,194.38868793025316,195.98245219810025,193.62170274567876,194.83694458007812,12046600,0.0,0.0
2024-12-27 00:00:00-05:00,194.18945436832726,194.558021252894,189.906226569023,192.00799560546875,18891400,0.0,0.0
2024-12-30 00:00:00-05:00,189.05957268360805,191.79884463576994,188.3822175336386,190.49395751953125,14264700,0.0,0.0
2024-12-31 00:00:00-05:00,190.33456284838633,191.21113466683676,187.77458160553064,188.56150817871094,17466900,0.0,0.0
2025-01-02 00:00:00-05:00,189.90625140953068,191.25099101984424,186.76854591781662,188.69100952148438,20370800,0.0,0.0
2025-01-03 00:00:00-05:00,190.62343412562188,192.45626758091493,189.23885731709424,191.0417938232422,18596200,0.0,0.0
2025-01-06 00:00:00-05:00,193.2232494371018,197.44671400594865,193.09376692292446,196.1019744873047,29563600,0.0,0.0
2025-01-07 00:00:00-05:00,196.34104650196386,200.21587045148732,193.84084384019965,194.7273712158203,26487200,0.0,0.0
2025-01-08 00:00:00-05:00,191.818753365396,195.52422692104554,191.62949216136246,193.193359375,24864800,0.0,0.0
2025-01-10 00:00:00-05:00,193.54201039861906,195.75335107074358,189.5675704988791,191.2908172607422,26665200,0.0,0.0
2025-01-13 00:00:00-05:00,189.32852659632545,190.43418179207845,186.62909187000687,190.2648468017578,21823700,0.0,0.0
2025-01-14 00:00:00-05:00,190.4939429327445,191.23104632862814,187.57536549994643,188.92010498046875,17174900,0.0,0.0
2025-01-15 00:00:00-05:00,192.336729949174,195.5939775570945,191.11153257710336,194.78713989257812,21776000,0.0,0.0
2025-01-16 00:00:00-05:00,193.3826375623353,194.71740642480486,192.05782421701394,192.15744018554688,17815400,0.0,0.0
2025-01-17 00:00:00-05:00,195.76331327486383,196.46057945672584,192.99415958170988,195.23538208007812,27735100,0.0,0.0
2025-01-21 00:00:00-05:00,198.29339931939404,201.50082353528188,197.0980685764286,197.27737426757812,29971300,0.0,0.0
2025-01-22 00:00:00-05:00,198.28342571973468,199.6978841991253,196.75939576380796,197.5961151123047,26200600,0.0,0.0
2025-01-23 00:00:00-05:00,197.36703633289733,199.51861361447575,194.4385031217372,197.20765686035156,26951400,0.0,0.0
2025-01-24 00:00:00-05:00,197.3272010195889,200.11626582045938,197.227585048445,199.42897033691406,23877500,0.0,0.0
2025-01-27 00:00:00-05:00,191.65938720339696,196.11195036774717,189.98593319836488,191.0617218017578,41728900,0.0,0.0
2025-01-28 00:00:00-05:00,191.99804618358004,194.71739168696277,189.93611434526252,194.53810119628906,24157900,0.0,0.0
2025-01-29 00:00:00-05:00,194.7970833042233,196.0222806001553,192.6753879484473,194.64767456054688,18218300,0.0,0.0
2025-01-30 00:00:00-05:00,197.22758104242592,200.61431120284323,196.89886658344366,200.0863800048828,24354700,0.0,0.0
2025-01-31 00:00:00-05:00,201.2119817615517,204.6784017460065,201.01276501748202,203.22410583496094,32001100,0.0,0.0
2025-02-03 00:00:00-05:00,199.90707487204236,202.9551348332388,199.31938021531738,200.44496154785156,27838300,0.0,0.0
2025-02-04 00:00:00-05:00,202.59654903669593,206.24227455727316,202.01880986682883,205.57489013671875,43856400,0.0,0.0
2025-02-05 00:00:00-05:00,190.32459218887777,191.99803076448742,187.29644352930725,190.5835723876953,70373900,0.0,0.0
2025-02-06 00:00:00-05:00,188.7607254709797,191.35058847007514,187.98376961110344,190.8525390625,29297400,0.0,0.0
2025-02-07 00:00:00-05:00,190.3046897826863,190.43417229867478,182.52516013677956,184.61695861816406,49315000,0.0,0.0
2025-02-10 00:00:00-05:00,186.61912556239702,187.46580046504565,185.13493280467802,185.7425537109375,23105600,0.0,0.0
2025-02-11 00:00:00-05:00,184.3081534858771,186.21070577705743,183.5610794112602,184.59703063964844,21239500,0.0,0.0
2025-02-12 00:00:00-05:00,182.5052293386179,184.38785552440282,181.12065256917043,182.89370727539062,22072600,0.0,0.0
2025-02-13 00:00:00-05:00,183.6009416706382,185.5532868448968,182.42553716023775,185.41383361816406,21402500,0.0,0.0
2025-02-14 00:00:00-05:00,184.3380502737544,185.67281908148942,183.60094685418304,184.50738525390625,20448400,0.0,0.0
2025-02-18 00:00:00-05:00,184.87594800082087,185.23454418579348,181.03100592832718,183.05308532714844,29916700,0.0,0.0
2025-02-19 00:00:00-05:00,183.35191045129994,184.73648715297452,182.87377209155156,184.54722595214844,19549400,0.0,0.0
2025-02-20 00:00:00-05:00,184.07906552714084,184.587070455128,182.00717815142445,183.83999633789062,20441500,0.0,0.0
2025-02-21 00:00:00-05:00,184.42769462228776,184.61695583425816,178.38138255149903,178.95912170410156,35199200,0.0,0.0
2025-02-24 00:00:00-05:00,181.28003655625,182.40561792977684,178.19212401815724,178.55072021484375,29854200,0.0,0.0
2025-02-25 00:00:00-05:00,177.3454308360551,178.04271218366185,174.0085088406691,174.73565673828125,41913400,0.0,0.0
2025-02-26 00:00:00-05:00,174.3870043035156,175.39305850492968,170.91061441664831,172.05612182617188,35431300,0.0,0.0
2025-02-27 00:00:00-05:00,173.31123936714644,173.87900779159736,167.28483845921406,167.8426513671875,39991000,0.0,0.0
2025-02-28 00:00:00-05:00,168.02194319125016,169.94442183496423,166.11940597917265,169.61570739746094,48130600,0.0,0.0
2025-03-03 00:00:00-05:00,171.25924816477874,172.69363277465732,165.28265575645824,166.3584442138672,40770500,0.0,0.0
2025-03-04 00:00:00-05:00,165.59146927723793,172.61395362786732,165.15318337522604,170.25320434570312,45388000,0.0,0.0
2025-03-05 00:00:00-05:00,169.85478454890304,173.10206141211768,168.4004735026306,172.34503173828125,30954900,0.0,0.0
2025-03-06 00:00:00-05:00,169.8647356201999,174.12803748089462,169.83485387065045,171.67764282226562,28302000,0.0,0.0
2025-03-07 00:00:00-05:00,170.59186930474007,174.2874024166863,169.6057412532836,173.18173217773438,27385800,0.0,0.0
2025-03-10 00:00:00-04:00,167.7966101322015,167.99607150995365,163.23920372577845,165.41319274902344,43604000,0.2,0.0
2025-03-11 00:00:00-04:00,164.45584068137828,166.29076966008637,160.92558133782,163.58822631835938,39587400,0.0,0.0
2025-03-12 00:00:00-04:00,166.12124110886077,167.17831943801426,163.07963775446962,166.6497802734375,28372400,0.0,0.0
2025-03-13 00:00:00-04:00,165.58271795856493,165.67248166266438,161.6635485106855,162.31175231933594,31756200,0.0,0.0
2025-03-14 00:00:00-04:00,162.82035345635094,166.03148669065808,162.00260445854184,165.03424072265625,31995900,0.0,0.0
2025-03-17 00:00:00-04:00,164.57550719551887,165.8420138841619,163.21925201833648,163.83753967285156,31184300,0.0,0.0
2025-03-18 00:00:00-04:00,163.2292289881846,163.797666550582,156.28840488131223,160.22752380371094,42074800,0.0,0.0
2025-03-19 00:00:00-04:00,161.31450558479577,165.41318720526314,160.5566041117451,163.4386444091797,34275600,0.0,0.0
2025-03-20 00:00:00-04:00,161.1250457167365,164.43589456907407,160.51672503978745,162.35165405273438,28138500,0.0,0.0
2025-03-21 00:00:00-04:00,160.76603321155818,163.7876873527184,160.44690718978086,163.5383758544922,36625800,0.0,0.0
2025-03-24 00:00:00-04:00,166.6098952363908,167.8564527267567,164.68520255854742,167.21820068359375,30879100,0.0,0.0
2025-03-25 00:00:00-04:00,168.51463564762358,170.16010078341677,167.85646481007365,170.0902862548828,24174400,0.0,0.0
2025-03-26 00:00:00-04:00,168.53459028680902,169.14291101426645,164.3860428738787,164.60543823242188,28901600,0.0,0.0
2025-03-27 00:00:00-04:00,164.1766304631432,164.96444818748884,161.55386834836875,161.793212890625,24508300,0.0,0.0
2025-03-28 00:00:00-04:00,160.04800692471866,161.3743458553731,153.20689914473365,153.90496826171875,48669300,0.0,0.0
2025-03-31 00:00:00-04:00,152.68834136730996,155.11164193370462,150.24509161947617,154.21412658691406,54603500,0.0,0.0
2025-04-01 00:00:00-04:00,153.19693997672525,157.66461343058796,153.19693997672525,156.637451171875,30672900,0.0,0.0
2025-04-02 00:00:00-04:00,154.72270392156926,157.9737354754909,154.2739462849113,156.6074981689453,25041700,0.0,0.0
2025-04-03 00:00:00-04:00,150.69384170810525,152.35924068042604,149.97582338010557,150.30491638183594,46883400,0.0,0.0
2025-04-04 00:00:00-04:00,147.60237162636182,150.6539570990706,144.97962505338862,145.1990203857422,62259500,0.0,0.0
2025-04-07 00:00:00-04:00,141.1601793715283,152.42906261628312,140.14298415460087,146.34585571289062,76794100,0.0,0.0
2025-04-08 00:00:00-04:00,150.80354683062922,151.82074204837693,142.63609935843277,144.30149841308594,52200200,0.0,0.0
2025-04-09 00:00:00-04:00,144.0222787835972,159.11061702523395,143.51368875470308,158.27293395996094,70406200,0.0,0.0
2025-04-10 00:00:00-04:00,156.10888048544342,157.28563866565491,149.51708388683267,152.39913940429688,48022000,0.0,0.0
2025-04-11 00:00:00-04:00,152.47890126397309,157.23576875594767,152.39913497789206,156.7072296142578,33636200,0.0,0.0
2025-04-14 00:00:00-04:00,159.5593589601424,161.27462328630523,157.12607630131762,158.63192749023438,30333000,0.0,0.0
2025-04-15 00:00:00-04:00,158.6917731015249,159.2103301054895,154.78257030571797,155.87953186035156,27551500,0.0,0.0
2025-04-16 00:00:00-04:00,152.67838302048966,155.46069292632185,151.0927501668845,152.90774536132812,28187400,0.0,0.0
2025-04-17 00:00:00-04:00,153.86508310192784,154.25400844452392,148.09103529003713,150.74371337890625,33046600,0.0,0.0
2025-04-21 00:00:00-04:00,148.46997994299036,148.5397792458497,145.69763745597456,147.2633056640625,26049100,0.0,0.0
2025-04-22 00:00:00-04:00,148.4799748767304,151.7708901311246,148.1309326464279,151.05287170410156,26971800,0.0,0.0
2025-04-23 00:00:00-04:00,155.1814586711159,157.09616926384234,153.38641273519517,154.92218017578125,31128800,0.0,0.0
2025-04-24 00:00:00-04:00,155.7199692710382,159.15049822016638,155.36096007364648,158.8413543701172,45894000,0.0,0.0
2025-04-25 00:00:00-04:00,164.61541287682232,165.6425750916004,160.59649729347288,161.51397705078125,56034000,0.0,0.0
2025-04-28 00:00:00-04:00,161.98267405118585,162.70069244870191,158.16323494184564,160.16769409179688,29745800,0.0,0.0
2025-04-29 00:00:00-04:00,159.87849612757626,160.29733764803302,157.086204107764,159.71893310546875,26809000,0.0,0.0
2025-04-30 00:00:00-04:00,157.5449218586139,158.83137774482094,154.9720253029664,158.3626708984375,34981100,0.0,0.0
2025-05-01 00:00:00-04:00,160.00812396444732,161.5039930234171,158.47237175928248,160.8557891845703,30203200,0.0,0.0
2025-05-02 00:00:00-04:00,162.95997467027814,164.51567601619934,161.42420728854916,163.57826232910156,25715000,0.0,0.0
2025-05-05 00:00:00-04:00,162.55110755610633,164.93452502755278,162.2718798770323,163.75778198242188,21341800,0.0,0.0
2025-05-06 00:00:00-04:00,161.72339340187466,164.3461554362482,160.74609651363122,162.7804718017578,21277200,0.0,0.0
2025-05-07 00:00:00-04:00,163.62814193511582,164.545606521222,147.43285979099062,150.96311950683594,127490100,0.0,0.0
2025-05-08 00:00:00-04:00,154.57313616382487,155.5005676767597,152.4789133936082,153.85511779785156,57498700,0.0,0.0
2025-05-09 00:00:00-04:00,153.7454179749914,154.62299934708025,151.78084208678038,152.32933044433594,32435300,0.0,0.0
2025-05-12 00:00:00-04:00,157.0562906900787,158.66185748829406,155.81970007226886,158.02362060546875,44138800,0.0,0.0
2025-05-13 00:00:00-04:00,158.35270013902556,160.12781218093087,155.72995326636035,159.09066772460938,42382100,0.0,0.0
2025-05-14 00:00:00-04:00,159.51949150800576,166.5400972975048,159.170449289238,164.91458129882812,48755900,0.0,0.0
2025-05-15 00:00:00-04:00,165.3832808496498,165.75227223459135,161.92283584781248,163.5084686279297,33146700,0.0,0.0
2025-05-16 00:00:00-04:00,167.26806720706887,168.88361607338598,165.16387753981013,165.73231506347656,42846900,0.0,0.0
2025-05-19 00:00:00-04:00,164.0569364118495,166.18107529267584,163.7677417629434,166.0813446044922,30426100,0.0,0.0
2025-05-20 00:00:00-04:00,165.9716462897934,168.03595283640126,162.45136908866291,163.5283966064453,46607700,0.0,0.0
2025-05-21 00:00:00-04:00,163.2392111991083,172.66318349220677,163.1095643409873,168.09579467773438,73416000,0.0,0.0
2025-05-22 00:00:00-04:00,171.37672606938918,176.28317441687045,170.23986627200654,170.3994140625,74864400,0.0,0.0
2025-05-23 00:00:00-04:00,168.5944139952117,169.49194456610303,167.42763794814334,168.00604248046875,35211400,0.0,0.0
2025-05-27 00:00:00-04:00,169.69139882784629,172.69310408957966,169.53183580095055,172.42384338378906,37995700,0.0,0.0
2025-05-28 00:00:00-04:00,172.6831300854681,174.7873198647011,171.4365725199691,171.8853302001953,34784000,0.0,0.0
2025-05-29 00:00:00-04:00,173.5208093888165,173.93965089581198,170.1600951338123,171.38670349121094,29317300,0.0,0.0
2025-05-30 00:00:00-04:00,170.87810348795895,171.73573563304672,166.97886808315485,171.26702880859375,52639900,0.0,0.0
2025-06-02 00:00:00-04:00,167.37775851379809,169.40216659815258,166.9290008745093,168.56448364257812,38612300,0.0,0.0
2025-06-03 00:00:00-04:00,167.0287408798973,168.01600469808255,164.82482048675826,165.7223358154297,45084900,0.0,0.0
2025-06-04 00:00:00-04:00,166.28081407126308,167.75673398423967,165.90185569784677,167.5872039794922,26900800,0.0,0.0
2025-06-05 00:00:00-04:00,169.8708734285067,170.45924489376316,167.128447034404,167.7467498779297,36379100,0.0,0.0
2025-06-06 00:00:00-04:00,170.35954849552294,174.01943975782734,170.35954849552294,173.20169067382812,35731800,0.0,0.0
2025-06-09 00:00:00-04:00,174.27003651227847,176.19705935039198,174.1003012753775,175.81764221191406,28935900,0.21,0.0
2025-06-10 00:00:00-04:00,175.92747903926403,180.8298886948226,174.63948090794972,178.3237762451172,61766100,0.0,0.0
2025-06-11 00:00:00-04:00,179.49195401036374,180.09101684926247,176.47662077845203,177.07569885253906,31646800,0.0,0.0
2025-06-12 00:00:00-04:00,175.9075065231488,176.4466798719252,174.47972552416806,175.42825317382812,20941900,0.0,0.0
2025-06-13 00:00:00-04:00,172.17329464872896,176.85604320367563,172.1233689351953,174.39984130859375,27663100,0.0,0.0
2025-06-16 00:00:00-04:00,174.45974398959817,176.66633252587772,174.37986589593493,176.49659729003906,27389200,0.0,0.0
2025-06-17 00:00:00-04:00,175.4282431183839,177.08567926563504,174.30998028900405,175.6778564453125,24973000,0.0,0.0
2025-06-18 00:00:00-04:00,175.73776761612697,176.28692000243774,172.93211615674434,173.05194091796875,28707500,0.0,0.0
2025-06-20 00:00:00-04:00,173.68095462694552,174.07035081830173,165.20409556084024,166.38226318359375,75659900,0.0,0.0
2025-06-23 00:00:00-04:00,166.0128407101847,167.08117785912864,161.74944069273923,164.93450927734375,57671000,0.0,0.0
2025-06-24 00:00:00-04:00,166.66183161080377,167.95982401484335,165.87306016657053,166.51206970214844,40524300,0.0,0.0
2025-06-25 00:00:00-04:00,167.37074500344593,172.09342522608725,167.29086690480466,170.416015625,35479000,0.0,0.0
2025-06-26 00:00:00-04:00,172.16329217484034,173.42135306121023,169.67715325213413,173.27157592773438,31796700,0.0,0.0
2025-06-27 00:00:00-04:00,173.27158802075178,178.40363764116194,171.46438989107267,178.25387573242188,108140200,0.0,0.0
2025-06-30 00:00:00-04:00,180.50039372606906,180.949694682379,174.30998606031628,175.95742797851562,63378900,0.0,0.0
2025-07-01 00:00:00-04:00,175.46818749328466,175.81763700531283,173.26159900853952,175.56802368164062,35904500,0.0,0.0
2025-07-02 00:00:00-04:00,175.26848197683447,178.58335417760583,174.79922295185074,178.3636932373047,29128900,0.0,0.0
2025-07-03 00:00:00-04:00,178.22391365801445,179.39210218822254,176.7761594232363,179.2523193359375,21689700,0.0,0.0
2025-07-07 00:00:00-04:00,178.78304908898676,179.0226833705182,175.40827199123135,176.5165557861328,34175600,0.0,0.0
2025-07-08 00:00:00-04:00,177.5749242496101,177.67476043779465,172.54271112131266,174.09031677246094,40442500,0.0,0.0
2025-07-09 00:00:00-04:00,174.97894087050608,179.1624626362242,172.50278095171484,176.34681701660156,43025600,0.0,0.0
2025-07-10 00:00:00-04:00,175.35836349959487,178.15402063985096,174.11029683512743,177.34527587890625,29252400,0.0,0.0
2025-07-11 00:00:00-04:00,176.51656530489134,181.14938835134018,176.20704719654847,179.91131591796875,34282900,0.0,0.0
2025-07-14 00:00:00-04:00,180.7300224544814,183.3859118317051,179.40207776586954,181.2791748046875,32536600,0.0,0.0
2025-07-15 00:00:00-04:00,182.5272506181519,183.93507346834292,181.31913062189142,181.718505859375,33448300,0.0,0.0
2025-07-16 00:00:00-04:00,182.95659839065306,184.04490889196538,181.74846312672318,182.68701171875,33104200,0.0,0.0
2025-07-17 00:00:00-04:00,181.85827589550698,183.77530432362263,180.20083982993623,183.29605102539062,31992600,0.0,0.0
2025-07-18 00:00:00-04:00,185.113228386666,186.13165497814074,183.42585517412414,184.7737579345703,34014500,0.0,0.0
2025-07-21 00:00:00-04:00,185.9619181252415,189.99566255854273,185.86206670599856,189.80596923828125,45803100,0.0,0.0
2025-07-22 00:00:00-04:00,191.20380830960463,191.35357021159422,187.17006365240448,191.04405212402344,44660200,0.0,0.0
2025-07-23 00:00:00-04:00,191.20381577219638,192.23222149983224,188.88739669642578,189.93577575683594,58681900,0.0,0.0
2025-07-24 00:00:00-04:00,196.72525594978663,197.64383117376477,190.70458366341637,191.87277221679688,74881700,0.0,0.0
2025-07-25 00:00:00-04:00,191.68306935737266,194.02944081770818,190.96418172846938,192.88121032714844,39785900,0.0,0.0
2025-07-28 00:00:00-04:00,193.35047209995227,193.7498625541434,190.54482081320737,192.28213500976562,38139500,0.0,0.0
2025-07-29 00:00:00-04:00,192.13236281084488,195.61697034161693,191.78291329403916,195.44723510742188,41389200,0.0,0.0
2025-07-30 00:00:00-04:00,195.2974741739121,197.2943808004953,194.3888780023715,196.2260284423828,32445400,0.0,0.0
2025-07-31 00:00:00-04:00,195.40729975764043,195.68686545955075,190.79443520574372,191.60317993164062,51329200,0.0,0.0
2025-08-01 00:00:00-04:00,188.73762721302066,190.53484621084553,187.52950724447476,188.8374786376953,34832200,0.0,0.0
2025-08-04 00:00:00-04:00,189.9956738002762,194.96798225717674,189.82593856567027,194.7383270263672,31547400,0.0,0.0
2025-08-05 00:00:00-04:00,194.4088584088549,197.55398036609623,193.59011934927213,194.36891174316406,31602300,0.0,0.0
2025-08-06 00:00:00-04:00,194.19916035027438,196.32587068335496,193.37044231078846,195.7866973876953,21562900,0.0,0.0
2025-08-07 00:00:00-04:00,196.75520727948205,197.23446060352177,194.0294340028213,196.21604919433594,26321800,0.0,0.0
2025-08-08 00:00:00-04:00,196.9149587094283,202.29662132319493,196.86503299798275,201.10845947265625,39161800,0.0,0.0
2025-08-11 00:00:00-04:00,200.62921267003748,201.16837075965444,198.76210983585918,200.68911743164062,25832400,0.0,0.0
2025-08-12 00:00:00-04:00,201.0585431482033,204.18370696130674,200.27975076589462,203.02549743652344,30397900,0.0,0.0
2025-08-13 00:00:00-04:00,203.81428597106753,204.21366121456273,197.2045144743427,201.64764404296875,28342900,0.0,0.0
2025-08-14 00:00:00-04:00,201.18833871082708,204.12379383237695,200.91875205563483,202.62611389160156,25230400,0.0,0.0
2025-08-15 00:00:00-04:00,203.534714766441,206.12070520105007,200.96868242883633,203.58462524414062,34931400,0.0,0.0
2025-08-18 00:00:00-04:00,203.8841712567715,204.9525236553874,202.17682455801943,203.1852569580078,18526600,0.0,0.0
2025-08-19 00:00:00-04:00,202.7159730378366,203.1253425488118,199.65072931767816,201.25823974609375,24240200,0.0,0.0
2025-08-20 00:00:00-04:00,200.41952632200108,200.9686786831588,196.29592455953664,199.01171875,28955500,0.0,0.0
2025-08-21 00:00:00-04:00,199.4410400390625,202.166813191516,199.12152768080315,199.4410400390625,19774600,0.0,0.0
2025-08-22 00:00:00-04:00,202.41643648326647,208.21744781149425,200.98865555430208,205.771240234375,42827000,0.0,0.0
2025-08-25 00:00:00-04:00,206.11069972619865,210.19438514977915,204.9624845680577,208.1675262451172,29928900,0.0,0.0
2025-08-26 00:00:00-04:00,207.18903343187435,207.52851912382437,205.3818354433132,206.81961059570312,28464100,0.0,0.0
2025-08-27 00:00:00-04:00,205.38184246485358,208.58688428789492,205.3319167524022,207.15908813476562,23022900,0.0,0.0
2025-08-28 00:00:00-04:00,206.92944327697995,211.8917573213033,206.57997853322107,211.31265258789062,32339300,0.0,0.0
2025-08-29 00:00:00-04:00,210.1843914975452,214.3179874085232,209.87487342277922,212.5806884765625,39728400,0.0,0.0
2025-09-02 00:00:00-04:00,208.11761422314743,211.3525932568575,205.88107328271496,211.0231170654297,47523000,0.0,0.0
2025-09-03 00:00:00-04:00,225.86012385269166,230.95222645491896,224.44230678385503,230.30323791503906,103336100,0.0,0.0
2025-09-04 00:00:00-04:00,229.2947939629136,232.01058815431742,225.76027598883607,231.94070434570312,51684200,0.0,0.0
2025-09-05 00:00:00-04:00,231.84086323662245,235.39535470067108,231.5413241866342,234.63653564453125,46588900,0.0,0.0
2025-09-08 00:00:00-04:00,235.31608185012894,237.97434675109136,233.5172554040335,233.8870086669922,32474700,0.21,0.0
2025-09-09 00:00:00-04:00,234.0169206603603,240.3128053844981,233.07753270088136,239.47335815429688,38061000,0.0,0.0
2025-09-10 00:00:00-04:00,238.74382884116824,241.50203443312756,237.6945274082077,239.01365661621094,35141100,0.0,0.0
2025-09-11 00:00:00-04:00,239.7232054178332,242.09165136894262,236.09557331646107,240.21287536621094,30599300,0.0,0.0
2025-09-12 00:00:00-04:00,240.21286654309478,241.92175543476245,237.84442067897936,240.64259338378906,26771600,0.0,0.0
2025-09-15 00:00:00-04:00,244.5000723057695,252.24500622225327,244.5000723057695,251.44552612304688,58383800,0.0,0.0
2025-09-16 00:00:00-04:00,251.91521585326547,252.87457975705254,249.30692141357196,250.99581909179688,34109700,0.0,0.0
2025-09-17 00:00:00-04:00,251.0557800198683,251.43553649547647,246.11900683222018,249.36688232421875,34108000,0.0,0.0
2025-09-18 00:00:00-04:00,251.51547232528497,253.82397511354577,249.6367116291099,251.86524963378906,31239500,0.0,0.0
2025-09-19 00:00:00-04:00,253.08445699569828,255.83265939150547,251.64539584681071,254.55349731445312,55571400,0.0,0.0
2025-09-22 00:00:00-04:00,254.2636811395151,255.6128047936517,250.13639113793755,252.36492919921875,32290500,0.0,0.0
2025-09-23 00:00:00-04:00,252.8745862102155,254.1937306726042,250.31626206974443,251.49549865722656,26628000,0.0,0.0
2025-09-24 00:00:00-04:00,251.49550432970327,252.18505574615793,246.2789151995329,246.97845458984375,28201000,0.0,0.0
2025-09-25 00:00:00-04:00,244.24022750230412,246.32887284028934,240.58263166512353,245.6293182373047,31020400,0.0,0.0
2025-09-26 00:00:00-04:00,246.90849752367055,249.25695217808112,245.80921049475367,246.3788299560547,18503200,0.0,0.0
2025-09-29 00:00:00-04:00,247.6879914773483,250.98582213384148,242.61131034259105,243.89047241210938,32505800,0.0,0.0
2025-09-30 00:00:00-04:00,242.65128209661555,243.13096406959585,239.09361157011617,242.94110107421875,34724300,0.0,0.0
2025-10-01 00:00:00-04:00,240.59263270567308,246.13900797357311,238.45403213601972,244.7399139404297,31658200,0.0,0.0
2025-10-02 00:00:00-04:00,244.98974812584623,246.64866670301694,242.14162021805868,245.52940368652344,25483300,0.0,0.0
2025-10-03 00:00:00-04:00,244.33018254314118,246.138996907564,241.5020306823554,245.1896209716797,30249600,0.0,0.0
2025-10-06 00:00:00-04:00,244.61999567020933,251.1557292673991,244.42012945214807,250.26629638671875,28894700,0.0,0.0
2025-10-07 00:00:00-04:00,248.10771903747053,250.27629875611288,245.35951661425605,245.59934997558594,23181300,0.0,0.0
2025-10-08 00:00:00-04:00,244.79988761332393,245.84918907751907,243.66063338889384,244.46009826660156,21307100,0.0,0.0
2025-10-09 00:00:00-04:00,244.3101967172578,244.60000044134677,238.99366696134817,241.3721160888672,27892100,0.0,0.0
2025-10-10 00:00:00-04:00,241.27216783484693,243.93043262992407,235.6858257251368,236.4153594970703,33180300,0.0,0.0
2025-10-13 00:00:00-04:00,240.05299046060216,244.34017953936018,239.55331729181,243.9904022216797,24995000,0.0,0.0
2025-10-14 00:00:00-04:00,241.07230809804528,246.95845730298234,240.35277752895155,245.28955078125,22111600,0.0,0.0
2025-10-15 00:00:00-04:00,247.0883778879278,251.94520161834686,245.82920701293574,250.86590576171875,27007700,0.0,0.0
2025-10-16 00:00:00-04:00,251.60541868813706,256.79201310331337,249.93651222042618,251.29562377929688,27997200,0.0,0.0
2025-10-17 00:00:00-04:00,250.59608169913423,254.05382673080507,247.64801305801078,253.13442993164062,29671600,0.0,0.0
2025-10-20 00:00:00-04:00,254.52352413042843,257.1617826336821,254.06381810029453,256.3822937011719,22350200,0.0,0.0
2025-10-21 00:00:00-04:00,254.5734808325197,254.71338870395212,243.99039197294186,250.29627990722656,47312100,0.0,0.0
2025-10-22 00:00:00-04:00,254.20372304336274,256.19241249616164,249.12704181794433,251.52548217773438,35029400,0.0,0.0
2025-10-23 00:00:00-04:00,252.81462530948346,254.8732762688867,251.68537434804077,252.91456604003906,19901400,0.0,0.0
2025-10-24 00:00:00-04:00,256.412278354529,261.5089509442133,255.1531226659378,259.7501220703125,28655100,0.0,0.0
2025-10-27 00:00:00-04:00,264.6468909460984,269.9634205104271,264.10723541197956,269.0939636230469,35235200,0.0,0.0
2025-10-28 00:00:00-04:00,269.5137161039883,270.5530448339537,266.3257988486908,267.295166015625,29738600,0.0,0.0
2025-10-29 00:00:00-04:00,267.57498405043395,275.1600191542769,267.49504976173847,274.3905334472656,43580300,0.0,0.0
2025-10-30 00:00:00-04:00,291.3993974290424,291.3993974290424,279.87693527724974,281.2960205078125,74876000,0.0,0.0
2025-10-31 00:00:00-04:00,283.02486366213384,285.81304844327684,276.8489107040144,281.0061950683594,39267900,0.0,0.0
2025-11-03 00:00:00-05:00,281.9955439895644,285.3433603410046,279.61709481156873,283.5345458984375,29786000,0.0,0.0
2025-11-04 00:00:00-05:00,276.56908942406625,281.0861237356038,276.07941949471564,277.35858154296875,30078400,0.0,0.0
2025-11-05 00:00:00-05:00,278.6876991693174,286.23278206992967,277.15870054271744,284.1241455078125,31010300,0.0,0.0
2025-11-06 00:00:00-05:00,285.14348075532007,288.1615262521665,280.9562476047489,284.5638732910156,37173600,0.0,0.0
2025-11-07 00:00:00-05:00,283.0248465894465,283.59448127875606,275.0101005397699,278.647705078125,34479600,0.0,0.0
2025-11-10 00:00:00-05:00,284.23409016650885,290.6098939896417,282.6750818691635,289.9103698730469,29557300,0.0,0.0
2025-11-11 00:00:00-05:00,287.56189748708465,291.72918497214437,287.1321858980205,291.11956787109375,19842100,0.0,0.0
2025-11-12 00:00:00-05:00,291.4893355792204,291.8191369528623,283.504568014819,286.5225830078125,24829900,0.0,0.0
2025-11-13 00:00:00-05:00,282.15543354563385,282.65510670070455,277.0587612643864,278.3879089355469,29494000,0.0,0.0
2025-11-14 00:00:00-05:00,271.23257767900105,278.3778974858086,270.52305035910666,276.22930908203125,31647200,0.0,0.0
2025-11-17 00:00:00-05:00,285.59319216713175,293.7578650793077,283.38464532335746,284.83367919921875,52670200,0.0,0.0
2025-11-18 00:00:00-05:00,287.7318125744744,288.61121173854644,278.0181648979437,284.09417724609375,49158700,0.0,0.0
2025-11-19 00:00:00-05:00,286.9722907427786,303.6114007455407,286.44263841708545,292.61859130859375,68198900,0.0,0.0
2025-11-20 00:00:00-05:00,304.3409354639468,306.2197114167213,288.48131431646567,289.26080322265625,62025200,0.0,0.0
2025-11-21 00:00:00-05:00,296.2262391249899,303.7213362601199,293.6579118539212,299.464111328125,74137700,0.0,0.0
2025-11-24 00:00:00-05:00,310.9266228942269,319.27117069793417,309.39762425695875,318.3717346191406,85165100,0.0,0.0
2025-11-25 00:00:00-05:00,325.9967549915166,328.6150374741804,317.4423529194355,323.22857666015625,88632100,0.0,0.0
2025-11-26 00:00:00-05:00,320.4703785574214,324.287888914303,316.58293713459693,319.7408752441406,51373400,0.0,0.0
2025-11-28 00:00:00-05:00,323.15862038246837,326.6363566172421,316.5829348985448,319.970703125,26018600,0.0,0.0
2025-12-01 00:00:00-05:00,317.49233426982363,319.6409227326276,313.684827275924,314.6841735839844,41183000,0.0,0.0
2025-12-02 00:00:00-05:00,316.5329308632399,318.17187340075924,313.7047943107319,315.6035461425781,35854700,0.0,0.0
2025-12-03 00:00:00-05:00,315.68353592029735,321.369788644051,313.89469739870816,319.42108154296875,41838300,0.0,0.0
2025-12-04 00:00:00-05:00,322.0193865832628,322.14927599125497,314.4943097586067,317.4123840332031,31240900,0.0,0.0
2025-12-05 00:00:00-05:00,319.28113189003057,322.9487461411032,318.961364259978,321.0599670410156,28851700,0.0,0.0
2025-12-08 00:00:00-05:00,320.04998779296875,320.44000244140625,311.2200012207031,313.7200012207031,33909400,0.21,0.0
2025-12-09 00:00:00-05:00,312.3699951171875,317.989990234375,311.8999938964844,317.0799865722656,30194000,0.0,0.0
2025-12-10 00:00:00-05:00,315.8299865722656,321.30999755859375,314.67999267578125,320.2099914550781,33428900,0.0,0.0
2025-12-11 00:00:00-05:00,320.0799865722656,321.1199951171875,308.6000061035156,312.42999267578125,42353700,0.0,0.0
2025-12-12 00:00:00-05:00,313.70001220703125,314.8699951171875,305.55999755859375,309.2900085449219,35940200,0.0,0.0
2025-12-15 00:00:00-05:00,311.32000732421875,311.4200134277344,304.8800048828125,308.2200012207031,29151900,0.0,0.0
2025-12-16 00:00:00-05:00,304.95001220703125,310.7699890136719,302.5899963378906,306.57000732421875,30585000,0.0,0.0
2025-12-17 00:00:00-05:00,308.010009765625,308.0899963378906,296.1199951171875,296.7200012207031,43930400,0.0,0.0
2025-12-18 00:00:00-05:00,301.7200012207031,303.9599914550781,299.2300109863281,302.4599914550781,33518000,0.0,0.0
2025-12-19 00:00:00-05:00,301.7300109863281,307.25,300.9700012207031,307.1600036621094,59943200,0.0,0.0
2025-12-22 00:00:00-05:00,309.8800048828125,310.1300048828125,305.29998779296875,309.7799987792969,26429900,0.0,0.0
2025-12-23 00:00:00-05:00,309.6300048828125,314.94000244140625,309.32000732421875,314.3500061035156,25478700,0.0,0.0
2025-12-24 00:00:00-05:00,314.7699890136719,315.0799865722656,311.9200134277344,314.0899963378906,10097400,0.0,0.0
2025-12-26 00:00:00-05:00,314.4800109863281,315.0899963378906,312.2799987792969,313.510009765625,10880100,0.0,0.0
