Date,Open,High,Low,Close,Volume,Dividends,Stock Splits
2020-12-28 00:00:00-05:00,110.50441435762045,111.23338325349482,109.59979337390295,110.08283996582031,8072600,0.0,0.0
2020-12-29 00:00:00-05:00,110.83817124269342,110.90843476776945,109.68763449754219,109.79302978515625,8389200,0.0,0.0
2020-12-30 00:00:00-05:00,110.21458364976728,110.53076277207974,109.69640529418157,110.10041046142578,7398000,0.0,0.0
2020-12-31 00:00:00-05:00,109.86326410985707,111.83060220488962,109.62613313716237,111.60224914550781,8580200,0.0,0.0
2021-01-04 00:00:00-05:00,111.97990845332896,112.29608755442943,109.59100266754638,110.54832458496094,16819900,0.0,0.0
2021-01-05 00:00:00-05:00,110.56601803585446,111.7248472199308,109.486806264693,111.14985656738281,13731200,0.9,0.0
2021-01-06 00:00:00-05:00,114.89170949331846,117.44819977533642,113.12250494371787,116.36898803710938,24909100,0.0,0.0
2021-01-07 00:00:00-05:00,120.03121600833904,122.24271305765502,119.35007113773582,120.19043731689453,21940400,0.0,0.0
2021-01-08 00:00:00-05:00,120.27891036194823,120.6150622544728,118.64239704065592,120.3231430053711,12035100,0.0,0.0
2021-01-11 00:00:00-05:00,119.0493368284232,122.25158093720471,118.63357421234373,122.118896484375,15937900,0.0,0.0
2021-01-12 00:00:00-05:00,123.34845094957177,125.31226123991478,122.80884517613687,124.03843688964844,18033500,0.0,0.0
2021-01-13 00:00:00-05:00,122.59655498123286,124.54266980878609,122.16311017066828,124.15345764160156,14816800,0.0,0.0
2021-01-14 00:00:00-05:00,124.27730156698222,126.2764901774449,123.84384325633825,124.87882232666016,18565600,0.0,0.0
2021-01-15 00:00:00-05:00,121.57042222209964,125.30343071747929,121.1988922981212,122.64079284667969,27881000,0.0,0.0
2021-01-19 00:00:00-05:00,123.71999220970474,124.46305198323886,121.91541654570663,122.11001586914062,19843800,0.0,0.0
2021-01-20 00:00:00-05:00,121.9154210619852,122.22502256347329,119.81007146107368,120.2789077758789,16028800,0.0,0.0
2021-01-21 00:00:00-05:00,120.03124060509111,120.44700321539297,118.81934429305484,119.2704849243164,13411700,0.0,0.0
2021-01-22 00:00:00-05:00,117.37742844924055,118.89008498684125,116.94397013546143,118.35047912597656,12933200,0.0,0.0
2021-01-25 00:00:00-05:00,116.89091048096732,117.80204636459386,115.05094295442662,116.87321472167969,14212800,0.0,0.0
2021-01-26 00:00:00-05:00,117.43048675397273,117.80201661773941,116.1831992483879,116.3955078125,11307800,0.0,0.0
2021-01-27 00:00:00-05:00,114.63517262800994,114.86517698953236,112.65367290537654,113.10482025146484,17603900,0.0,0.0
2021-01-28 00:00:00-05:00,114.90942020142671,116.91746398171442,114.10444526125168,115.0951919555664,13761800,0.0,0.0
2021-01-29 00:00:00-05:00,116.05053554667185,116.51937189877083,113.39673876215308,113.82134246826172,14808100,0.0,0.0
2021-02-01 00:00:00-05:00,114.467099795841,115.05979297601515,113.65327037401816,114.66171264648438,11080700,0.0,0.0
2021-02-02 00:00:00-05:00,116.71399779479086,118.88126271159553,116.07708541544851,118.19127655029297,12253600,0.0,0.0
2021-02-03 00:00:00-05:00,118.22664333818133,120.09314764791284,118.10280002607202,119.5447006225586,10600800,0.0,0.0
2021-02-04 00:00:00-05:00,119.83661536645198,122.65848804781446,119.83661536645198,122.2957992553711,12419500,0.0,0.0
2021-02-05 00:00:00-05:00,123.3042411287658,123.39270641864479,121.52620218462617,122.05695343017578,10051300,0.0,0.0
2021-02-08 00:00:00-05:00,122.2515429142792,124.10920566357967,122.23384716010243,123.96766662597656,10136400,0.0,0.0
2021-02-09 00:00:00-05:00,123.33962261808657,123.8261547303011,122.55233010846979,123.47232055664062,8614800,0.0,0.0
2021-02-10 00:00:00-05:00,123.84386651542627,124.61346336658372,122.99464549166855,123.54310607910156,10323200,0.0,0.0
2021-02-11 00:00:00-05:00,123.54312087613633,124.33041358193522,122.26929593688602,123.19812774658203,9201000,0.0,0.0
2021-02-12 00:00:00-05:00,123.00350027329957,125.26807167558083,122.95926762133574,124.94961547851562,8324600,0.0,0.0
2021-02-16 00:00:00-05:00,126.98417132023124,128.54991510980597,125.96687451432018,127.95722198486328,12130600,0.0,0.0
2021-02-17 00:00:00-05:00,127.33798897044537,128.60297221782562,126.60377037892783,128.35528564453125,10810100,0.0,0.0
2021-02-18 00:00:00-05:00,127.38224823940674,128.9656744138584,126.85148347257905,128.78875732421875,10587800,0.0,0.0
2021-02-19 00:00:00-05:00,129.0276022783173,131.66370334725357,129.0276022783173,130.93833923339844,11969800,0.0,0.0
2021-02-22 00:00:00-05:00,129.92104924074323,132.85792436425152,129.85027970184925,132.16793823242188,11488400,0.0,0.0
2021-02-23 00:00:00-05:00,134.02559540505837,134.73327733512977,132.3271668716331,133.22946166992188,16234400,0.0,0.0
2021-02-24 00:00:00-05:00,132.78714249873033,136.0159231108233,132.78714249873033,135.57362365722656,15061400,0.0,0.0
2021-02-25 00:00:00-05:00,136.4670476084149,137.02433562055867,133.21171731673095,133.73362731933594,18127700,0.0,0.0
2021-02-26 00:00:00-05:00,132.9551998792817,133.45941416704,129.60256293049372,130.1864013671875,19829200,0.0,0.0
2021-03-01 00:00:00-05:00,132.26520760844699,133.91056180755265,131.3452173584602,133.13211059570312,14845500,0.0,0.0
2021-03-02 00:00:00-05:00,132.7605978324646,134.26441318699838,132.5482892479311,132.69866943359375,14221700,0.0,0.0
2021-03-03 00:00:00-05:00,133.77793491001103,137.09518195150645,133.41525949188792,135.26406860351562,14324100,0.0,0.0
2021-03-04 00:00:00-05:00,134.998657133039,136.56440117960418,131.46910218004555,133.1852264404297,20093900,0.0,0.0
2021-03-05 00:00:00-05:00,135.53821764684662,135.77706308187356,130.89407434325165,133.4947967529297,18465100,0.0,0.0
2021-03-08 00:00:00-05:00,134.87484279098078,137.51979929131505,133.3533310681152,135.26406860351562,17133300,0.0,0.0
2021-03-09 00:00:00-05:00,134.01678120054498,136.44942904411923,132.53066099692325,134.30870056152344,16238800,0.0,0.0
2021-03-10 00:00:00-05:00,134.3794344397028,138.13898010885475,134.0255867485665,137.22784423828125,14342200,0.0,0.0
2021-03-11 00:00:00-05:00,136.3255655333371,138.13014172771022,135.6621162195673,136.51133728027344,11771500,0.0,0.0
2021-03-12 00:00:00-05:00,138.7581981753952,139.43934317742438,137.1747719216441,138.130126953125,12849500,0.0,0.0
2021-03-15 00:00:00-04:00,138.3070564929804,138.81127089474856,136.19286546197114,137.4401397705078,12101100,0.0,0.0
2021-03-16 00:00:00-04:00,136.30785357399216,136.7590076924054,134.62712091133724,135.79478454589844,12805600,0.0,0.0
2021-03-17 00:00:00-04:00,137.4135782952125,138.77586804512734,135.38785292416864,137.1924285888672,13952400,0.0,0.0
2021-03-18 00:00:00-04:00,139.41281209696447,143.03081887900163,138.97935371435443,139.45703125,21898500,0.0,0.0
2021-03-19 00:00:00-04:00,137.56396107059388,137.9443455915944,133.74250109177612,137.23666381835938,54418800,0.0,0.0
2021-03-22 00:00:00-04:00,135.1667303933186,136.20170960735004,133.22945641657662,133.54791259765625,19944800,0.0,0.0
2021-03-23 00:00:00-04:00,132.98178562591332,134.56521209134934,131.76988916636878,132.21218872070312,17076300,0.0,0.0
2021-03-24 00:00:00-04:00,132.6898190584328,135.5028367434765,132.56597576722785,133.23826599121094,13079800,0.0,0.0
2021-03-25 00:00:00-04:00,132.6898268840153,135.31708653615138,132.09714727701555,134.945556640625,15608300,0.0,0.0
2021-03-26 00:00:00-04:00,136.4936014558951,137.5108847059207,134.94555351147807,137.1924285888672,16754400,0.0,0.0
2021-03-29 00:00:00-04:00,134.56517367523213,135.98937837351843,133.60980529086237,135.060546875,17570300,0.0,0.0
2021-03-30 00:00:00-04:00,136.63519554248032,137.88247013024585,136.12212639735228,136.6528778076172,13184300,0.0,0.0
2021-03-31 00:00:00-04:00,135.5913377814664,136.66170854323838,134.56519967062727,134.66250610351562,16736700,0.0,0.0
2021-04-01 00:00:00-04:00,134.37055969221166,136.04245097601293,134.06095819397126,135.97169494628906,16561500,0.0,0.0
2021-04-05 00:00:00-04:00,137.3864783924563,137.86698276565198,135.7848333548847,136.6924285888672,13508000,0.9,0.0
2021-04-06 00:00:00-04:00,135.9539281078481,137.2797485712247,135.12641215170032,135.73147583007812,13071600,0.0,0.0
2021-04-07 00:00:00-04:00,136.22973976275662,138.1250233722288,135.82931492010522,137.8580780029297,16903500,0.0,0.0
2021-04-08 00:00:00-04:00,137.0305941091157,138.37420089076005,135.52681463774067,138.0271759033203,12335500,0.0,0.0
2021-04-09 00:00:00-04:00,138.641114925641,139.73557601088467,137.89367874925048,139.059326171875,12122400,0.0,0.0
2021-04-12 00:00:00-04:00,138.43649155393828,139.92247101588313,138.42759835143863,138.76571655273438,12273400,0.0,0.0
2021-04-13 00:00:00-04:00,137.69793389911038,138.09834520789136,135.6335706346469,137.11065673828125,16113600,0.0,0.0
2021-04-14 00:00:00-04:00,134.77934956690817,136.8792990267172,134.29884517753345,134.54800415039062,19939600,0.0,0.0
2021-04-15 00:00:00-04:00,134.58359910286302,135.42891486108562,132.86627440501968,135.4022216796875,17694100,0.0,0.0
2021-04-16 00:00:00-04:00,136.91491420086862,137.48439144986435,135.86494603885495,136.40773010253906,13773400,0.0,0.0
2021-04-19 00:00:00-04:00,136.51448713578375,136.92380522581166,135.44671911395525,135.82933044433594,11900200,0.0,0.0
2021-04-20 00:00:00-04:00,135.01963741960063,135.02853062271333,132.27011698792484,132.82180786132812,13716700,0.0,0.0
2021-04-21 00:00:00-04:00,131.504853488271,134.0141211440943,130.61504457384967,133.9518280029297,12236700,0.0,0.0
2021-04-22 00:00:00-04:00,133.67600360044878,133.7382967482253,131.03326975792046,131.1311492919922,15256100,0.0,0.0
2021-04-23 00:00:00-04:00,130.96209264068943,134.47684933543007,130.52609488514796,133.6404266357422,14041900,0.0,0.0
2021-04-26 00:00:00-04:00,134.16539406739864,135.66028018228653,133.80947591392436,133.96963500976562,10799100,0.0,0.0
2021-04-27 00:00:00-04:00,133.91623101352658,134.86833299370096,133.56920610748477,134.58358764648438,12821200,0.0,0.0
2021-04-28 00:00:00-04:00,135.63358653534854,136.0429046710835,134.7170843030076,135.45562744140625,8943700,0.0,0.0
2021-04-29 00:00:00-04:00,136.62125417241137,138.16952656486842,136.31872240135627,138.08944702148438,12976900,0.0,0.0
2021-04-30 00:00:00-04:00,137.11956342706043,137.46658837142994,136.14966136121137,136.86151123046875,11705100,0.0,0.0
2021-05-03 00:00:00-04:00,137.78692561115918,138.34749603440534,136.2564530835075,136.4611053466797,11801100,0.0,0.0
2021-05-04 00:00:00-04:00,136.0250715541647,138.489845815968,135.37551490966675,138.34747314453125,12977700,0.0,0.0
2021-05-05 00:00:00-04:00,138.81020622322603,140.8389696895267,137.59117221847214,140.1627197265625,10506700,0.0,0.0
2021-05-06 00:00:00-04:00,140.65210339702773,143.09907794260658,139.84237401609494,142.9833984375,13542400,0.0,0.0
2021-05-07 00:00:00-04:00,139.8957579581598,143.7041390079043,139.71779889158796,143.47279357910156,14257800,0.0,0.0
2021-05-10 00:00:00-04:00,143.70411668345366,145.68838644341577,143.36598500531144,143.45497131347656,14014300,0.0,0.0
2021-05-11 00:00:00-04:00,143.33040395065734,144.4960513129199,140.62537757988474,141.07028198242188,15451700,0.0,0.0
2021-05-12 00:00:00-04:00,142.022408703743,143.06348355805764,139.72669995676432,140.1004180908203,14381700,0.0,0.0
2021-05-13 00:00:00-04:00,140.7499750683678,144.54946313714376,140.30507058744251,143.7041473388672,15395000,0.0,0.0
2021-05-14 00:00:00-04:00,144.49605977252375,146.3290638459063,144.14014166061855,145.9375457763672,10584000,0.0,0.0
2021-05-17 00:00:00-04:00,145.36810207163947,146.68502925874853,145.06557024922608,146.5248565673828,9886800,0.0,0.0
2021-05-18 00:00:00-04:00,146.53367608312885,147.2633256639946,144.36255446929363,144.46043395996094,11098100,0.0,0.0
2021-05-19 00:00:00-04:00,143.2592371742022,143.4193962638256,141.15928756445305,143.35711669921875,13278900,0.0,0.0
2021-05-20 00:00:00-04:00,143.10794067382812,144.02444258593138,141.94229340177856,143.10794067382812,10426000,0.0,0.0
2021-05-21 00:00:00-04:00,143.56178892020924,145.23463427958345,143.20587073104429,144.73634338378906,10249000,0.0,0.0
2021-05-24 00:00:00-04:00,145.3592042944036,146.1333338089843,144.2558362047025,145.5193634033203,9440300,0.0,0.0
2021-05-25 00:00:00-04:00,145.79518161740947,147.44131979958968,143.7575118018748,144.01556396484375,12609100,0.0,0.0
2021-05-26 00:00:00-04:00,145.546044550886,145.697310430711,143.5350677990106,143.99777221679688,13058300,0.0,0.0
2021-05-27 00:00:00-04:00,145.8841957854339,146.5960457641102,144.6562684890616,146.24012756347656,15707500,0.0,0.0
2021-05-28 00:00:00-04:00,146.53374700639864,146.765106047629,145.2702197918484,146.14224243164062,10291300,0.0,0.0
2021-06-01 00:00:00-04:00,147.59258918802166,148.517997992756,147.24556428059765,147.7527618408203,9445400,0.0,0.0
2021-06-02 00:00:00-04:00,148.82944100472022,148.98961367695728,147.29007531342415,147.7616729736328,10498600,0.0,0.0
2021-06-03 00:00:00-04:00,147.18329297254476,148.82053808512802,146.51593629951728,147.8595428466797,13354400,0.0,0.0
2021-06-04 00:00:00-04:00,147.89515547700265,148.30446000151295,146.8451738278965,148.0998077392578,8510800,0.0,0.0
2021-06-07 00:00:00-04:00,148.598087134076,148.68707345553798,146.94304202769,147.40574645996094,7267200,0.0,0.0
2021-06-08 00:00:00-04:00,146.36469896579246,147.49474671014417,145.18125127216123,146.81849670410156,10370700,0.0,0.0
2021-06-09 00:00:00-04:00,146.0532262946167,146.12441263297703,144.39818126560513,144.98545837402344,12377400,0.0,0.0
2021-06-10 00:00:00-04:00,146.2490066422362,147.0320429008984,142.64527750486664,142.72535705566406,12119400,0.0,0.0
2021-06-11 00:00:00-04:00,142.75204463486938,143.43720133429977,141.53301070700815,142.62747192382812,13683800,0.0,0.0
2021-06-14 00:00:00-04:00,142.50287867080783,142.663051320433,139.3974545441425,140.20718383789062,19917900,0.0,0.0
2021-06-15 00:00:00-04:00,139.43306460018684,139.62882366218957,137.14626257938409,138.08055114746094,24485500,0.0,0.0
2021-06-16 00:00:00-04:00,137.6801321984925,140.25167946797606,136.23864607392724,139.05044555664062,25321200,0.0,0.0
2021-06-17 00:00:00-04:00,139.7889893309087,140.1093210910895,134.58360162232225,135.0373992919922,29722400,0.0,0.0
2021-06-18 00:00:00-04:00,132.8485005881537,133.204418795161,131.30022787511257,131.6205596923828,43595700,0.0,0.0
2021-06-21 00:00:00-04:00,132.65272415525106,134.53911484505966,132.59933778892176,133.8539581298828,18664800,0.0,0.0
2021-06-22 00:00:00-04:00,134.0052280588285,134.33445301267932,132.27899659097162,133.658203125,14251200,0.0,0.0
2021-06-23 00:00:00-04:00,133.6493185753359,135.28656399302346,133.5514390352889,134.4679412841797,12733300,0.0,0.0
2021-06-24 00:00:00-04:00,135.17978886976073,136.24755701130152,134.55692525197932,135.70477294921875,13733200,0.0,0.0
2021-06-25 00:00:00-04:00,135.7759612984401,137.47549986276502,134.95733859197676,137.07508850097656,15484900,0.0,0.0
2021-06-28 00:00:00-04:00,136.76360436610796,137.45765411611364,135.35770488913622,137.32418823242188,14125800,0.0,0.0
2021-06-29 00:00:00-04:00,137.92037226535405,139.0860196908247,136.6835385023287,137.15513610839844,14528700,0.0,0.0
2021-06-30 00:00:00-04:00,136.80812685063347,138.8813833453661,136.77254046648758,138.40087890625,12531000,0.0,0.0
2021-07-01 00:00:00-04:00,139.0415445863861,139.8245808237543,138.29410831112043,139.7711944580078,10479400,0.0,0.0
2021-07-02 00:00:00-04:00,139.56536632072456,139.89650216347022,138.82256727061323,139.636962890625,11424000,0.9,0.0
2021-07-06 00:00:00-04:00,139.41323184313765,139.41323184313765,136.3436056531514,137.292236328125,15083400,0.0,0.0
2021-07-07 00:00:00-04:00,136.03929154737324,138.07080121249075,135.62762840726398,137.4532928466797,12271800,0.0,0.0
2021-07-08 00:00:00-04:00,135.68131660210292,136.504656502713,134.27625981186898,135.0817108154297,17834600,0.0,0.0
2021-07-09 00:00:00-04:00,136.9700529087115,139.7443482471776,136.54943160336532,139.40428161621094,13694500,0.0,0.0
2021-07-12 00:00:00-04:00,138.1334805124015,142.4381237113082,137.76655320025083,141.39999389648438,19940400,0.0,0.0
2021-07-13 00:00:00-04:00,139.65484253197405,140.85405415582431,137.37275174258025,139.29685974121094,22671700,0.0,0.0
2021-07-14 00:00:00-04:00,139.5653545293471,140.7556217990376,136.88054483533344,138.8225555419922,14622800,0.0,0.0
2021-07-15 00:00:00-04:00,137.7307035708248,140.0843906226132,137.55171902575756,139.12681579589844,11539300,0.0,0.0
2021-07-16 00:00:00-04:00,139.57429391594212,139.86066647729365,135.15330569447264,135.94979858398438,14002700,0.0,0.0
2021-07-19 00:00:00-04:00,132.94280979595786,134.07938288895875,130.40119360468884,131.52880859375,22172900,0.0,0.0
2021-07-20 00:00:00-04:00,131.12609231558446,135.24279178711066,130.95605220539107,133.98094177246094,15385200,0.0,0.0
2021-07-21 00:00:00-04:00,136.0751066233586,137.50699692538285,135.457598212308,136.8000030517578,12356700,0.0,0.0
2021-07-22 00:00:00-04:00,136.81792184677872,137.31908419475744,134.21365287176457,135.07278442382812,9913300,0.0,0.0
2021-07-23 00:00:00-04:00,135.56499114063305,136.7821054520513,134.46422295598927,134.81324768066406,9666100,0.0,0.0
2021-07-26 00:00:00-04:00,134.4105176422135,135.99455910052043,134.3926150882963,135.7171173095703,8208000,0.0,0.0
2021-07-27 00:00:00-04:00,134.5984759531993,136.46890405861012,134.06152211966622,135.5381622314453,11218700,0.0,0.0
2021-07-28 00:00:00-04:00,136.28984998656583,136.71942926427744,135.0280001182671,135.7618408203125,9217300,0.0,0.0
2021-07-29 00:00:00-04:00,137.05055299477067,137.70385271098976,135.9497851006066,136.92526245117188,9063500,0.0,0.0
2021-07-30 00:00:00-04:00,136.54943287128205,137.52491052224934,135.31441595001937,135.83348083496094,9805200,0.0,0.0
2021-08-02 00:00:00-04:00,136.0571824865192,138.22292697861263,135.19805117271397,135.28753662109375,10203200,0.0,0.0
2021-08-03 00:00:00-04:00,135.98560075253317,137.2116730641887,133.81091157532362,136.82684326171875,10394800,0.0,0.0
2021-08-04 00:00:00-04:00,135.35917943655278,137.25644092066517,135.05490422790282,135.35023498535156,10155000,0.0,0.0
2021-08-05 00:00:00-04:00,136.2809796387303,137.54284384878298,136.0393428705888,137.0595703125,9151500,0.0,0.0
2021-08-06 00:00:00-04:00,138.8851982501705,141.23888562565875,138.81360169116792,140.95249938964844,13328800,0.0,0.0
2021-08-09 00:00:00-04:00,140.97039411513904,141.89217757068315,139.52058777322824,140.80035400390625,9516900,0.0,0.0
2021-08-10 00:00:00-04:00,140.27235765065342,143.17194328937342,139.88752783901163,142.527587890625,8667000,0.0,0.0
2021-08-11 00:00:00-04:00,143.18983671505433,144.53224143425797,142.3664967926204,144.22796630859375,9156500,0.0,0.0
2021-08-12 00:00:00-04:00,144.8723484996065,145.3108587161534,143.68208112277293,144.7917938232422,8844200,0.0,0.0
2021-08-13 00:00:00-04:00,144.79175346786033,145.12288922014508,142.80500723238026,143.1719207763672,8980900,0.0,0.0
2021-08-16 00:00:00-04:00,142.24121213310073,142.3217531422392,140.30814597989212,142.2322540283203,8755800,0.0,0.0
2021-08-17 00:00:00-04:00,141.01515296902156,142.16961506280526,138.95679625710312,140.51397705078125,9347200,0.0,0.0
2021-08-18 00:00:00-04:00,139.88753756439817,141.40892705112915,139.0194479711669,139.23423767089844,8065500,0.0,0.0
2021-08-19 00:00:00-04:00,137.06844598479472,139.2162876268584,136.93419734738814,138.07077026367188,9517700,0.0,0.0
2021-08-20 00:00:00-04:00,138.13344697401484,138.62565109861626,137.0684704101092,138.46456909179688,6974100,0.0,0.0
2021-08-23 00:00:00-04:00,139.01049828257183,140.58558172096613,138.929957269076,140.23655700683594,7934600,0.0,0.0
2021-08-24 00:00:00-04:00,140.50503892312258,141.89219331241043,140.38869280134062,141.10464477539062,7670900,0.0,0.0
2021-08-25 00:00:00-04:00,141.8563983269616,144.7828448898317,141.22100097568634,144.01319885253906,11335000,0.0,0.0
2021-08-26 00:00:00-04:00,145.21244007308277,146.61749740206483,144.21905968008042,144.7560272216797,11027500,0.0,0.0
2021-08-27 00:00:00-04:00,144.75601313725096,146.01787717827648,144.31748923242387,145.91943359375,8780200,0.0,0.0
2021-08-30 00:00:00-04:00,146.0625961603082,146.31317729469612,143.0824558952867,143.5836181640625,7937600,0.0,0.0
2021-08-31 00:00:00-04:00,143.58360433717974,144.41588867003878,142.60812689684613,143.14508056640625,12340800,0.0,0.0
2021-09-01 00:00:00-04:00,143.38669238475782,143.86995196919574,142.2680220307734,142.93922424316406,8729900,0.0,0.0
2021-09-02 00:00:00-04:00,143.2077729128294,144.6307189721307,142.67974988759954,143.60154724121094,8813300,0.0,0.0
2021-09-03 00:00:00-04:00,143.5388663521529,143.9863346073383,142.42914016325997,142.73342895507812,7959700,0.0,0.0
2021-09-07 00:00:00-04:00,143.18089851308284,144.42485972759135,142.25911499146525,142.48284912109375,9285600,0.0,0.0
2021-09-08 00:00:00-04:00,142.19648263021298,142.81399109865737,141.4357810215628,141.8474578857422,7852700,0.0,0.0
2021-09-09 00:00:00-04:00,141.641595409479,143.93263053082376,141.47155529950248,142.46493530273438,7904300,0.0,0.0
2021-09-10 00:00:00-04:00,143.69097242951815,143.8341655171513,140.70188841731027,140.82717895507812,8311600,0.0,0.0
2021-09-13 00:00:00-04:00,141.87427753364636,143.2345847919822,141.4626144045012,143.06454467773438,10052800,0.0,0.0
2021-09-14 00:00:00-04:00,143.59257977532553,144.38907283103626,139.84279310489939,140.5677032470703,11685600,0.0,0.0
2021-09-15 00:00:00-04:00,140.2544563056494,142.01748239025287,140.03072216958955,141.5431671142578,11691500,0.0,0.0
2021-09-16 00:00:00-04:00,142.66185270170308,143.9505636449726,140.70193928011815,141.48052978515625,10880900,0.0,0.0
2021-09-17 00:00:00-04:00,140.84510115977088,142.30383826970998,140.5050209430954,141.1135711669922,25581600,0.0,0.0
2021-09-20 00:00:00-04:00,137.72178025692946,138.3213860855213,134.679001556925,136.88949584960938,15819900,0.0,0.0
2021-09-21 00:00:00-04:00,137.39961226011602,138.31245139679353,136.54942523885245,136.9073944091797,8999900,0.0,0.0
2021-09-22 00:00:00-04:00,138.89413014668165,140.72875254533352,138.80464469775114,139.529541015625,11236200,0.0,0.0
2021-09-23 00:00:00-04:00,141.39995826979447,144.72017848828486,141.1046276043509,144.245849609375,12336100,0.0,0.0
2021-09-24 00:00:00-04:00,144.4785408001514,146.40264868045222,143.92368457815041,145.91043090820312,10102400,0.0,0.0
2021-09-27 00:00:00-04:00,147.66450739596212,149.81234931400866,147.3154827428884,149.4364776611328,13220900,0.0,0.0
2021-09-28 00:00:00-04:00,150.08085052072073,151.51275440398723,148.25518604242103,148.6310577392578,13387900,0.0,0.0
2021-09-29 00:00:00-04:00,148.74741698501208,149.36491176283107,147.700329155259,148.5147247314453,7777100,0.0,0.0
2021-09-30 00:00:00-04:00,149.3827980363285,149.44545014565963,145.6867059439131,146.49215698242188,13161200,0.0,0.0
2021-10-01 00:00:00-04:00,146.76959913930682,150.61782916494272,146.4116299695191,149.5707550048828,11285000,0.0,0.0
2021-10-04 00:00:00-04:00,149.4275705249703,152.53300173020202,148.31784418534954,149.40966796875,14120000,0.0,0.0
2021-10-05 00:00:00-04:00,150.54407355682503,153.1820319037712,150.05788802459702,151.84954833984375,12292900,1.0,0.0
2021-10-06 00:00:00-04:00,151.24630704385228,152.24567300398334,149.4546469926816,152.17364501953125,8692600,0.0,0.0
2021-10-07 00:00:00-04:00,154.13639010653748,154.4154900216965,152.64184000956215,153.13702392578125,10195400,0.0,0.0
2021-10-08 00:00:00-04:00,153.07401096129482,154.26243864518432,152.42577268355993,153.2540740966797,8190100,0.0,0.0
2021-10-11 00:00:00-04:00,153.77622593905977,154.21737844282376,149.86880061408527,150.03085327148438,12154700,0.0,0.0
2021-10-12 00:00:00-04:00,149.22957635175604,150.07588806277064,148.34725751466897,148.87844848632812,13032600,0.0,0.0
2021-10-13 00:00:00-04:00,147.7170357506271,148.9234737229175,144.59289196144314,144.95301818847656,22753500,0.0,0.0
2021-10-14 00:00:00-04:00,145.62828168506616,147.66302120066555,144.10672278809204,147.17684936523438,15176800,0.0,0.0
2021-10-15 00:00:00-04:00,148.869450537203,150.50804266760161,147.78004607400047,150.0038604736328,14267400,0.0,0.0
2021-10-18 00:00:00-04:00,149.88681471653086,151.8045204794378,149.3736341705584,149.94984436035156,12672900,0.0,0.0
2021-10-19 00:00:00-04:00,150.71511159477797,151.84052316205657,149.97684875036896,151.7685089111328,8053900,0.0,0.0
2021-10-20 00:00:00-04:00,151.52542545910353,153.8392646396114,150.7691521366139,153.812255859375,8185600,0.0,0.0
2021-10-21 00:00:00-04:00,153.74024507162713,154.25343942942214,151.86755825069275,152.6058349609375,8415200,0.0,0.0
2021-10-22 00:00:00-04:00,153.08297792417184,154.93765394046346,152.7858676296299,154.65855407714844,8817900,0.0,0.0
2021-10-25 00:00:00-04:00,155.49588473544569,155.72096706809978,153.48814043685772,153.9022979736328,10159200,0.0,0.0
2021-10-26 00:00:00-04:00,153.9563257653654,155.29782150277916,153.54216820107072,154.3164520263672,8015100,0.0,0.0
2021-10-27 00:00:00-04:00,153.34405828225223,153.68617399706653,150.6610676838584,151.10223388671875,9847000,0.0,0.0
2021-10-28 00:00:00-04:00,151.5254353941765,153.51515560437244,151.21932670613648,153.38011169433594,7212900,0.0,0.0
2021-10-29 00:00:00-04:00,154.11838916447726,155.07274992448828,152.50680548836084,152.95697021484375,8140100,0.0,0.0
2021-11-01 00:00:00-04:00,154.89264433592928,155.15374752214163,152.16464769808147,152.87591552734375,7435500,0.0,0.0
2021-11-02 00:00:00-04:00,152.8759374345642,154.57755947961908,152.08364315312093,153.47915649414062,7173800,0.0,0.0
2021-11-03 00:00:00-04:00,153.17303111696074,154.07336043407602,152.29069849487448,153.5331573486328,8402700,0.0,0.0
2021-11-04 00:00:00-04:00,153.05597225799895,153.2360353601274,149.89582154115183,151.5164031982422,9574200,0.0,0.0
2021-11-05 00:00:00-04:00,152.06562572882018,153.13701988163567,150.7241437542327,151.30035400390625,7975600,0.0,0.0
2021-11-08 00:00:00-05:00,152.20070318883427,153.88431494072807,151.9216032447169,152.20970153808594,6413700,0.0,0.0
2021-11-09 00:00:00-05:00,150.67010074665066,151.67846507881575,149.99485383037572,151.05723571777344,7990300,0.0,0.0
2021-11-10 00:00:00-05:00,150.76015366001195,152.11064774547864,150.4360345299825,150.9132080078125,6999200,0.0,0.0
2021-11-11 00:00:00-05:00,150.8231789765712,151.86755059848315,150.26496542882586,150.90420532226562,5815300,0.0,0.0
2021-11-12 00:00:00-05:00,150.940196951262,151.02123702656985,149.20256805056079,150.22894287109375,8113400,0.0,0.0
2021-11-15 00:00:00-05:00,150.5440693377023,151.066248245927,149.45466483248495,149.95884704589844,6492500,0.0,0.0
2021-11-16 00:00:00-05:00,150.40900549619514,150.41801758116407,148.66236451609,148.87844848632812,9706100,0.0,0.0
2021-11-17 00:00:00-05:00,148.7433816808751,149.05848863376167,147.10477606930877,148.07713317871094,9909600,0.0,0.0
2021-11-18 00:00:00-05:00,148.00514410950876,148.41930166307063,146.35753971914724,146.7987060546875,8122500,0.0,0.0
2021-11-19 00:00:00-05:00,145.22312625170755,145.95239082386934,143.55751146649848,144.88099670410156,12193600,0.0,0.0
2021-11-22 00:00:00-05:00,147.7980666982759,149.43665894167265,146.74468302653472,147.96913146972656,14549900,0.0,0.0
2021-11-23 00:00:00-05:00,149.0045013790761,151.7595068802208,148.88745417218593,151.50741577148438,12354400,0.0,0.0
2021-11-24 00:00:00-05:00,151.66946353060425,152.55178230262348,149.85079469454,150.3189697265625,9629800,0.0,0.0
2021-11-26 00:00:00-05:00,145.97940419277833,146.43856722799327,142.99031781396639,145.7903289794922,13619300,0.0,0.0
2021-11-29 00:00:00-05:00,147.03278188509077,148.3562671100349,143.89064129000658,145.16009521484375,12104400,0.0,0.0
2021-11-30 00:00:00-05:00,143.29640840022427,144.61989351221192,142.51311260178335,142.99929809570312,18922600,0.0,0.0
2021-12-01 00:00:00-05:00,144.9530091339156,146.99676037640043,142.0719582838097,142.15298461914062,12253400,0.0,0.0
2021-12-02 00:00:00-05:00,143.89961590816,146.97874008559725,142.97227794264234,145.14207458496094,12969900,0.0,0.0
2021-12-03 00:00:00-05:00,145.4031857314459,145.7002960567249,141.5227685455989,142.51312255859375,12681800,0.0,0.0
2021-12-06 00:00:00-05:00,144.96200316371934,146.40253541483966,143.5665038592428,144.1967315673828,11186500,0.0,0.0
2021-12-07 00:00:00-05:00,145.74530199742017,147.10479420631012,145.09706384456211,146.3665313720703,9851600,0.0,0.0
2021-12-08 00:00:00-05:00,146.44756440228076,146.9967658141746,144.20573954298916,144.69192504882812,11705700,0.0,0.0
2021-12-09 00:00:00-05:00,143.73759475651988,144.89001538202086,142.83726528422616,144.4668731689453,11189600,0.0,0.0
2021-12-10 00:00:00-05:00,145.2411496571417,145.58326549736745,143.269426015309,143.89065551757812,10405400,0.0,0.0
2021-12-13 00:00:00-05:00,143.60252994242686,143.86361940672145,141.60379770563534,142.1800079345703,12069000,0.0,0.0
2021-12-14 00:00:00-05:00,141.75686387508554,144.85399926580067,141.6218199577902,143.26942443847656,12563600,0.0,0.0
2021-12-15 00:00:00-05:00,143.91764558349217,143.91764558349217,141.66682231029358,142.19801330566406,14014200,0.0,0.0
2021-12-16 00:00:00-05:00,144.40378827687533,145.6912660735195,142.8822298526287,144.4217987060547,19542800,0.0,0.0
2021-12-17 00:00:00-05:00,143.44045922231476,143.49447677793407,139.71308302937683,141.13560485839844,28082000,0.0,0.0
2021-12-20 00:00:00-05:00,139.10987550469676,139.2809402701443,136.70599791693775,138.59669494628906,15148000,0.0,0.0
2021-12-21 00:00:00-05:00,139.92017709128456,141.51375003000638,139.63206512667418,140.5323944091797,11291300,0.0,0.0
2021-12-22 00:00:00-05:00,140.2263090497864,141.40573840776926,139.76714598507198,141.0816192626953,7273000,0.0,0.0
2021-12-23 00:00:00-05:00,141.90089037874716,143.26038256932688,141.54076418220257,141.5857696533203,8055200,0.0,0.0
2021-12-27 00:00:00-05:00,141.89189022378486,142.43207951171738,140.7574666170527,142.3960723876953,6188100,0.0,0.0
2021-12-28 00:00:00-05:00,142.43206952659537,144.18770863068175,142.32403442416933,142.82821655273438,6342300,0.0,0.0
2021-12-29 00:00:00-05:00,143.01732880174336,143.71958462546024,142.38708723969404,142.7562255859375,6398900,0.0,0.0
2021-12-30 00:00:00-05:00,143.25138539923785,144.2687618328362,142.58513681843115,142.68417358398438,6948200,0.0,0.0
2021-12-31 00:00:00-05:00,142.65719388871463,143.41346730460756,142.2160412650788,142.56716918945312,5805900,0.0,0.0
2022-01-03 00:00:00-05:00,143.92663417466127,146.4295483857598,143.61151344260037,145.58323669433594,13120900,0.0,0.0
2022-01-04 00:00:00-05:00,147.9330716209931,151.77748070897118,147.86104364473437,151.10223388671875,20195800,0.0,0.0
2022-01-05 00:00:00-05:00,151.99893862470245,152.4880245666312,148.29450891116423,148.3397979736328,17539400,1.0,0.0
2022-01-06 00:00:00-05:00,151.17469929850114,151.59132543459594,148.4212850779024,149.91574096679688,14047500,0.0,0.0
2022-01-07 00:00:00-05:00,150.05163204245767,151.73628303701256,149.499138602838,151.4011688232422,13913300,0.0,0.0
2022-01-10 00:00:00-05:00,153.13108663075081,153.34845200472952,149.92480916175836,151.5460662841797,12922500,0.0,0.0
2022-01-11 00:00:00-05:00,152.3974417480769,152.63293933754792,150.6312789284496,151.70004272460938,11854100,0.0,0.0
2022-01-12 00:00:00-05:00,152.57861948967127,153.602080548675,151.41927740802055,152.5605010986328,12568000,0.0,0.0
2022-01-13 00:00:00-05:00,152.469930718323,153.8013492115644,152.0623567310679,152.37030029296875,13623400,0.0,0.0
2022-01-14 00:00:00-05:00,145.604494903365,145.84904477308868,142.10839227583585,143.00506591796875,40158400,0.0,0.0
2022-01-18 00:00:00-05:00,141.09402108463226,141.09402108463226,136.3480109977819,137.0092010498047,32324800,0.0,0.0
2022-01-19 00:00:00-05:00,137.28090048550777,137.87866915964918,134.54560401549648,134.8897705078125,22380000,0.0,0.0
2022-01-20 00:00:00-05:00,134.9441345650549,136.41140640228232,133.46779662198367,133.73951721191406,14860800,0.0,0.0
2022-01-21 00:00:00-05:00,133.59458040591872,133.60363269030591,130.66908939620012,131.40272521972656,20705400,0.0,0.0
2022-01-24 00:00:00-05:00,128.8667015042041,131.76502210500166,126.41219164395159,131.2849884033203,28471400,0.0,0.0
2022-01-25 00:00:00-05:00,130.10753854930456,133.0058728985882,127.51716155332298,132.71603393554688,18915900,0.0,0.0
2022-01-26 00:00:00-05:00,134.69960510538144,136.3752041474786,132.1998057030663,133.9750213623047,20709100,0.0,0.0
2022-01-27 00:00:00-05:00,135.33357248955852,136.20307549982297,130.54228819942844,131.6110382080078,17536800,0.0,0.0
2022-01-28 00:00:00-05:00,130.59662751581453,132.9243360310003,128.76705721909346,132.78848266601562,14117000,0.0,0.0
2022-01-31 00:00:00-05:00,131.90995637140296,134.76298822526724,131.0314008973616,134.59091186523438,13985700,0.0,0.0
2022-02-01 00:00:00-05:00,134.67241892187636,137.19033642850434,134.31918628807702,136.90049743652344,14584900,0.0,0.0
2022-02-02 00:00:00-05:00,136.31176980375858,136.7102914748952,134.11086214763958,135.8045654296875,12441100,0.0,0.0
2022-02-03 00:00:00-05:00,135.85891951147659,137.35336209798922,134.3101217481208,134.6814727783203,12474900,0.0,0.0
2022-02-04 00:00:00-05:00,135.0437620768103,139.0289512422871,134.7448708163571,138.1775665283203,16654400,0.0,0.0
2022-02-07 00:00:00-05:00,138.8206077416844,139.13760350350742,136.62875279823731,138.63946533203125,12572300,0.0,0.0
2022-02-08 00:00:00-05:00,140.38753362290623,143.53945631456727,140.206391182288,141.2479705810547,20411400,0.0,0.0
2022-02-09 00:00:00-05:00,141.827634334261,142.58844087515521,141.13023524858244,141.83670043945312,9131100,0.0,0.0
2022-02-10 00:00:00-05:00,141.89104213857416,144.0376083914792,140.58679445367102,141.2479705810547,16455600,0.0,0.0
2022-02-11 00:00:00-05:00,140.94002672135727,143.27680151464654,138.54891057803744,139.4093475341797,16830000,0.0,0.0
2022-02-14 00:00:00-05:00,138.33153166036345,139.1919686183887,136.1487424477602,138.11416625976562,17026500,0.0,0.0
2022-02-15 00:00:00-05:00,139.94371785262393,141.23891320591656,139.34594920215534,140.13392639160156,9500000,0.0,0.0
2022-02-16 00:00:00-05:00,139.24630256697174,141.38381620887066,139.24630256697174,140.38751220703125,9076500,0.0,0.0
2022-02-17 00:00:00-05:00,138.57607972337283,139.23725584191646,136.46573645869415,137.15408325195312,11367500,0.0,0.0
2022-02-18 00:00:00-05:00,137.7880973737299,139.6086016131264,136.88237139626827,137.79714965820312,11733300,0.0,0.0
2022-02-22 00:00:00-05:00,136.40236529032302,138.79348180107226,136.230275108594,137.55262756347656,11333500,0.0,0.0
2022-02-23 00:00:00-05:00,138.68476883944018,138.84780671555845,134.0202851937096,134.6724090576172,11799000,0.0,0.0
2022-02-24 00:00:00-05:00,129.46450970705308,131.32125124518606,126.60241149941393,130.9227294921875,25655100,0.0,0.0
2022-02-25 00:00:00-05:00,131.55670307553746,135.97665043096146,131.24875954871717,134.02027893066406,18367700,0.0,0.0
2022-02-28 00:00:00-05:00,130.01696625433746,131.3846074989617,127.59867956363121,128.43194580078125,31315300,0.0,0.0
2022-03-01 00:00:00-05:00,126.83785657029006,127.23637820146175,120.98687464436021,123.5863037109375,36840400,0.0,0.0
2022-03-02 00:00:00-05:00,124.34714365273598,126.83789069744113,123.73125647178206,126.14954376220703,19405600,0.0,0.0
2022-03-03 00:00:00-05:00,126.6567238652611,127.68925097969543,124.13880662444262,125.25284576416016,16640800,0.0,0.0
2022-03-04 00:00:00-05:00,122.21866825923446,122.65341286816108,119.91811648725546,121.72956848144531,21016000,0.0,0.0
2022-03-07 00:00:00-05:00,119.70982662026564,120.18080809987893,116.79338723774636,117.02888488769531,27560100,0.0,0.0
2022-03-08 00:00:00-05:00,117.41831271713765,119.3656179999661,115.27173970765904,116.20464324951172,19207800,0.0,0.0
2022-03-09 00:00:00-05:00,120.37098473457509,122.49039416360826,119.95435849710233,120.8600845336914,17536200,0.0,0.0
2022-03-10 00:00:00-05:00,119.42902374267578,120.86912467934907,118.03421186733988,119.42902374267578,15604200,0.0,0.0
2022-03-11 00:00:00-05:00,119.99964036553467,121.43974136046774,116.31332898398264,116.73902130126953,20061800,0.0,0.0
2022-03-14 00:00:00-04:00,117.2552882583367,120.38909232443143,117.04696133800758,117.89834594726562,15786900,0.0,0.0
2022-03-15 00:00:00-04:00,119.37468305567327,120.95970346925697,118.76784832719213,119.99057006835938,15096600,0.0,0.0
2022-03-16 00:00:00-04:00,122.15526622147242,125.43400387411103,121.75674455383702,125.35247802734375,20354900,0.0,0.0
2022-03-17 00:00:00-04:00,123.95764503444241,126.97371388653256,123.1062604922555,126.9374771118164,17050500,0.0,0.0
2022-03-18 00:00:00-04:00,126.97372393320309,127.5715063807967,125.40682189961495,126.8922119140625,23656500,0.0,0.0
2022-03-21 00:00:00-04:00,127.11867667874144,127.49001391434705,125.65139084871387,126.48465728759766,12676100,0.0,0.0
2022-03-22 00:00:00-04:00,128.8576562564357,130.36115108065087,128.3595041368387,129.17465209960938,13548600,0.0,0.0
2022-03-23 00:00:00-04:00,127.68923958344051,128.2417329615206,126.07704851040963,126.60237121582031,12093200,0.0,0.0
2022-03-24 00:00:00-04:00,127.07335738746174,127.44470835504634,125.99554126316,127.42658996582031,10017600,0.0,0.0
2022-03-25 00:00:00-04:00,127.78889507531437,129.68185935104432,127.52624058118975,128.5406494140625,8383500,0.0,0.0
2022-03-28 00:00:00-04:00,126.80163768504003,127.68019299462321,124.89960759165174,127.58961486816406,10818100,0.0,0.0
2022-03-29 00:00:00-04:00,129.8358372018721,130.0622687185686,127.01902858135664,127.87039947509766,11316500,0.0,0.0
2022-03-30 00:00:00-04:00,128.52252902483735,128.72178987395299,126.72014291731448,127.29074096679688,8771000,0.0,0.0
2022-03-31 00:00:00-04:00,126.64767562339513,127.11865704053753,123.41422698111394,123.46858215332031,17353900,0.0,0.0
2022-04-01 00:00:00-04:00,124.44675906951066,124.45582517537974,121.18615344209228,122.55379486083984,15721300,0.0,0.0
2022-04-04 00:00:00-04:00,121.47597918725077,124.03013340359544,120.36193996238805,123.09723663330078,17416400,0.0,0.0
2022-04-05 00:00:00-04:00,122.33077134520255,123.54430363710857,121.3635737730218,121.66468048095703,12110300,1.0,0.0
2022-04-06 00:00:00-04:00,120.05880842511677,120.95299536593406,119.49310030866229,119.97669219970703,12914700,0.0,0.0
2022-04-07 00:00:00-04:00,119.48396098022441,120.3690284922998,117.45834398585835,119.61170196533203,12994200,0.0,0.0
2022-04-08 00:00:00-04:00,120.1409203246184,122.17565673194143,119.97668787971243,121.80156707763672,13126900,0.0,0.0
2022-04-11 00:00:00-04:00,121.35445404052734,123.08808352916039,120.9621117366863,121.35445404052734,10466400,0.0,0.0
2022-04-12 00:00:00-04:00,120.5697700577985,122.79612494397738,119.25585478577662,120.02230072021484,12989900,0.0,0.0
2022-04-13 00:00:00-04:00,115.82507042291391,117.93280340507121,114.97650142363382,116.15354919433594,30838000,0.0,0.0
2022-04-14 00:00:00-04:00,115.42359828782647,117.06599219425298,114.07318474683565,115.07687377929688,18835200,0.0,0.0
2022-04-18 00:00:00-04:00,114.66628368678744,117.92369976514571,114.54766904402372,117.21199798583984,11834400,0.0,0.0
2022-04-19 00:00:00-04:00,117.2028641647913,119.82157529160169,117.00212633840935,119.63907623291016,15015400,0.0,0.0
2022-04-20 00:00:00-04:00,120.91649516317545,121.81980142281215,119.83980923567107,120.05879974365234,13430200,0.0,0.0
2022-04-21 00:00:00-04:00,120.64277360755946,121.18110966839957,118.5806649770549,119.12812042236328,12174200,0.0,0.0
2022-04-22 00:00:00-04:00,118.87262545074654,119.09161595859376,115.59697075284797,115.70645904541016,14318800,0.0,0.0
2022-04-25 00:00:00-04:00,114.97650338451474,115.9893117867789,112.33042744131431,115.66995239257812,17149000,0.0,0.0
2022-04-26 00:00:00-04:00,113.72646079746559,115.34148264028576,112.11144591600647,112.24830627441406,17209500,0.0,0.0
2022-04-27 00:00:00-04:00,111.61873737472287,112.74103417868942,110.6059288669316,110.78841400146484,17215200,0.0,0.0
2022-04-28 00:00:00-04:00,112.0567141777278,112.8231671240795,110.53294159231145,112.5403060913086,13015600,0.0,0.0
2022-04-29 00:00:00-04:00,112.27570278596386,112.78666676719263,108.48907681014093,108.90879821777344,14874800,0.0,0.0
2022-05-02 00:00:00-04:00,109.38325292528516,110.14057943758716,107.86860686204261,109.9033432006836,18545000,0.0,0.0
2022-05-03 00:00:00-04:00,110.88878684742777,113.29762690779594,110.20445712661041,112.2574462890625,15720900,0.0,0.0
2022-05-04 00:00:00-04:00,112.04758331502585,116.24480399474224,111.99283220644797,115.9710693359375,17128500,0.0,0.0
2022-05-05 00:00:00-04:00,114.28305772925032,115.05862998224637,111.46362276025769,113.06951141357422,15055400,0.0,0.0
2022-05-06 00:00:00-04:00,112.96002076159817,113.40711419859433,110.56942659880467,112.88702392578125,14417900,0.0,0.0
2022-05-09 00:00:00-04:00,111.41801318604242,112.531190742474,109.94898470076633,111.18990325927734,14312300,0.0,0.0
2022-05-10 00:00:00-04:00,112.33044640643233,112.9417793041335,107.26640354013252,108.47994995117188,16382400,0.0,0.0
2022-05-11 00:00:00-04:00,108.85405715486286,112.12971228104885,107.61313862692595,107.79562377929688,14630300,0.0,0.0
2022-05-12 00:00:00-04:00,106.75542303292474,107.95984291176484,105.26814913265858,107.70436096191406,16318800,0.0,0.0
2022-05-13 00:00:00-04:00,108.95442481756271,109.72087080229535,107.6313831133996,108.66243743896484,10443200,0.0,0.0
2022-05-16 00:00:00-04:00,108.160595204282,109.00003799803468,106.96530150966979,107.90511322021484,10269000,0.0,0.0
2022-05-17 00:00:00-04:00,110.44169951149681,112.20270836930472,110.23183532246047,111.48188018798828,11160200,0.0,0.0
2022-05-18 00:00:00-04:00,110.67891757445244,111.29025038772608,109.06389571089534,109.57485961914062,12664900,0.0,0.0
2022-05-19 00:00:00-04:00,107.84124869248747,109.17340979839383,107.33027773471237,107.95073699951172,12765800,0.0,0.0
2022-05-20 00:00:00-04:00,109.0000485482901,109.1916600548868,104.94881394778093,107.065673828125,13150100,0.0,0.0
2022-05-23 00:00:00-04:00,109.9124873165724,115.48749453634316,109.90336097023398,113.68998718261719,24376700,0.0,0.0
2022-05-24 00:00:00-04:00,113.47099623636282,116.32692985504482,112.33044666576684,115.2958755493164,19324900,0.0,0.0
2022-05-25 00:00:00-04:00,115.22287471346685,116.66453099147205,114.21006617296362,116.09881591796875,12780400,0.0,0.0
2022-05-26 00:00:00-04:00,117.12986127646452,118.79050795027085,116.9838815288635,118.1061782836914,15990900,0.0,0.0
2022-05-27 00:00:00-04:00,118.76315420980539,119.77596282958984,117.83246182123254,119.77596282958984,11177800,0.0,0.0
2022-05-31 00:00:00-04:00,118.78137448622589,121.49132107609474,118.35254070464457,120.6518783569336,17015000,0.0,0.0
2022-06-01 00:00:00-04:00,121.23584765369716,121.23584765369716,117.40360404057749,118.5350341796875,10768000,0.0,0.0
2022-06-02 00:00:00-04:00,118.52589554910259,120.45114361455181,117.40359876713113,120.44202423095703,8374800,0.0,0.0
2022-06-03 00:00:00-04:00,119.72119445984724,120.23215835877947,118.60801714172113,118.76313018798828,8596000,0.0,0.0
2022-06-06 00:00:00-04:00,119.61169931092711,120.79787353073061,118.12443228647706,118.37078094482422,11323500,0.0,0.0
2022-06-07 00:00:00-04:00,117.54959255465957,118.90913253864038,117.3579741171996,118.68102264404297,6722200,0.0,0.0
2022-06-08 00:00:00-04:00,117.70470643043518,118.11530145901997,115.78858469477018,116.79226684570312,8422100,0.0,0.0
2022-06-09 00:00:00-04:00,116.21742930018814,116.88351324219863,114.30130065449067,114.33779907226562,13560100,0.0,0.0
2022-06-10 00:00:00-04:00,111.85595566224674,112.59503639558879,108.87228154160825,109.08214569091797,12945200,0.0,0.0
2022-06-13 00:00:00-04:00,106.62769491226851,107.62225075999282,104.9853008061454,105.83386993408203,16805600,0.0,0.0
2022-06-14 00:00:00-04:00,105.4323775751137,107.04739228259814,103.30639205962714,104.07283782958984,13357900,0.0,0.0
2022-06-15 00:00:00-04:00,105.49627610525266,106.70981556368234,103.26079475910525,105.3046646118164,14083500,0.0,0.0
2022-06-16 00:00:00-04:00,103.89037329281734,104.25535052466779,102.07462044009753,103.4980239868164,16724900,0.0,0.0
2022-06-17 00:00:00-04:00,103.59838750223523,104.59294327181658,102.33922342738217,103.13304138183594,30919900,0.0,0.0
2022-06-21 00:00:00-04:00,105.72437988941148,106.78280621482702,104.96705334401342,105.68788146972656,11680500,0.0,0.0
2022-06-22 00:00:00-04:00,104.82106055776408,106.02548057217425,104.3739670952002,105.09479522705078,9842700,0.0,0.0
2022-06-23 00:00:00-04:00,104.939684589268,105.09479765681445,101.71877378482223,103.94512176513672,11851500,0.0,0.0
2022-06-24 00:00:00-04:00,103.31552722978236,107.5036211763759,102.95055003898759,107.04740142822266,14841100,0.0,0.0
2022-06-27 00:00:00-04:00,107.72261898930577,108.12409464854798,105.51451678619728,106.1897201538086,11280500,0.0,0.0
2022-06-28 00:00:00-04:00,107.36676087059284,108.8449154572212,105.47801126835951,105.67874908447266,11590900,0.0,0.0
2022-06-29 00:00:00-04:00,105.84299725487378,106.59119747425548,104.68420198585846,105.20429229736328,9338400,0.0,0.0
2022-06-30 00:00:00-04:00,103.26077314065915,104.09109639974383,101.21691067720869,102.74980926513672,15172600,0.0,0.0
2022-07-01 00:00:00-04:00,102.78632670469626,104.40134180239819,101.4267935920444,104.0637435913086,10573600,0.0,0.0
2022-07-05 00:00:00-04:00,101.96497247138885,103.75076556994625,100.61182757102489,103.66792297363281,12514200,1.0,0.0
2022-07-06 00:00:00-04:00,102.84865548426649,104.00849381821563,101.98337324721408,102.99593353271484,10656200,0.0,0.0
2022-07-07 00:00:00-04:00,104.47795855174515,105.76667486357913,104.38590889152962,105.60098266601562,10347400,0.0,0.0
2022-07-08 00:00:00-04:00,106.00601893641675,106.45706722726226,104.57922449710566,105.26960754394531,8807800,0.0,0.0
2022-07-11 00:00:00-04:00,104.52400203758366,105.14994964985587,103.29972101281095,103.88884735107422,7939500,0.0,0.0
2022-07-12 00:00:00-04:00,103.63109842733463,106.02442489207306,103.33653527818129,103.99009704589844,11250900,0.0,0.0
2022-07-13 00:00:00-04:00,102.86708105210512,103.53905702065991,101.6059787382415,103.01436614990234,12979900,0.0,0.0
2022-07-14 00:00:00-04:00,99.40595405887709,99.62688169568881,97.62936802808609,99.4151611328125,26204800,0.0,0.0
2022-07-15 00:00:00-04:00,100.48294297714064,104.82774721840833,99.11137709236226,103.97167205810547,18863900,0.0,0.0
2022-07-18 00:00:00-04:00,105.64701831691312,106.6319645630104,102.44364476002882,102.90390014648438,13977900,0.0,0.0
2022-07-19 00:00:00-04:00,104.13737423597276,105.80350339894233,103.71394015154837,105.45370483398438,11862300,0.0,0.0
2022-07-20 00:00:00-04:00,105.03027575478082,105.61940207622342,104.45956358128687,105.435302734375,11667500,0.0,0.0
2022-07-21 00:00:00-04:00,105.34323536536975,106.34658854887387,104.35828930378213,106.15328216552734,11595900,0.0,0.0
2022-07-22 00:00:00-04:00,106.07963563335491,107.00935327120922,104.63443432600752,105.6377944946289,7645500,0.0,0.0
2022-07-25 00:00:00-04:00,106.63197628534924,107.20269555555316,105.64702993097417,106.06126403808594,9394000,0.0,0.0
2022-07-26 00:00:00-04:00,105.47212323167749,106.39263398002949,104.04532876255603,104.40432739257812,10675100,0.0,0.0
2022-07-27 00:00:00-04:00,104.94744174905571,106.53992155293359,104.29387990217019,106.07966613769531,9337400,0.0,0.0
2022-07-28 00:00:00-04:00,106.08887253016537,106.76084852218551,104.50559278825733,105.68384552001953,10384800,0.0,0.0
2022-07-29 00:00:00-04:00,106.40182276979742,107.2394908331529,105.66541846281808,106.19010925292969,12944500,0.0,0.0
2022-08-01 00:00:00-04:00,105.39847971904375,105.95999183222055,104.08214908006299,105.13153076171875,14740400,0.0,0.0
2022-08-02 00:00:00-04:00,104.86458582198014,105.30643408415578,103.34574163835994,103.49302673339844,14942900,0.0,0.0
2022-08-03 00:00:00-04:00,104.43193854635965,105.03027191993033,102.83025185735183,104.5792236328125,14394500,0.0,0.0
2022-08-04 00:00:00-04:00,103.8796295074969,104.31227065357461,102.1950932666604,103.42858123779297,18033900,0.0,0.0
2022-08-05 00:00:00-04:00,103.58508131577175,106.95415428358707,103.14324005559477,106.55833435058594,14174600,0.0,0.0
2022-08-08 00:00:00-04:00,107.00937062798492,107.4235976405949,105.10391372868806,105.2603988647461,10332500,0.0,0.0
2022-08-09 00:00:00-04:00,105.62860737361359,106.77003872434328,105.2788158208089,106.20852661132812,10233800,0.0,0.0
2022-08-10 00:00:00-04:00,108.58343581445507,109.88135920654632,108.16000175671337,108.97925567626953,12847300,0.0,0.0
2022-08-11 00:00:00-04:00,110.36923595036457,111.56589566411976,109.82613097748522,110.59015655517578,11684900,0.0,0.0
2022-08-12 00:00:00-04:00,111.07802180588378,112.53243036232972,109.94579760502282,112.42196655273438,9906700,0.0,0.0
2022-08-15 00:00:00-04:00,111.51067223974692,112.96508091738139,111.01359558955768,112.72574615478516,8456200,0.0,0.0
2022-08-16 00:00:00-04:00,112.56925341817482,114.36424645920825,112.18264061286597,113.802734375,9555000,0.0,0.0
2022-08-17 00:00:00-04:00,112.57846365050901,113.37010343003465,112.01695155054455,112.84540557861328,8149300,0.0,0.0
2022-08-18 00:00:00-04:00,112.52322174255417,112.7349422856338,110.96756349403482,111.97091674804688,9531800,0.0,0.0
2022-08-19 00:00:00-04:00,111.03200137371968,111.37258583255228,108.72151758751467,109.20018005371094,13464500,0.0,0.0
2022-08-22 00:00:00-04:00,107.46961574125844,107.84702846947603,106.31897745709078,107.3959732055664,8967600,0.0,0.0
2022-08-23 00:00:00-04:00,107.41439758841689,107.96670261286873,106.20852377608135,106.33739471435547,7607000,0.0,0.0
2022-08-24 00:00:00-04:00,106.12567614100074,107.15665062115436,105.35244352515076,106.59513854980469,9771300,0.0,0.0
2022-08-25 00:00:00-04:00,106.92652123048647,109.30143338683253,106.48467302527152,109.12654113769531,10758900,0.0,0.0
2022-08-26 00:00:00-04:00,109.96420933226625,110.45207888826077,105.49052668897629,105.55496215820312,11276200,0.0,0.0
2022-08-29 00:00:00-04:00,104.93821971189048,105.72985947506093,104.44114309155513,105.2972183227539,8117300,0.0,0.0
2022-08-30 00:00:00-04:00,105.85873363924708,106.39263154658529,104.34909660831384,105.31563568115234,10745400,0.0,0.0
2022-08-31 00:00:00-04:00,105.38007269179718,105.88634938544901,104.33068398623134,104.68968963623047,10738300,0.0,0.0
2022-09-01 00:00:00-04:00,104.2846525779885,105.51813348030481,103.01435040685004,105.40767669677734,9979800,0.0,0.0
2022-09-02 00:00:00-04:00,106.65958656220532,108.1139882565621,104.19261739192052,104.67127990722656,10666600,0.0,0.0
2022-09-06 00:00:00-04:00,105.2419803422502,105.6285931152058,103.16162438506167,104.6988754272461,9751900,0.0,0.0
2022-09-07 00:00:00-04:00,104.1373836208031,106.88050887764474,103.79679912162675,106.68720245361328,10647900,0.0,0.0
2022-09-08 00:00:00-04:00,106.11648140118835,109.34747619951865,105.51814799069165,109.17257690429688,11435000,0.0,0.0
2022-09-09 00:00:00-04:00,109.66964379838598,110.50731190305305,109.23700264744271,109.69725799560547,9299700,0.0,0.0
2022-09-12 00:00:00-04:00,111.03199949219187,111.88807469581263,110.26797395094064,110.99517822265625,8614600,0.0,0.0
2022-09-13 00:00:00-04:00,108.68471069488321,109.46714347619702,106.57674010423013,107.13825225830078,12904600,0.0,0.0
2022-09-14 00:00:00-04:00,107.4236080310028,108.47298978585829,105.74827864843176,106.88971710205078,9345700,0.0,0.0
2022-09-15 00:00:00-04:00,106.88970893800455,109.89056887370106,106.55832451199862,108.50060272216797,10821400,0.0,0.0
2022-09-16 00:00:00-04:00,108.05874778609602,108.06795485928683,106.19931930908112,107.77339172363281,14844100,0.0,0.0
2022-09-19 00:00:00-04:00,106.7792486157195,109.29224609133811,106.32820030781761,108.7675552368164,8201300,0.0,0.0
2022-09-20 00:00:00-04:00,108.07715782820918,108.33489968425121,105.52733941749577,106.62274932861328,9619000,0.0,0.0
2022-09-21 00:00:00-04:00,107.27632739739371,107.33155579698341,103.48382044657552,103.54825592041016,12606300,0.0,0.0
2022-09-22 00:00:00-04:00,104.36749389218319,104.57000735676448,102.24111655995739,102.36998748779297,11684500,0.0,0.0
2022-09-23 00:00:00-04:00,101.30220669338624,101.56914861975497,98.64193129679006,100.46453857421875,18138600,0.0,0.0
2022-09-26 00:00:00-04:00,99.41514758080896,100.89717025009871,97.629354719517,98.30133056640625,15753600,0.0,0.0
2022-09-27 00:00:00-04:00,99.18502981230102,99.5716426281521,96.3314479925907,97.4360580444336,12793600,0.0,0.0
2022-09-28 00:00:00-04:00,97.52810222340598,100.0871277733645,97.2427461643746,99.40594482421875,12762600,0.0,0.0
2022-09-29 00:00:00-04:00,98.44861756837865,98.75238778800839,96.10131947300002,97.72142028808594,12713900,0.0,0.0
2022-09-30 00:00:00-04:00,97.62935368866441,99.06535502526748,96.10130971798486,96.193359375,15973400,0.0,0.0
2022-10-03 00:00:00-04:00,97.22434773636057,99.74654521957012,96.15655189762184,99.1666259765625,12248100,0.0,0.0
2022-10-04 00:00:00-04:00,101.81770008112989,104.00851325539313,101.12731698159574,103.80599975585938,16013600,0.0,0.0
2022-10-05 00:00:00-04:00,101.92992533435878,103.04441826680329,101.07548028043311,102.52432250976562,10943500,1.0,0.0
2022-10-06 00:00:00-04:00,101.66057626606707,102.33856423028001,100.2488849089589,100.43463134765625,11521400,0.0,0.0
2022-10-07 00:00:00-04:00,99.85882948126893,100.03529359947754,97.7691496696267,98.4285659790039,11681100,0.0,0.0
2022-10-10 00:00:00-04:00,99.12510275804142,99.66377026511873,97.07256705376128,97.50907897949219,8931700,0.0,0.0
2022-10-11 00:00:00-04:00,96.93326671657108,97.091151907891,94.5928217626463,94.69498443603516,12739700,0.0,0.0
2022-10-12 00:00:00-04:00,94.54639573818459,97.26762324370152,94.06344359421813,96.22742462158203,13181000,0.0,0.0
2022-10-13 00:00:00-04:00,94.71357477995018,102.06924563834372,94.50924940847696,101.57701110839844,22398700,0.0,0.0
2022-10-14 00:00:00-04:00,103.98245036522299,107.02873754863839,102.83080676593075,103.26731872558594,33387100,0.0,0.0
2022-10-17 00:00:00-04:00,107.1866277971114,108.6726206528405,106.17429051410751,107.60456085205078,22276300,0.0,0.0
2022-10-18 00:00:00-04:00,111.13381714327535,111.5796115255362,108.62619717140583,110.37223815917969,21539700,0.0,0.0
2022-10-19 00:00:00-04:00,109.58278501849733,110.36293567387725,107.42809366835056,108.20824432373047,17072000,0.0,0.0
2022-10-20 00:00:00-04:00,108.8119385968441,110.25149135761384,107.4095294589742,107.8553237915039,12207400,0.0,0.0
2022-10-21 00:00:00-04:00,108.1618122291094,113.66927903804999,108.04107773979952,113.52068328857422,20593300,0.0,0.0
2022-10-24 00:00:00-04:00,113.37209449038379,114.32870233197761,112.68482400669656,113.66000366210938,12624200,0.0,0.0
2022-10-25 00:00:00-04:00,113.16775836808813,114.48657668305479,112.27616258814841,113.95719146728516,11289100,0.0,0.0
2022-10-26 00:00:00-04:00,114.235829618427,116.27906926509736,114.12437747767669,115.26673889160156,11667000,0.0,0.0
2022-10-27 00:00:00-04:00,116.27905585514561,117.207802330301,115.3595988287583,115.72180938720703,10727600,0.0,0.0
2022-10-28 00:00:00-04:00,116.36264867495325,117.28210571676807,115.21100501045373,117.09635925292969,11859500,0.0,0.0
2022-10-31 00:00:00-04:00,116.7434317315397,118.35016628761669,116.64126905010151,116.91060638427734,13295200,0.0,0.0
2022-11-01 00:00:00-04:00,117.83006499403739,119.13959380762135,117.32854105933296,119.01885223388672,13386900,0.0,0.0
2022-11-02 00:00:00-04:00,118.55449868290286,121.07140098646958,117.61646268213407,117.9229507446289,16546100,0.0,0.0
2022-11-03 00:00:00-04:00,117.30996709261544,119.04671849710228,116.93847416457494,118.13655090332031,12474400,0.0,0.0
2022-11-04 00:00:00-04:00,120.26339482769207,121.50791179282503,119.30678702313715,121.36859130859375,14953200,0.0,0.0
2022-11-07 00:00:00-05:00,121.66579063458539,122.86386737558276,121.1828384899875,122.0094223022461,12011200,0.0,0.0
2022-11-08 00:00:00-05:00,121.88869614603735,122.65026090923394,120.86706932419767,122.08372497558594,9884100,0.0,0.0
2022-11-09 00:00:00-05:00,121.96298838653452,122.06513688948264,120.01261520857406,120.49556732177734,9494000,0.0,0.0
2022-11-10 00:00:00-05:00,123.17962957568724,125.61294041142474,123.08674927460268,125.4550552368164,16351600,0.0,0.0
2022-11-11 00:00:00-05:00,125.55721539122334,126.46738280318438,124.2476796984297,125.65937805175781,10704700,0.0,0.0
2022-11-14 00:00:00-05:00,125.19503016247964,126.05875759912232,124.36844635009766,124.36844635009766,11085600,0.0,0.0
2022-11-15 00:00:00-05:00,125.08356962635266,126.04019154241703,122.22304292742675,123.46755981445312,14038300,0.0,0.0
2022-11-16 00:00:00-05:00,123.52326718975094,124.04336288941849,122.62238207727502,123.63471221923828,7893400,0.0,0.0
2022-11-17 00:00:00-05:00,122.59453720587773,123.42112101866154,121.92583859648556,123.09605407714844,8820200,0.0,0.0
2022-11-18 00:00:00-05:00,124.98142380109464,125.07428994853335,122.85458637162606,124.30342864990234,9468500,0.0,0.0
2022-11-21 00:00:00-05:00,124.21056239102535,124.97212715414634,123.29109825146094,123.5697250366211,7800500,0.0,0.0
2022-11-22 00:00:00-05:00,124.45201012295959,125.63152194812757,124.16410102370435,125.41790008544922,9185700,0.0,0.0
2022-11-23 00:00:00-05:00,125.32502414773276,126.77386606387293,125.25072274542514,126.75528717041016,7316200,0.0,0.0
2022-11-25 00:00:00-05:00,126.75530489075743,127.36828091683162,126.36523310276806,126.99678802490234,3220500,0.0,0.0
2022-11-28 00:00:00-05:00,126.37455247149344,126.96894970891061,124.62850438652825,124.77710723876953,9906900,0.0,0.0
2022-11-29 00:00:00-05:00,125.06500767175511,126.90392178225868,124.83282104567725,126.82962036132812,7925300,0.0,0.0
2022-11-30 00:00:00-05:00,126.3930909550867,128.33416748046875,123.6997321323156,128.33416748046875,14761200,0.0,0.0
2022-12-01 00:00:00-05:00,128.3341657091034,128.77997416710616,125.78011320941839,126.53240966796875,8858500,0.0,0.0
2022-12-02 00:00:00-05:00,124.90712993323432,125.70585254154965,123.83906288650162,125.52938842773438,8931900,0.0,0.0
2022-12-05 00:00:00-05:00,124.6749343749381,124.98142241834367,121.2942977058466,122.0094223022461,10154500,0.0,0.0
2022-12-06 00:00:00-05:00,123.88548387100501,125.48292884034701,120.61629251845096,122.21373748779297,13966700,0.0,0.0
2022-12-07 00:00:00-05:00,121.95369337877337,123.59757855382638,121.04352583105502,122.13015747070312,11739400,0.0,0.0
2022-12-08 00:00:00-05:00,122.90102132709893,123.50470086030334,122.06514100626237,123.41183471679688,8907300,0.0,0.0
2022-12-09 00:00:00-05:00,122.78028479893656,124.22912707542146,122.5945383327418,122.7431411743164,7957800,0.0,0.0
2022-12-12 00:00:00-05:00,122.9660287984385,125.05570838719136,122.22304294856372,124.6470718383789,8841600,0.0,0.0
2022-12-13 00:00:00-05:00,127.13611215653034,127.32185862855937,123.59759013822934,124.52633666992188,10025400,0.0,0.0
2022-12-14 00:00:00-05:00,124.24769199615004,126.04017991357202,123.3003667021159,123.90406036376953,9966100,0.0,0.0
2022-12-15 00:00:00-05:00,121.80506726276127,122.66880866037543,119.85470860475786,120.82989501953125,12087800,0.0,0.0
2022-12-16 00:00:00-05:00,119.94760514584937,120.64416502282072,119.2789065302331,120.07762908935547,21133700,0.0,0.0
2022-12-19 00:00:00-05:00,120.41197330520147,121.97227473283996,119.89187755317076,120.79276275634766,9017200,0.0,0.0
2022-12-20 00:00:00-05:00,121.637916509268,122.6409643166381,120.92277781695364,121.37786865234375,8549900,0.0,0.0
2022-12-21 00:00:00-05:00,122.761705900853,123.50470593717901,122.38093060519519,122.7431411743164,8051700,0.0,0.0
2022-12-22 00:00:00-05:00,121.75868740083885,121.9444338903006,119.26035672866436,121.35003662109375,8648200,0.0,0.0
2022-12-23 00:00:00-05:00,121.27571496529464,122.07443749116744,120.40269102171897,121.92583465576172,5091900,0.0,0.0
2022-12-27 00:00:00-05:00,122.19518791040136,122.79886748705289,121.24786248055901,122.35307312011719,5411000,0.0,0.0
2022-12-28 00:00:00-05:00,122.45521554665024,123.90405762815813,121.67505781914632,123.0217514038086,8827700,0.0,0.0
2022-12-29 00:00:00-05:00,123.45827092342185,123.77405551781635,122.88245260275419,123.72761535644531,6585200,0.0,0.0
2022-12-30 00:00:00-05:00,123.34681574038065,124.75851433511268,123.00318408325008,124.54490661621094,9292500,0.0,0.0
2023-01-03 00:00:00-05:00,125.60366959403802,126.99678920908107,124.34985627188105,125.4922103881836,11054800,0.0,0.0
2023-01-04 00:00:00-05:00,126.30023452062926,127.86980411309565,125.91016271319269,126.66244506835938,11687600,0.0,0.0
2023-01-05 00:00:00-05:00,126.92439703403952,126.97118022011425,125.090601783968,126.63436126708984,8381300,1.0,0.0
2023-01-06 00:00:00-05:00,127.36417099427895,129.4692865048809,125.82977625982267,129.0576171875,10029100,0.0,0.0
2023-01-09 00:00:00-05:00,129.67511394492783,129.93708271845475,128.06586903541816,128.52430725097656,8482300,0.0,0.0
2023-01-10 00:00:00-05:00,128.91724118386162,129.78736284033732,128.46815396425578,129.6750946044922,9048700,0.0,0.0
2023-01-11 00:00:00-05:00,129.95577546123752,130.7510469312383,129.20730146150316,130.63877868652344,8703700,0.0,0.0
2023-01-12 00:00:00-05:00,130.9849668827736,131.78958939324548,130.25519463795354,130.5078125,11001700,0.0,0.0
2023-01-13 00:00:00-05:00,126.8682817361375,134.25021846481084,126.11979347661118,133.80111694335938,20200000,0.0,0.0
2023-01-17 00:00:00-05:00,132.07959887288578,132.42576879069344,130.26451955293916,131.73342895507812,14292900,0.0,0.0
2023-01-18 00:00:00-05:00,129.9744928798542,131.667938876779,127.62612498856996,127.77582550048828,13392600,0.0,0.0
2023-01-19 00:00:00-05:00,126.60630069825113,127.14894000060704,124.98769088971372,126.072998046875,13303400,0.0,0.0
2023-01-20 00:00:00-05:00,126.45660226168738,126.76535417915281,124.95027493623631,126.38175201416016,13092500,0.0,0.0
2023-01-23 00:00:00-05:00,126.41919233267363,129.0763266225046,126.13852170014526,128.43075561523438,10487100,0.0,0.0
2023-01-24 00:00:00-05:00,127.63546381108138,131.25625715779535,126.30690401532647,129.5347442626953,6945000,0.0,0.0
2023-01-25 00:00:00-05:00,129.16052918258035,130.16162109375,128.4120408433662,130.16162109375,8967000,0.0,0.0
2023-01-26 00:00:00-05:00,130.4423099880158,131.04109782242318,129.450568975675,130.96624755859375,7487600,0.0,0.0
2023-01-27 00:00:00-05:00,131.55566721328483,132.16380589734277,130.7510448279102,131.2843475341797,7489900,0.0,0.0
2023-01-30 00:00:00-05:00,130.26454211264664,131.06916460177803,129.9651553342081,130.17098999023438,6729300,0.0,0.0
2023-01-31 00:00:00-05:00,130.87265952233574,131.05042706561974,129.34761615229309,130.947509765625,9188700,0.0,0.0
2023-02-01 00:00:00-05:00,129.3102212097713,131.80828963524198,129.2260057484249,130.60134887695312,8841800,0.0,0.0
2023-02-02 00:00:00-05:00,130.98496612843212,131.41535158439459,129.1137523265974,129.99322509765625,11822100,0.0,0.0
2023-02-03 00:00:00-05:00,129.2821265682164,133.16490292738285,129.23535765433598,132.00474548339844,11501200,0.0,0.0
2023-02-06 00:00:00-05:00,131.2001333102566,133.08071205403195,131.01301481157248,132.78131103515625,8406200,0.0,0.0
2023-02-07 00:00:00-05:00,132.27608532515177,135.0454732778412,132.0889525563754,134.39990234375,10447900,0.0,0.0
2023-02-08 00:00:00-05:00,133.46429172357497,134.76478448188698,133.11812180861202,133.45494079589844,6958000,0.0,0.0
2023-02-09 00:00:00-05:00,133.90401900764377,134.10985361247737,130.86329739904875,131.3778839111328,6443100,0.0,0.0
2023-02-10 00:00:00-05:00,130.7791027393837,132.18251278246726,129.66572848767467,131.9579620361328,6582900,0.0,0.0
2023-02-13 00:00:00-05:00,132.20121047965134,133.53912101491204,131.67727308748707,133.38943481445312,7134600,0.0,0.0
2023-02-14 00:00:00-05:00,133.32395997551347,134.5496025163554,132.48191962300058,133.9788818359375,9249400,0.0,0.0
2023-02-15 00:00:00-05:00,132.4912716313343,134.62445386623963,132.20123582479755,134.54025268554688,6728300,0.0,0.0
2023-02-16 00:00:00-05:00,133.70756735568946,134.15665460938595,132.55676074601678,132.68775939941406,8165300,0.0,0.0
2023-02-17 00:00:00-05:00,131.90183014250113,133.63270826864397,131.0504388852736,133.08070373535156,7948800,0.0,0.0
2023-02-21 00:00:00-05:00,131.63051958477524,132.23865827861601,129.81544015534394,130.63877868652344,9996300,0.0,0.0
2023-02-22 00:00:00-05:00,129.97448378505638,130.4516380726529,128.5897898372704,129.63766479492188,11107500,0.0,0.0
2023-02-23 00:00:00-05:00,129.79673576300573,131.14401192635523,129.0576126247328,130.67620849609375,8068000,0.0,0.0
2023-02-24 00:00:00-05:00,130.1522749070487,132.2573904074153,129.98385824338072,131.85507202148438,9126900,0.0,0.0
2023-02-27 00:00:00-05:00,132.95906092870314,134.08178604776816,132.59417490810137,133.00584411621094,10014700,0.0,0.0
2023-02-28 00:00:00-05:00,133.73562998721573,134.5028200920271,132.762590980838,134.11923217773438,11019800,0.0,0.0
2023-03-01 00:00:00-05:00,132.94973783338293,134.22216370835275,132.669052925802,133.37075805664062,7139200,0.0,0.0
2023-03-02 00:00:00-05:00,133.08071167098598,133.25846496467713,130.554561979229,131.98605346679688,11106800,0.0,0.0
2023-03-03 00:00:00-05:00,132.39770813043643,134.48412149455592,131.99540407421262,134.40927124023438,9513100,0.0,0.0
2023-03-06 00:00:00-05:00,134.20342362034532,134.76477905908396,133.47365155662766,133.62335205078125,9261300,0.0,0.0
2023-03-07 00:00:00-05:00,132.8655237930372,133.14620870362913,128.935977873433,129.69381713867188,11747600,0.0,0.0
2023-03-08 00:00:00-05:00,129.1137389890067,129.66574357723047,128.07521486521995,128.92662048339844,10002500,0.0,0.0
2023-03-09 00:00:00-05:00,127.95358511066699,128.5056039910733,120.89911588412114,121.94699096679688,25888100,0.0,0.0
2023-03-10 00:00:00-05:00,120.6558253160591,126.55013507930451,119.58922729661327,125.04380798339844,37599700,0.0,0.0
2023-03-13 00:00:00-04:00,122.76095237761382,125.25902037010307,121.07685758598504,122.79837036132812,42901100,0.0,0.0
2023-03-14 00:00:00-04:00,126.56889709213495,126.80279881122541,122.83582051600904,125.9513931274414,29648100,0.0,0.0
2023-03-15 00:00:00-04:00,122.54576700636414,122.55513221056388,118.56944549303599,120.00091552734375,34280600,0.0,0.0
2023-03-16 00:00:00-04:00,119.76700657989248,123.45329920214157,117.90515127584176,122.33057403564453,24558500,0.0,0.0
2023-03-17 00:00:00-04:00,120.11320310827395,120.20675522063422,117.37186781641796,117.70868682861328,38396000,0.0,0.0
2023-03-20 00:00:00-04:00,118.81270625757652,121.13301427649034,117.89581558533092,118.95304870605469,22875500,0.0,0.0
2023-03-21 00:00:00-04:00,122.1808734912086,123.2474645403905,121.80663652793339,122.1434555053711,17807800,0.0,0.0
2023-03-22 00:00:00-04:00,122.15281140926528,122.24637779200849,118.89690401220554,118.99046325683594,17250200,0.0,0.0
2023-03-23 00:00:00-04:00,119.6641036516477,121.18914007039585,117.90515840943861,118.67235565185547,16677600,0.0,0.0
2023-03-24 00:00:00-04:00,117.54028436904431,117.58706756614235,115.18255828044485,116.86665344238281,22311100,0.0,0.0
2023-03-27 00:00:00-04:00,118.62558208233797,121.04880730511766,118.15777870184358,120.21611785888672,18853900,0.0,0.0
2023-03-28 00:00:00-04:00,120.42194984900343,121.0113723876736,119.51440303052466,120.58100128173828,10820500,0.0,0.0
2023-03-29 00:00:00-04:00,121.72244567169248,121.83471391494763,119.54247306094258,120.82425689697266,14595300,0.0,0.0
2023-03-30 00:00:00-04:00,121.58208335898726,121.74113477901781,119.43019231062934,120.45935821533203,12134700,0.0,0.0
2023-03-31 00:00:00-04:00,121.31079888451296,121.94700474911873,120.5529595496971,121.91893768310547,13105200,0.0,0.0
2023-04-03 00:00:00-04:00,121.54468563587872,122.97616293101143,121.07688222501895,121.7785873413086,11775400,0.0,0.0
2023-04-04 00:00:00-04:00,122.09668329861232,122.18088448148947,119.20566181001996,120.15061950683594,11579900,0.0,0.0
2023-04-05 00:00:00-04:00,119.56598624089786,120.8389592920107,119.2453797054416,120.32977294921875,9614700,1.0,0.0
2023-04-06 00:00:00-04:00,119.7545741652316,120.77296124692943,119.62256182435962,120.19776153564453,8760200,0.0,0.0
2023-04-10 00:00:00-04:00,119.3208155506769,120.91439511276545,119.01907203648265,120.59379577636719,9477300,0.0,0.0
2023-04-11 00:00:00-04:00,120.98042379914804,121.58391090397397,120.26378016436708,121.18787384033203,10516300,0.0,0.0
2023-04-12 00:00:00-04:00,121.8101974082241,122.98888416618384,120.75409867733731,121.16899871826172,11821000,0.0,0.0
2023-04-13 00:00:00-04:00,121.13128807142968,121.67818606995738,119.59427592213416,121.63105010986328,12450200,0.0,0.0
2023-04-14 00:00:00-04:00,127.43963774138243,131.1831489529831,127.20390033202857,130.81539916992188,43931300,0.0,0.0
2023-04-17 00:00:00-04:00,131.96574940748255,132.06947440424474,129.80640187813333,131.85260009765625,16050500,0.0,0.0
2023-04-18 00:00:00-04:00,132.26753043753607,133.6913790032315,131.0982678773724,133.3330535888672,13760100,0.0,0.0
2023-04-19 00:00:00-04:00,133.1727543933867,133.42735478812844,132.39010457863807,133.163330078125,9158100,0.0,0.0
2023-04-20 00:00:00-04:00,131.9280693363475,133.36134223133274,131.86205596430952,132.77671813964844,10586200,0.0,0.0
2023-04-21 00:00:00-04:00,131.76777710440686,133.05961340138282,130.8625391931505,132.52212524414062,11842500,0.0,0.0
2023-04-24 00:00:00-04:00,132.44669268188136,133.0501797844417,132.05064123145874,132.70127868652344,7567500,0.0,0.0
2023-04-25 00:00:00-04:00,131.63574149174107,131.97520384997313,129.77813002978598,129.8158416748047,10629300,0.0,0.0
2023-04-26 00:00:00-04:00,129.76870921734252,129.94787192947922,126.35523653606182,127.51506042480469,14416100,0.0,0.0
2023-04-27 00:00:00-04:00,128.24110155428104,130.04213812488115,127.92050225357872,129.231201171875,9041100,0.0,0.0
2023-04-28 00:00:00-04:00,128.76918509123036,130.4287854670644,127.92996058782079,130.3533477783203,9887300,0.0,0.0
2023-05-01 00:00:00-04:00,134.14397903710298,135.19065346670882,132.79556827560816,133.1444549560547,20415800,0.0,0.0
2023-05-02 00:00:00-04:00,133.3330479873309,134.28543615112628,130.53248693799773,130.99453735351562,14113400,0.0,0.0
2023-05-03 00:00:00-04:00,130.54196805569032,130.75884247340102,128.0148551980338,128.22230529785156,12930900,0.0,0.0
2023-05-04 00:00:00-04:00,127.26045695889117,127.97709332088574,124.29015772517307,126.46836853027344,17089200,0.0,0.0
2023-05-05 00:00:00-04:00,128.6560313413581,130.01388091566278,128.156269260297,128.9389190673828,11261400,0.0,0.0
2023-05-08 00:00:00-04:00,129.64611330042985,130.09872496666,128.69372523382768,129.2500762939453,7484900,0.0,0.0
2023-05-09 00:00:00-04:00,128.17509004583522,129.13690235006786,127.49617979443701,128.62771606445312,7343600,0.0,0.0
2023-05-10 00:00:00-04:00,130.07989315283606,130.18361818333858,127.1756066870346,128.69375610351562,8133400,0.0,0.0
2023-05-11 00:00:00-04:00,127.29816929303638,129.00490540884266,127.20386859751291,128.28826904296875,7057300,0.0,0.0
2023-05-12 00:00:00-04:00,129.0143630867697,129.17466278212365,125.53487697887512,126.44953918457031,9988600,0.0,0.0
2023-05-15 00:00:00-04:00,126.60983693690174,127.9299605185385,126.31752488584416,127.51506042480469,7639500,0.0,0.0
2023-05-16 00:00:00-04:00,127.73194426510308,128.18455599165506,126.31752002989417,126.656982421875,6477200,0.0,0.0
2023-05-17 00:00:00-04:00,128.14680692109457,130.6833428957667,127.73192130615077,130.55133056640625,12711500,0.0,0.0
2023-05-18 00:00:00-04:00,130.3816342482053,131.75833249091602,129.90072078418527,131.5414581298828,10999600,0.0,0.0
2023-05-19 00:00:00-04:00,131.8148847439004,132.47496080671468,130.24959974090308,131.23968505859375,13492200,0.0,0.0
2023-05-22 00:00:00-04:00,132.9558803988621,133.5593675074113,129.8064325007541,130.1553192138672,11402500,0.0,0.0
2023-05-23 00:00:00-04:00,129.69326924944642,131.09826919885072,128.6748964405192,128.79747009277344,9514900,0.0,0.0
2023-05-24 00:00:00-04:00,127.67534907863138,128.57116256186097,127.3736127381751,127.6187744140625,8578000,0.0,0.0
2023-05-25 00:00:00-04:00,127.12844852027023,128.4957223103232,126.90213547825329,127.92994689941406,8472500,0.0,0.0
2023-05-26 00:00:00-04:00,128.34485265642655,129.74985254342872,127.8922409405316,129.12750244140625,8579900,0.0,0.0
2023-05-30 00:00:00-04:00,128.99547832389166,129.86299002866338,128.2599789570577,129.61782836914062,7399900,0.0,0.0
2023-05-31 00:00:00-04:00,128.92946463353928,129.0331896408175,126.73239085265756,127.96766662597656,14219900,0.0,0.0
2023-06-01 00:00:00-04:00,128.73146343016603,130.34389893834225,127.72250060847747,129.73098754882812,12248100,0.0,0.0
2023-06-02 00:00:00-04:00,131.598013075504,133.4084741572028,131.39056306099278,132.4561004638672,12922500,0.0,0.0
2023-06-05 00:00:00-04:00,132.1166741078665,132.1166741078665,130.24963785684446,131.1548614501953,8511900,0.0,0.0
2023-06-06 00:00:00-04:00,130.76821391702885,132.10721470654542,130.32504094290516,131.39056396484375,9329500,0.0,0.0
2023-06-07 00:00:00-04:00,131.58859717434342,133.21047136152305,130.90967242676746,132.66355895996094,9281400,0.0,0.0
2023-06-08 00:00:00-04:00,132.6447040188252,132.8521540592304,131.52259181525187,132.70127868652344,7368100,0.0,0.0
2023-06-09 00:00:00-04:00,132.34296578952745,133.71023966320723,132.21095343734322,132.96530151367188,7249100,0.0,0.0
2023-06-12 00:00:00-04:00,133.02185441673805,133.25759172358994,131.78657884269305,132.95584106445312,7596600,0.0,0.0
2023-06-13 00:00:00-04:00,132.46552868855858,134.71917719613074,132.1449293433094,133.9176788330078,7701600,0.0,0.0
2023-06-14 00:00:00-04:00,134.8417868861988,135.41698669250283,132.6730000236622,133.41793823242188,9068700,0.0,0.0
2023-06-15 00:00:00-04:00,132.56927706754024,135.21896306659968,132.0412276085735,134.92665100097656,9343100,0.0,0.0
2023-06-16 00:00:00-04:00,134.88891799965063,135.75642974325956,134.3702929387251,135.08692932128906,13813500,0.0,0.0
2023-06-20 00:00:00-04:00,134.47404304127744,134.84179280977332,132.993605262801,134.3986053466797,8428600,0.0,0.0
2023-06-21 00:00:00-04:00,134.74747481847157,135.8035880191667,133.60651400610226,134.20057678222656,9926500,0.0,0.0
2023-06-22 00:00:00-04:00,134.19116133740079,134.4646247911881,131.02284996270762,131.61691284179688,10075200,0.0,0.0
2023-06-23 00:00:00-04:00,130.63623188604717,131.23971905744008,129.76871997643667,130.92855834960938,9919500,0.0,0.0
2023-06-26 00:00:00-04:00,130.94737953244658,132.02234128078595,129.83470613866817,131.24913024902344,8429700,0.0,0.0
2023-06-27 00:00:00-04:00,131.06995793199997,131.8620319224342,130.6361949058488,131.258544921875,8154000,0.0,0.0
2023-06-28 00:00:00-04:00,131.2208682992193,131.26801865633772,130.08933166972128,130.68338012695312,7558600,0.0,0.0
2023-06-29 00:00:00-04:00,132.0789416921963,135.36982619686677,131.8714916537723,135.2472381591797,15423200,0.0,0.0
2023-06-30 00:00:00-04:00,136.35048882438767,137.67061222742646,135.4641140873762,137.14256286621094,14212800,0.0,0.0
2023-07-03 00:00:00-04:00,137.84976683530974,139.06616515764915,137.67060415791332,138.2458038330078,8021600,0.0,0.0
2023-07-05 00:00:00-04:00,137.60970536548143,138.0749144909716,137.05903695276947,137.3248748779297,8934900,1.0,0.0
2023-07-06 00:00:00-04:00,135.78680049182867,136.13808319116896,134.28670688952792,135.96719360351562,9709500,0.0,0.0
2023-07-07 00:00:00-04:00,136.63182357964146,138.46420779253114,135.76784292052002,137.04006958007812,8981500,0.0,0.0
2023-07-10 00:00:00-04:00,137.19194616585457,138.60659497834587,137.19194616585457,137.80906677246094,9100100,0.0,0.0
2023-07-11 00:00:00-04:00,138.93886779499942,140.34402739531674,138.3407398240084,139.96424865722656,11260900,0.0,0.0
2023-07-12 00:00:00-04:00,139.99273865133654,142.29034582809894,139.56550022154343,140.65733337402344,11323200,0.0,0.0
2023-07-13 00:00:00-04:00,141.1795418172844,141.81565504157075,140.27759066305984,141.3409423828125,11234900,0.0,0.0
2023-07-14 00:00:00-04:00,143.88541048495756,145.15763693987807,140.9042155525643,142.1954345703125,27028400,0.0,0.0
2023-07-17 00:00:00-04:00,142.74610613872719,145.974146510634,142.74610613872719,145.62286376953125,17262400,0.0,0.0
2023-07-18 00:00:00-04:00,145.62284922322576,146.5912525458151,145.09117340209914,145.88868713378906,13491700,0.0,0.0
2023-07-19 00:00:00-04:00,145.02469947852038,147.3602918477101,144.52150528086727,146.44883728027344,12510000,0.0,0.0
2023-07-20 00:00:00-04:00,146.7147125181271,148.67052661237804,146.6007861008566,148.25277709960938,9935900,0.0,0.0
2023-07-21 00:00:00-04:00,147.9204817486556,148.24328291109748,146.86661896426295,147.11346435546875,10636400,0.0,0.0
2023-07-24 00:00:00-04:00,147.13244347977806,150.7592406807382,146.90457618688498,150.0092010498047,14381400,0.0,0.0
2023-07-25 00:00:00-04:00,149.3446209003347,149.74337783678138,148.07239431923117,148.88890075683594,9944700,0.0,0.0
2023-07-26 00:00:00-04:00,148.78442618679279,150.24653458825014,148.3761658265107,149.78131103515625,8728600,0.0,0.0
2023-07-27 00:00:00-04:00,149.79081227535502,150.74972647625302,147.6830872509763,148.1293182373047,10778400,0.0,0.0
2023-07-28 00:00:00-04:00,149.32561745942027,149.6294405243451,148.5281036446142,148.97433471679688,9103800,0.0,0.0
2023-07-31 00:00:00-04:00,149.2306720690473,151.31941946384197,149.20219046703477,149.9712371826172,8892700,0.0,0.0
2023-08-01 00:00:00-04:00,149.46802344786906,150.0092028423015,148.252760178746,149.2306671142578,6853900,0.0,0.0
2023-08-02 00:00:00-04:00,147.69260672497168,147.8160366576722,146.15454227720755,147.5406951904297,8299400,0.0,0.0
2023-08-03 00:00:00-04:00,147.16094259592055,148.98383769478784,146.54382185728676,148.4426727294922,6084000,0.0,0.0
2023-08-04 00:00:00-04:00,148.4900899486395,149.81929387132678,147.82549523083503,148.1293182373047,6209400,0.0,0.0
2023-08-07 00:00:00-04:00,148.68002738062765,149.72438665609457,148.68002738062765,148.83192443847656,7251800,0.0,0.0
2023-08-08 00:00:00-04:00,146.51529799061993,148.09133274975824,144.87278202924898,147.99639892578125,8623400,0.0,0.0
2023-08-09 00:00:00-04:00,147.4647649756278,147.6546471645129,145.70832213250495,146.0121307373047,6277800,0.0,0.0
2023-08-10 00:00:00-04:00,146.57228264909904,147.57867115053412,145.3475158976692,145.7937469482422,5995100,0.0,0.0
2023-08-11 00:00:00-04:00,145.29056585744866,146.70521489985458,144.91080149736683,146.6387481689453,5180700,0.0,0.0
2023-08-14 00:00:00-04:00,145.84122903175583,147.08497392606475,145.18612322035193,146.94256591796875,5044300,0.0,0.0
2023-08-15 00:00:00-04:00,145.11965581286464,145.51841268094154,142.63215179712807,143.20181274414062,10300300,0.0,0.0
2023-08-16 00:00:00-04:00,142.98347566718297,143.3252694017396,142.1099915222519,142.59420776367188,6978200,0.0,0.0
2023-08-17 00:00:00-04:00,143.24928974883994,143.61006150117097,140.89470464237237,141.1130828857422,9953900,0.0,0.0
2023-08-18 00:00:00-04:00,140.18264939115832,141.93909211178894,139.9832781772117,141.43589782714844,8517500,0.0,0.0
2023-08-21 00:00:00-04:00,142.08147500801272,142.50872793654167,140.53392178733432,141.92007446289062,8327000,0.0,0.0
2023-08-22 00:00:00-04:00,141.7112024451096,142.071988662852,138.47367347055058,138.97686767578125,9673300,0.0,0.0
2023-08-23 00:00:00-04:00,138.9483905033234,140.125668536263,138.10340261413177,139.9167938232422,7858000,0.0,0.0
2023-08-24 00:00:00-04:00,140.04022338378658,141.8536290753503,139.55602172506246,139.78387451171875,6534000,0.0,0.0
2023-08-25 00:00:00-04:00,139.8313550926076,141.10358150012652,138.47368388616877,139.6129913330078,6695500,0.0,0.0
2023-08-28 00:00:00-04:00,140.1066867514753,141.09408260654033,139.6889373364973,140.09718322753906,5094100,0.0,0.0
2023-08-29 00:00:00-04:00,140.23962619289455,141.3219705229853,139.73641742436376,141.23651123046875,6337000,0.0,0.0
2023-08-30 00:00:00-04:00,141.10358238032228,141.60677662654075,139.74591116541438,140.66685485839844,6277300,0.0,0.0
2023-08-31 00:00:00-04:00,140.76181226876344,140.84727156960844,138.5781453192858,138.92942810058594,10933900,0.0,0.0
2023-09-01 00:00:00-04:00,138.7015319363353,140.5908934079119,138.331256666608,139.39462280273438,7903500,0.0,0.0
2023-09-05 00:00:00-04:00,139.7174321060663,140.71433157905065,137.6761589971782,137.85655212402344,7854700,0.0,0.0
2023-09-06 00:00:00-04:00,137.38183278661216,138.17934653137564,136.82167535781971,137.62869262695312,8629200,0.0,0.0
2023-09-07 00:00:00-04:00,136.84066859384592,137.92301282052452,136.13808867976056,136.45140075683594,8373700,0.0,0.0
2023-09-08 00:00:00-04:00,136.11908993117618,136.83115885023375,135.4355026099146,136.5558319091797,7107900,0.0,0.0
2023-09-11 00:00:00-04:00,137.42931867492538,137.71414917581293,136.4229301272596,137.15399169921875,6854200,0.0,0.0
2023-09-12 00:00:00-04:00,137.19196462179704,139.8693510927827,136.76472610689626,138.93890380859375,8363200,0.0,0.0
2023-09-13 00:00:00-04:00,139.88832972893852,140.23012343964277,138.4452136055929,139.00537109375,8325900,0.0,0.0
2023-09-14 00:00:00-04:00,140.3630583164418,142.31887247100772,140.0592496986571,141.70175170898438,10034900,0.0,0.0
2023-09-15 00:00:00-04:00,141.38843395930365,142.157466243272,140.80928386480807,141.28399658203125,19863400,0.0,0.0
2023-09-18 00:00:00-04:00,140.6668526923895,141.59728540862577,140.27758485143556,141.5782928466797,6512400,0.0,0.0
2023-09-19 00:00:00-04:00,141.93908281896947,142.14795754462602,139.7649052491013,141.3979034423828,7943400,0.0,0.0
2023-09-20 00:00:00-04:00,142.08148962614223,142.65115059807147,140.6478626457967,140.79977416992188,7332000,0.0,0.0
2023-09-21 00:00:00-04:00,140.11617470471597,141.32194878188113,139.21422364957758,139.69842529296875,8052400,0.0,0.0
2023-09-22 00:00:00-04:00,139.84084232137923,140.0497170407574,137.8470579369692,138.3597412109375,7071700,0.0,0.0
2023-09-25 00:00:00-04:00,137.99897580310608,139.10980168701403,136.43241533573797,139.0433349609375,7044700,0.0,0.0
2023-09-26 00:00:00-04:00,137.28690686127354,138.46418498457916,136.93560964218466,137.60020446777344,7468400,0.0,0.0
2023-09-27 00:00:00-04:00,137.84706908209623,138.70154610348905,137.20145230988828,138.4072265625,6717800,0.0,0.0
2023-09-28 00:00:00-04:00,138.8819266074814,141.34093456697204,138.6255777295449,140.12567138671875,8868100,0.0,0.0
2023-09-29 00:00:00-04:00,141.0845978168907,141.23649484657244,137.5337421697621,137.68565368652344,11917800,0.0,0.0
2023-10-02 00:00:00-04:00,137.50525928635997,138.25529885185617,135.41652665518785,136.49887084960938,9170600,0.0,0.0
2023-10-03 00:00:00-04:00,135.95767118465952,136.32794639352844,135.15066854331818,135.49246215820312,9431100,0.0,0.0
2023-10-04 00:00:00-04:00,135.94820140089388,136.21403930710827,134.75191633584978,136.10011291503906,8128700,0.0,0.0
2023-10-05 00:00:00-04:00,135.85144948928954,136.86527858338553,134.6941761802794,136.67398071289062,8576200,1.05,0.0
2023-10-06 00:00:00-04:00,136.68355108357935,139.52415218333218,135.94709516298244,138.77813720703125,10270600,0.0,0.0
2023-10-09 00:00:00-04:00,137.40083996073997,139.06502006398514,137.24780754385148,138.4624786376953,6964900,0.0,0.0
2023-10-10 00:00:00-04:00,139.08417842375724,140.3753659642521,138.95027868277074,139.3041534423828,11288800,0.0,0.0
2023-10-11 00:00:00-04:00,140.12669488020296,140.81532633982758,138.70162208807335,139.78237915039062,8698200,0.0,0.0
2023-10-12 00:00:00-04:00,139.92582491137676,140.55707272367184,138.80680265902208,139.45716857910156,10484400,0.0,0.0
2023-10-13 00:00:00-04:00,142.02998852085423,146.43913554960415,141.39874062487365,141.55177307128906,29427000,0.0,0.0
2023-10-16 00:00:00-04:00,142.93859057180651,143.00554773780095,140.32753838358445,141.40830993652344,12663500,0.0,0.0
2023-10-17 00:00:00-04:00,141.14051455403643,142.80469497559815,140.39448502750164,141.1022491455078,11482700,0.0,0.0
2023-10-18 00:00:00-04:00,140.20320721701887,141.0544301651543,139.0363603091508,139.55284118652344,9620300,0.0,0.0
2023-10-19 00:00:00-04:00,139.14154779425465,140.61445938931763,138.5676980743661,138.95982360839844,11143600,0.0,0.0
2023-10-20 00:00:00-04:00,138.27122982495726,138.81638787908034,135.92796231586297,136.7218017578125,13332900,0.0,0.0
2023-10-23 00:00:00-04:00,136.71222868109956,137.41997817330432,134.59851007124556,134.85675048828125,10133400,0.0,0.0
2023-10-24 00:00:00-04:00,135.03848084880846,135.55494711247462,134.2446414520433,135.01934814453125,8881400,0.0,0.0
2023-10-25 00:00:00-04:00,134.44550405149027,135.02891291384947,133.43167499757715,134.28289794921875,8242600,0.0,0.0
2023-10-26 00:00:00-04:00,133.6707664435203,135.49755281629453,133.35514252094862,134.627197265625,9109400,0.0,0.0
2023-10-27 00:00:00-04:00,132.896050436924,133.03952380650347,129.2998760533495,129.77809143066406,17434700,0.0,0.0
2023-10-30 00:00:00-04:00,130.49542586415146,132.02570644847643,130.1128447725879,131.43272399902344,9855500,0.0,0.0
2023-10-31 00:00:00-04:00,131.71012386004256,133.17346217172832,131.4805751584917,133.0012969970703,9672500,0.0,0.0
2023-11-01 00:00:00-04:00,133.18299635651664,134.40722668153956,132.43698145826758,132.88650512695312,9432000,0.0,0.0
2023-11-02 00:00:00-04:00,133.98639854679735,135.31583688693433,133.16386740580762,135.25845336914062,10186200,0.0,0.0
2023-11-03 00:00:00-04:00,135.9949464302484,137.50610938604427,135.6697633444898,136.7696533203125,9538700,0.0,0.0
2023-11-06 00:00:00-05:00,136.93221090231273,137.90777451161767,136.56876248838046,137.8025665283203,7625100,0.0,0.0
2023-11-07 00:00:00-05:00,137.2573955039051,137.97471869091854,136.59747043079386,137.73561096191406,6297900,0.0,0.0
2023-11-08 00:00:00-05:00,137.83127984216011,138.52947042560245,137.36262337164143,138.41470336914062,7618200,0.0,0.0
2023-11-09 00:00:00-05:00,139.10332233847555,139.30416466915295,137.43912720011375,138.00341796875,7992500,0.0,0.0
2023-11-10 00:00:00-05:00,138.62511328872822,140.09801062664803,137.80258203420752,140.05018615722656,7983300,0.0,0.0
2023-11-13 00:00:00-05:00,139.35196583972888,139.87800570304836,138.83549962463627,139.42848205566406,6676300,0.0,0.0
2023-11-14 00:00:00-05:00,140.2892826861417,142.74731719674958,140.13626482780626,141.9726104736328,9927700,0.0,0.0
2023-11-15 00:00:00-05:00,141.99172734754396,143.61765683865394,141.99172734754396,143.21595764160156,8365300,0.0,0.0
2023-11-16 00:00:00-05:00,143.55069396970572,144.9279566442718,143.55069396970572,144.8514404296875,8126200,0.0,0.0
2023-11-17 00:00:00-05:00,145.56877661377965,146.20002449538472,144.93752873217457,146.16177368164062,7812400,0.0,0.0
2023-11-20 00:00:00-05:00,145.45402430131793,147.05126227688535,145.3009918428977,146.61129760742188,7019000,0.0,0.0
2023-11-21 00:00:00-05:00,146.5252271201407,146.9365000413645,145.92268551059647,146.3052520751953,7083500,0.0,0.0
2023-11-22 00:00:00-05:00,146.72608288149544,147.1756066179995,146.23829373244956,146.64956665039062,5174500,0.0,0.0
2023-11-24 00:00:00-05:00,146.89821203495617,147.7111841021639,146.60172080389682,146.8503875732422,3496900,0.0,0.0
2023-11-27 00:00:00-05:00,146.74517431639677,146.8408232363841,146.05655754959744,146.51564025878906,6259100,0.0,0.0
2023-11-28 00:00:00-05:00,146.54433728743072,147.16601150778249,146.0661218582442,146.8503875732422,6582700,0.0,0.0
2023-11-29 00:00:00-05:00,147.45296214377154,148.8493577931611,147.29037062877043,147.596435546875,9126100,0.0,0.0
2023-11-30 00:00:00-05:00,148.1607169574962,149.3275638445614,147.65380973865382,149.2797393798828,9869800,0.0,0.0
2023-12-01 00:00:00-05:00,149.03108844116406,150.9822012992995,149.03108844116406,150.0066375732422,8916000,0.0,0.0
2023-12-04 00:00:00-05:00,149.22236665363442,151.1639203894084,149.08846689923547,151.10653686523438,9607500,0.0,0.0
2023-12-05 00:00:00-05:00,150.40832992990008,151.59430959316785,150.13097136839878,151.08740234375,9135600,0.0,0.0
2023-12-06 00:00:00-05:00,151.91949457298878,152.2829430183623,149.2032340706674,149.49972534179688,9366000,0.0,0.0
2023-12-07 00:00:00-05:00,149.86318218058807,150.4561647560583,149.3467012457118,149.9588165283203,8130900,0.0,0.0
2023-12-08 00:00:00-05:00,150.40829126104904,151.8620700561412,150.14049182431822,151.6134033203125,7369400,0.0,0.0
2023-12-11 00:00:00-05:00,151.6134202192741,152.3594351038864,151.25953088602628,152.16815185546875,8093900,0.0,0.0
2023-12-12 00:00:00-05:00,152.29247173389658,153.65060171448343,151.95772971130148,153.52627563476562,10223000,0.0,0.0
2023-12-13 00:00:00-05:00,153.52630408097065,154.9705095983316,152.80898085024555,154.0427703857422,12379100,0.0,0.0
2023-12-14 00:00:00-05:00,154.7792137924238,157.65806553818322,154.66444675487165,156.84510803222656,13643000,0.0,0.0
2023-12-15 00:00:00-05:00,155.9747614435823,158.07890661972826,155.31482175149597,158.0310821533203,20309300,0.0,0.0
2023-12-18 00:00:00-05:00,158.69101181034705,159.8482996107325,158.41365327308523,158.9875030517578,8469600,0.0,0.0
2023-12-19 00:00:00-05:00,158.7675260715144,161.12991151250628,158.3371350943328,161.11077880859375,10345700,0.0,0.0
2023-12-20 00:00:00-05:00,160.67081123578942,162.02894118577066,159.1978996688408,159.29354858398438,10734700,0.0,0.0
2023-12-21 00:00:00-05:00,159.57093104589453,160.766469694813,158.46146767714353,160.20217895507812,7601700,0.0,0.0
2023-12-22 00:00:00-05:00,160.2021552630154,160.90034564441572,159.94391486672606,160.10650634765625,6576300,0.0,0.0
2023-12-26 00:00:00-05:00,160.16393199064615,161.41685418980157,159.89611790038964,161.05340576171875,4683600,0.0,0.0
2023-12-27 00:00:00-05:00,160.52736400314126,162.08635109119726,160.278697214841,162.01939392089844,6428600,0.0,0.0
2023-12-28 00:00:00-05:00,161.97159671013,163.22451899300316,161.6368400204251,162.8802032470703,6320100,0.0,0.0
2023-12-29 00:00:00-05:00,162.59325487989693,163.2531945435635,162.2393801128782,162.68890380859375,6435100,0.0,0.0
2024-01-02 00:00:00-05:00,161.7229227665832,164.66873215230956,161.5507721826672,164.58265686035156,9977400,0.0,0.0
2024-01-03 00:00:00-05:00,164.37223319314387,164.54438376902831,162.94714574108042,163.86532592773438,9852300,0.0,0.0
2024-01-04 00:00:00-05:00,164.21174642065995,166.8196633034986,164.1155076901761,164.95274353027344,11972500,1.05,0.0
2024-01-05 00:00:00-05:00,165.01048392534204,166.848535049971,165.01048392534204,165.7803497314453,10066000,0.0,0.0
2024-01-08 00:00:00-05:00,165.53976440429688,165.86695259331466,163.1050743016004,165.53976440429688,11229900,0.0,0.0
2024-01-09 00:00:00-05:00,165.15483004288654,165.31842414321613,163.69210113971522,164.2310028076172,9923600,0.0,0.0
2024-01-10 00:00:00-05:00,163.5958590884502,164.63517572002957,162.58541113963955,164.5774383544922,9670200,0.0,0.0
2024-01-11 00:00:00-05:00,163.9134512061611,163.94231989279095,162.28711333414898,163.88458251953125,11919500,0.0,0.0
2024-01-12 00:00:00-05:00,167.25270113383752,169.66814045333157,162.53728253539273,162.681640625,19436500,0.0,0.0
2024-01-16 00:00:00-05:00,158.65913026433756,161.7578298959093,158.11061053341643,161.66160583496094,17206400,0.0,0.0
2024-01-17 00:00:00-05:00,161.0360533248606,162.70089226082183,160.21808288149663,160.79547119140625,11107500,0.0,0.0
2024-01-18 00:00:00-05:00,160.8243356200702,161.21889383265452,159.01516800943102,161.113037109375,9382300,0.0,0.0
2024-01-19 00:00:00-05:00,161.23815866783056,164.1443951297312,160.7858630544763,163.89418029785156,13115700,0.0,0.0
2024-01-22 00:00:00-05:00,164.03855737023585,165.50128642808386,163.31681084212389,163.7017364501953,12837500,0.0,0.0
2024-01-23 00:00:00-05:00,163.27827771041527,163.35526575384816,162.0946177460663,162.6239013671875,8360800,0.0,0.0
2024-01-24 00:00:00-05:00,162.97997235009703,164.56780866715957,162.4988080499,164.0770263671875,9967100,0.0,0.0
2024-01-25 00:00:00-05:00,165.81885335169082,166.47324449311114,164.47159906637017,166.4251251220703,8873500,0.0,0.0
2024-01-26 00:00:00-05:00,166.10753295471542,166.54057786894606,165.30879848963878,165.7899627685547,7443000,0.0,0.0
2024-01-29 00:00:00-05:00,165.75149082341792,166.328879199069,164.84689954919781,166.2230224609375,6971200,0.0,0.0
2024-01-30 00:00:00-05:00,166.3192564022344,170.1012008133738,166.3192564022344,169.62966918945312,10822100,0.0,0.0
2024-01-31 00:00:00-05:00,169.56229176944086,171.58318764804025,167.7723600347859,167.79161071777344,11521800,0.0,0.0
2024-02-01 00:00:00-05:00,167.09874245833353,168.25353387569092,164.97198972849165,167.1853485107422,9354800,0.0,0.0
2024-02-02 00:00:00-05:00,166.77153655734813,169.19660855532078,166.7330351932711,168.1476593017578,8607600,0.0,0.0
2024-02-05 00:00:00-05:00,167.31045608975683,168.49411619237137,166.4058648287132,167.9263458251953,7820200,0.0,0.0
2024-02-06 00:00:00-05:00,168.03219211800783,169.2447208294231,167.21420696029546,168.5037384033203,6764800,0.0,0.0
2024-02-07 00:00:00-05:00,169.07151916254605,169.24473126744437,167.40669474604408,168.82130432128906,7225500,0.0,0.0
2024-02-08 00:00:00-05:00,168.40750489734666,168.70582441372977,167.03138204849066,168.2150421142578,6060300,0.0,0.0
2024-02-09 00:00:00-05:00,168.40748100062297,168.50371972049584,167.1275823829422,168.41709899902344,6296700,0.0,0.0
2024-02-12 00:00:00-05:00,168.19579325842392,170.14931916174322,167.15647659768763,169.16773986816406,8539300,0.0,0.0
2024-02-13 00:00:00-05:00,168.7154541673526,169.5911620177937,166.11715524688623,167.69537353515625,8397600,0.0,0.0
2024-02-14 00:00:00-05:00,168.47488487137227,169.46608221243557,167.84936243452663,169.39871215820312,7056700,0.0,0.0
2024-02-15 00:00:00-05:00,169.51416142083875,173.42122751191647,169.51416142083875,173.09402465820312,8723400,0.0,0.0
2024-02-16 00:00:00-05:00,172.84382735667683,173.19988421286885,171.4484539290391,172.28567504882812,8152600,0.0,0.0
2024-02-20 00:00:00-05:00,172.43966907057828,173.66183053872712,171.6890539160225,172.95932006835938,9668000,0.0,0.0
2024-02-21 00:00:00-05:00,173.1710263744216,174.1718563283898,171.79490354267645,174.08523559570312,7024000,0.0,0.0
2024-02-22 00:00:00-05:00,174.97058175960714,176.5102986094291,174.41242944570743,176.17349243164062,9296500,0.0,0.0
2024-02-23 00:00:00-05:00,176.88559586946926,178.22323187165563,176.28895690969279,177.05882263183594,7105800,0.0,0.0
2024-02-26 00:00:00-05:00,176.82786796537246,177.5111276848513,175.6057066167674,176.4525604248047,7145400,0.0,0.0
2024-02-27 00:00:00-05:00,176.40445914921668,176.62579062302345,175.37477514883508,176.5391845703125,5717100,0.0,0.0
2024-02-28 00:00:00-05:00,176.51993437525894,178.22326016980873,176.0676534263031,177.4341583251953,6131600,0.0,0.0
2024-02-29 00:00:00-05:00,178.66594720227724,179.40692971735575,176.92413463165755,179.05087280273438,9643000,0.0,0.0
2024-03-01 00:00:00-05:00,178.704418480522,179.41654693233417,178.12703012961975,178.3098602294922,6311800,0.0,0.0
2024-03-04 00:00:00-05:00,177.7517176702879,180.5232139830772,177.32829074756444,179.64749145507812,7063600,0.0,0.0
2024-03-05 00:00:00-05:00,179.33956519839563,182.16881373776664,179.33956519839563,181.4470672607422,6617800,0.0,0.0
2024-03-06 00:00:00-05:00,182.12070112417337,182.9098176832945,180.56173337484748,182.39015197753906,7572900,0.0,0.0
2024-03-07 00:00:00-05:00,182.75583750264312,183.3236078821674,179.59940070437642,180.7926788330078,7618300,0.0,0.0
2024-03-08 00:00:00-05:00,181.3411995458129,183.28510738443455,180.84078457385738,181.12948608398438,6172200,0.0,0.0
2024-03-11 00:00:00-04:00,180.224906994987,181.34121174445403,179.20484098335913,181.1968536376953,5762600,0.0,0.0
2024-03-12 00:00:00-04:00,181.83198942111187,182.9964135097539,180.83117411941103,182.68846130371094,5708400,0.0,0.0
2024-03-13 00:00:00-04:00,183.18886145157163,184.5072468524285,182.68844649928835,184.17044067382812,7795500,0.0,0.0
2024-03-14 00:00:00-04:00,183.83363931077767,184.41104236957887,180.05169479593602,180.888916015625,10310900,0.0,0.0
2024-03-15 00:00:00-04:00,179.45504671516912,183.7470390549609,179.45504671516912,183.1311492919922,17214200,0.0,0.0
2024-03-18 00:00:00-04:00,183.4487109989458,185.4407236226383,182.7365825282125,185.40223693847656,9013800,0.0,0.0
2024-03-19 00:00:00-04:00,185.4503829134518,186.62441049844338,185.13281265866942,186.48968505859375,8478700,0.0,0.0
2024-03-20 00:00:00-04:00,186.87457751694305,189.15529140887097,186.31642521365904,188.9339599609375,9367000,0.0,0.0
2024-03-21 00:00:00-04:00,189.11681855218538,191.91718358828982,188.9339737707143,191.56112670898438,11203800,0.0,0.0
2024-03-22 00:00:00-04:00,191.51302340653436,192.92764772671381,189.13607041597268,189.2130584716797,8108800,0.0,0.0
2024-03-25 00:00:00-04:00,189.193824615284,189.52101284276986,187.03820308296415,187.4808807373047,8620000,0.0,0.0
2024-03-26 00:00:00-04:00,187.2594982276111,189.25152525960505,186.7494653002244,188.35655212402344,5961500,0.0,0.0
2024-03-27 00:00:00-04:00,189.0975780879144,192.0808027506755,188.98210334978447,192.00381469726562,8725800,0.0,0.0
2024-03-28 00:00:00-04:00,191.97497161214733,193.15863188772673,191.06074753347656,192.75445556640625,8628300,0.0,0.0
2024-04-01 00:00:00-04:00,192.45608079000456,193.3702899224575,191.0895760906808,191.4456329345703,7309000,0.0,0.0
2024-04-02 00:00:00-04:00,190.91635675926938,192.25399283057195,190.61803726396687,191.36865234375,7014700,0.0,0.0
2024-04-03 00:00:00-04:00,191.54187143196205,192.04228639809702,190.25235467689177,190.8297576904297,9353400,0.0,0.0
2024-04-04 00:00:00-04:00,192.76561945529363,193.27862747002055,189.28103754976866,189.37782287597656,9243800,1.15,0.0
2024-04-05 00:00:00-04:00,189.87150900568687,191.7686670820854,188.85516693709042,191.12014770507812,6532300,0.0,0.0
2024-04-08 00:00:00-04:00,191.28469574348503,192.60109747099133,191.28469574348503,192.11712646484375,8001000,0.0,0.0
2024-04-09 00:00:00-04:00,191.72027731975658,192.50430796962533,188.661577082323,190.8297576904297,7351500,0.0,0.0
2024-04-10 00:00:00-04:00,189.28106567428404,190.75234168569236,187.9549750585706,189.20362854003906,7681400,0.0,0.0
2024-04-11 00:00:00-04:00,189.7166204704982,190.26835446638705,187.0451060299163,189.16488647460938,10137700,0.0,0.0
2024-04-12 00:00:00-04:00,182.28283196644617,182.8732623669157,176.68811400398238,176.9300994873047,31532300,0.0,0.0
2024-04-15 00:00:00-04:00,178.58530375619512,181.45041865113467,176.35903414297914,177.02691650390625,14766600,0.0,0.0
2024-04-16 00:00:00-04:00,177.0365754685463,177.28824982628674,173.89076415376618,175.00390625,16451800,0.0,0.0
2024-04-17 00:00:00-04:00,175.55563021871998,176.57197224025347,173.455197918016,174.30699157714844,9017100,0.0,0.0
2024-04-18 00:00:00-04:00,175.29429825361947,177.48184180845732,174.2005190913893,175.43948364257812,9557700,0.0,0.0
2024-04-19 00:00:00-04:00,176.55260126317435,179.9210497972754,175.5943482097053,179.84361267089844,13402300,0.0,0.0
2024-04-22 00:00:00-04:00,180.0275458695452,184.03482533622181,180.01785699655755,183.33790588378906,11529700,0.0,0.0
2024-04-23 00:00:00-04:00,185.00277626288045,186.06750369938598,184.41233099759475,185.9803924560547,9144400,0.0,0.0
2024-04-24 00:00:00-04:00,184.4219583565604,187.03539838144778,184.07349870193406,186.8902130126953,6964900,0.0,0.0
2024-04-25 00:00:00-04:00,186.08683870425045,187.72266295248846,185.0511337349175,187.17092895507812,9802300,0.0,0.0
2024-04-26 00:00:00-04:00,187.36453124493508,188.62284397024155,186.87087139552148,187.28709411621094,6413700,0.0,0.0
2024-04-29 00:00:00-04:00,187.27738668734875,188.03238015557142,186.26104478178112,187.08380126953125,5387800,0.0,0.0
2024-04-30 00:00:00-04:00,186.62890626660683,188.73902763807638,185.496415828512,185.5932159423828,8153700,0.0,0.0
2024-05-01 00:00:00-04:00,186.1061950547092,188.22599019942183,184.6736303946784,185.70933532714844,7445300,0.0,0.0
2024-05-02 00:00:00-04:00,186.8805486864559,187.29675661173047,183.44435200658,185.5157470703125,6501700,0.0,0.0
2024-05-03 00:00:00-04:00,185.84487263103708,186.35788073329246,182.4183642905367,184.4026336669922,8922800,0.0,0.0
2024-05-06 00:00:00-04:00,185.58351541625962,186.0384493375641,183.73475742225128,185.84486389160156,7911100,0.0,0.0
2024-05-07 00:00:00-04:00,185.5544747029112,186.74503920339973,185.506074649963,185.60287475585938,7688800,0.0,0.0
2024-05-08 00:00:00-04:00,184.87689904273225,190.34576475578143,184.87689904273225,189.37782287597656,9227600,0.0,0.0
2024-05-09 00:00:00-04:00,188.91324190934765,191.25565982090802,188.84549364828138,191.16854858398438,7977300,0.0,0.0
2024-05-10 00:00:00-04:00,192.17520510507694,192.94956168690013,191.91387138979,192.39784240722656,7529800,0.0,0.0
2024-05-13 00:00:00-04:00,192.42687863214533,193.44322071817325,191.69123323634977,192.35911560058594,7049200,0.0,0.0
2024-05-14 00:00:00-04:00,192.6204436127113,195.11773555853725,191.80737593815078,195.0499725341797,8596200,0.0,0.0
2024-05-15 00:00:00-04:00,195.53396770966066,196.19217598220274,193.36578697569496,195.63076782226562,8370000,0.0,0.0
2024-05-16 00:00:00-04:00,195.73723202978124,197.92477562833844,195.51460950572124,195.97921752929688,8497900,0.0,0.0
2024-05-17 00:00:00-04:00,197.27624403423565,198.47649735450221,196.30830209616892,198.22482299804688,9260500,0.0,0.0
2024-05-20 00:00:00-04:00,197.83763941570317,199.27987812779418,189.13583663468188,189.31007385253906,17373300,0.0,0.0
2024-05-21 00:00:00-04:00,190.6845765475813,193.49160247723455,190.29740565025773,193.12379455566406,14420800,0.0,0.0
2024-05-22 00:00:00-04:00,192.6204427149457,194.4982524090751,191.35244115870537,191.9525604248047,9425300,0.0,0.0
2024-05-23 00:00:00-04:00,191.4685997250333,191.94289660988062,189.78439014097358,190.6071319580078,8069400,0.0,0.0
2024-05-24 00:00:00-04:00,191.4105351363807,194.32403530988782,191.22662378878633,194.27565002441406,7356200,0.0,0.0
2024-05-28 00:00:00-04:00,193.45287558068884,193.98524659848013,192.29134821344894,193.1044158935547,6910200,0.0,0.0
2024-05-29 00:00:00-04:00,191.65249796720212,192.61076577410185,190.57808185751023,191.75897216796875,6120000,0.0,0.0
2024-05-30 00:00:00-04:00,192.19454569676367,193.44319904731097,192.03967144451227,192.9398651123047,6829100,0.0,0.0
2024-05-31 00:00:00-04:00,192.91084557220412,196.7826136127115,191.99130361650822,196.13409423828125,14417900,0.0,0.0
2024-06-03 00:00:00-04:00,195.82433398389654,195.930808189422,192.80435981935085,195.3500518798828,6444300,0.0,0.0
2024-06-04 00:00:00-04:00,193.74325624100823,195.5049028369205,191.92352072401673,192.7753143310547,6848300,0.0,0.0
2024-06-05 00:00:00-04:00,193.35605761511655,193.41414653229023,190.60710632038118,190.9362030029297,8351600,0.0,0.0
2024-06-06 00:00:00-04:00,190.9362134293863,191.67185872421956,189.06809265618332,190.59744262695312,7640300,0.0,0.0
2024-06-07 00:00:00-04:00,191.10077539457484,194.4788981753938,190.69424154091888,193.5399932861328,6964500,0.0,0.0
2024-06-10 00:00:00-04:00,192.8527731617101,194.4014715301683,192.07841659266947,193.21090698242188,6070800,0.0,0.0
2024-06-11 00:00:00-04:00,191.56540854756057,191.59444562656412,187.39358080831894,188.12921142578125,9235300,0.0,0.0
2024-06-12 00:00:00-04:00,189.71662485430736,190.41354424962765,185.17697468215403,185.38992309570312,12751300,0.0,0.0
2024-06-13 00:00:00-04:00,186.15460620622747,188.34214973485805,184.76076741043292,187.45164489746094,8587800,0.0,0.0
2024-06-14 00:00:00-04:00,185.312503300226,188.61318924935802,185.2834662201734,187.56781005859375,6874000,0.0,0.0
2024-06-17 00:00:00-04:00,187.27739622006445,189.31008013466652,186.46432856207215,188.72930908203125,8725400,0.0,0.0
2024-06-18 00:00:00-04:00,188.3615003923772,191.61378578001722,187.9065665160093,190.68455505371094,9023000,0.0,0.0
2024-06-20 00:00:00-04:00,190.09411892669422,193.05601892988437,189.82309636232532,192.301025390625,8731100,0.0,0.0
2024-06-21 00:00:00-04:00,190.4038482294694,190.84909321045782,187.99366770062326,190.00698852539062,20972100,0.0,0.0
2024-06-24 00:00:00-04:00,191.46859798518554,192.84307380493755,190.7813674601207,192.50430297851562,9785900,0.0,0.0
2024-06-25 00:00:00-04:00,191.73960882413093,193.65614443423036,191.40083801843394,191.7202606201172,6862500,0.0,0.0
2024-06-26 00:00:00-04:00,191.12013201715325,191.59442888213218,189.98764172611885,191.10076904296875,7758600,0.0,0.0
2024-06-27 00:00:00-04:00,191.1104530348533,193.45287068422454,190.5877561325711,192.7849884033203,7913500,0.0,0.0
2024-06-28 00:00:00-04:00,193.5980553930924,196.1050361557243,192.910824910497,195.7759246826172,15307600,0.0,0.0
2024-07-01 00:00:00-04:00,196.33734880543008,200.45110224404223,196.16312633744886,198.86367797851562,10205800,0.0,0.0
2024-07-02 00:00:00-04:00,198.70880723958072,202.16436727870706,198.20548803229522,202.1353302001953,7802900,0.0,0.0
2024-07-03 00:00:00-04:00,202.83224759934652,203.63564122593985,200.99314895076165,201.99981689453125,5560900,0.0,0.0
2024-07-05 00:00:00-04:00,201.46449548844228,201.83434145135402,199.06042989793616,199.32321166992188,8093100,1.15,0.0
2024-07-08 00:00:00-04:00,199.566550251189,201.37689904863052,198.52512110426176,199.69308471679688,8707000,0.0,0.0
2024-07-09 00:00:00-04:00,200.14079156889778,204.1605327199737,199.96558887640106,202.08740234375,9058900,0.0,0.0
2024-07-10 00:00:00-04:00,200.63719323243228,202.41834406235444,200.09214453394614,202.2528839111328,8328500,0.0,0.0
2024-07-11 00:00:00-04:00,200.70532691221428,202.54487365103782,199.89748159231806,201.91221618652344,10658100,0.0,0.0
2024-07-12 00:00:00-04:00,198.55431351532297,201.91221437653957,196.705039084932,199.46922302246094,15443400,0.0,0.0
2024-07-15 00:00:00-04:00,201.6591709651111,205.96117953653766,201.2017161873576,204.4428253173828,10719700,0.0,0.0
2024-07-16 00:00:00-04:00,204.3941349162131,208.03430247505668,202.5253903220117,207.91749572753906,11557000,0.0,0.0
2024-07-17 00:00:00-04:00,208.09269444146844,211.75231734532403,207.57684377514326,211.0807342529297,11572500,0.0,0.0
2024-07-18 00:00:00-04:00,209.87384874293699,210.85688185316707,203.6544278135567,204.37466430664062,12415100,0.0,0.0
2024-07-19 00:00:00-04:00,205.5620998360359,206.68140996958013,203.34296468703909,204.1800079345703,8095900,0.0,0.0
2024-07-22 00:00:00-04:00,204.84187445918562,206.50621848557168,204.1118953612886,204.6666717529297,7663200,0.0,0.0
2024-07-23 00:00:00-04:00,205.3869304602656,205.83464267277446,203.76151205987983,204.71534729003906,5557300,0.0,0.0
2024-07-24 00:00:00-04:00,203.95613870219398,206.36993180751725,202.51565094514987,203.02175903320312,7119000,0.0,0.0
2024-07-25 00:00:00-04:00,203.08018488312536,204.57908365701886,202.49621049903934,203.0996551513672,6403800,0.0,0.0
2024-07-26 00:00:00-04:00,203.65443970048432,207.469795319702,203.05098021657545,206.57435607910156,8027800,0.0,0.0
2024-07-29 00:00:00-04:00,206.97340404443028,207.9077838383527,204.92947145063593,205.22146606445312,6533600,0.0,0.0
2024-07-30 00:00:00-04:00,207.5379171980237,210.02957677682636,207.2751354192565,209.4456024169922,8850700,0.0,0.0
2024-07-31 00:00:00-04:00,209.04652523106338,210.61354746370495,206.99285031563204,207.119384765625,9071600,0.0,0.0
2024-08-01 00:00:00-04:00,207.5087263466785,208.12191355444543,200.87079066445926,202.4086151123047,10918600,0.0,0.0
2024-08-02 00:00:00-04:00,198.43750856046046,199.2064132873845,191.63409850715638,193.82403564453125,18041700,0.0,0.0
2024-08-05 00:00:00-04:00,188.86990396274763,190.93330652851776,185.80398323467847,189.69720458984375,13927000,0.0,0.0
2024-08-06 00:00:00-04:00,190.18387324063494,197.19168414997648,188.8212515924086,194.99200439453125,10605800,0.0,0.0
2024-08-07 00:00:00-04:00,198.07738022359274,200.2575897059211,194.8557416670121,195.05039978027344,9204400,0.0,0.0
2024-08-08 00:00:00-04:00,197.0651493642258,199.44001696271343,196.40329395657514,198.61270141601562,7761200,0.0,0.0
2024-08-09 00:00:00-04:00,198.03845573601825,200.95837200693634,197.48366451584198,200.30625915527344,5540200,0.0,0.0
2024-08-12 00:00:00-04:00,200.89999571183617,201.61050458219273,198.22340553497662,200.6858673095703,6936000,0.0,0.0
2024-08-13 00:00:00-04:00,202.18474421099714,202.53513477960428,199.91694064910405,202.38914489746094,6387800,0.0,0.0
2024-08-14 00:00:00-04:00,202.19446783893002,205.1338394349267,201.59100839582663,204.6277313232422,6999800,0.0,0.0
2024-08-15 00:00:00-04:00,207.31406092883793,208.18030218560887,205.4647865137197,205.90277099609375,7001000,0.0,0.0
2024-08-16 00:00:00-04:00,206.03902826618497,208.37495535094791,205.94169178287726,208.25816345214844,7931200,0.0,0.0
2024-08-19 00:00:00-04:00,208.2873794125398,209.77653565667126,208.11219154921304,209.69866943359375,6090800,0.0,0.0
2024-08-20 00:00:00-04:00,209.2606700025173,210.23397544438944,207.97589969054405,208.79348754882812,5640000,0.0,0.0
2024-08-21 00:00:00-04:00,208.70587815549763,209.26066938442804,207.15832607184282,208.87135314941406,5202300,0.0,0.0
2024-08-22 00:00:00-04:00,208.85190390644587,211.01264338664927,208.61830523104467,210.84718322753906,5247100,0.0,0.0
2024-08-23 00:00:00-04:00,211.79126128650793,213.33881331039245,210.72061940437672,212.4822998046875,7214000,0.0,0.0
2024-08-26 00:00:00-04:00,213.16361876176174,213.81573162344978,212.22925385752248,213.31935119628906,5105200,0.0,0.0
2024-08-27 00:00:00-04:00,213.65028577631995,214.53599734906163,213.33883573788864,214.30239868164062,5185200,0.0,0.0
2024-08-28 00:00:00-04:00,213.39721492786637,216.27820552721434,213.33881897846442,215.38275146484375,6506400,0.0,0.0
2024-08-29 00:00:00-04:00,216.21980269795893,217.02764801454808,213.09550047806985,216.27821350097656,6416100,0.0,0.0
2024-08-30 00:00:00-04:00,216.56045161535118,219.4608975504868,216.005660408354,218.79905700683594,8574100,0.0,0.0
2024-09-03 00:00:00-04:00,216.36580031542942,218.11775306179587,213.38748807233762,214.419189453125,8956100,0.0,0.0
2024-09-04 00:00:00-04:00,215.13942637103617,216.14194463034985,211.4116796320134,213.47508239746094,7389500,0.0,0.0
2024-09-05 00:00:00-04:00,214.2731840738585,214.90584151305464,210.26317046221325,211.82046508789062,8067900,0.0,0.0
2024-09-06 00:00:00-04:00,211.7912564624436,212.90082400071475,205.45502893867877,206.78846740722656,7777000,0.0,0.0
2024-09-09 00:00:00-04:00,209.44558889056364,212.3265645231964,208.4625409434168,211.0223388671875,8935100,0.0,0.0
2024-09-10 00:00:00-04:00,212.76454105821685,212.80346673494088,195.2547736496317,200.0726318359375,28406900,0.0,0.0
2024-09-11 00:00:00-04:00,199.77094891585872,202.15554436137052,196.44224597066648,201.69808959960938,13658700,0.0,0.0
2024-09-12 00:00:00-04:00,202.1068586826451,203.2066985279337,199.4205411475912,201.08489990234375,9054400,0.0,0.0
2024-09-13 00:00:00-04:00,201.3379576385375,202.30153534063777,197.6004684297529,198.8657684326172,10226700,0.0,0.0
2024-09-16 00:00:00-04:00,200.335470344673,202.65194215820492,200.1018716810642,202.311279296875,8634900,0.0,0.0
2024-09-17 00:00:00-04:00,202.18471054489456,204.32597928474186,202.11658689505873,203.6641387939453,7573300,0.0,0.0
2024-09-18 00:00:00-04:00,203.43056971564306,205.69837322929007,201.18223646968863,201.99008178710938,8259900,0.0,0.0
2024-09-19 00:00:00-04:00,204.18001727641004,206.25316264919195,201.80514958864276,204.861328125,11635200,0.0,0.0
2024-09-20 00:00:00-04:00,204.3260097005664,205.7762401939306,203.9074954781678,205.45504760742188,20885000,0.0,0.0
2024-09-23 00:00:00-04:00,205.36744331284876,206.14609061797663,204.38441018664537,205.7957000732422,7223500,0.0,0.0
2024-09-24 00:00:00-04:00,205.51342416660268,207.26537681339477,204.75424716156965,205.94168090820312,7323200,0.0,0.0
2024-09-25 00:00:00-04:00,206.0293020000301,206.5743655576105,203.04126182490174,204.57908630371094,8976500,0.0,0.0
2024-09-26 00:00:00-04:00,205.4939761800251,206.0487525415433,203.43055860967957,204.1800079345703,7807500,0.0,0.0
2024-09-27 00:00:00-04:00,205.02677294789126,206.76899789993578,203.74201756534487,204.8807830810547,7032500,0.0,0.0
2024-09-30 00:00:00-04:00,200.80265811513127,205.32853766381098,199.78068435565754,205.231201171875,8663800,0.0,0.0
2024-10-01 00:00:00-04:00,203.32350180042798,203.50843221146712,200.68585235765798,201.51315307617188,8540100,0.0,0.0
2024-10-02 00:00:00-04:00,201.55208390948727,203.37216025407412,200.19918999824844,201.7564697265625,5810900,0.0,0.0
2024-10-03 00:00:00-04:00,200.6663896327238,200.97785451596246,198.88523881679325,199.75148010253906,7251300,0.0,0.0
2024-10-04 00:00:00-04:00,204.96118851447628,207.28205334443106,202.6207341030634,206.8413848876953,10211700,1.25,0.0
2024-10-07 00:00:00-04:00,206.65532127050594,208.90764497961635,205.34310321947092,206.55738830566406,6718900,0.0,0.0
2024-10-08 00:00:00-04:00,206.2146446947152,206.94909707469532,204.0602540352679,206.38111877441406,6021800,0.0,0.0
2024-10-09 00:00:00-04:00,205.35288821316414,209.79878177911522,205.03952962566973,208.9957733154297,7024000,0.0,0.0
2024-10-10 00:00:00-04:00,210.3569582482096,210.3569582482096,207.08620047071284,208.42779541015625,7927100,0.0,0.0
2024-10-11 00:00:00-04:00,211.19912324790937,219.97338753283674,210.69970101199584,217.681884765625,18320700,0.0,0.0
2024-10-14 00:00:00-04:00,218.57301713226016,219.06265203396435,214.342579351621,216.888671875,9048900,0.0,0.0
2024-10-15 00:00:00-04:00,219.02350788076828,220.77639441475992,217.22165486362624,217.7798309326172,9235800,0.0,0.0
2024-10-16 00:00:00-04:00,217.72108032079964,219.04308573039975,216.45781377237907,219.00392150878906,6382500,0.0,0.0
2024-10-17 00:00:00-04:00,219.62086146580305,221.1681096784183,218.68075580077473,219.7677459716797,6470200,0.0,0.0
2024-10-18 00:00:00-04:00,220.33571875621197,221.23664523536294,218.47511199703732,220.6980438232422,7000500,0.0,0.0
2024-10-21 00:00:00-04:00,220.55117773425016,221.02122312294728,218.27926429434606,218.377197265625,5870000,0.0,0.0
2024-10-22 00:00:00-04:00,218.396765381251,220.60990985536446,216.51656906880135,219.4739532470703,9586800,0.0,0.0
2024-10-23 00:00:00-04:00,219.02350399237045,220.1398710530058,217.91692425120232,218.7786865234375,6180500,0.0,0.0
2024-10-24 00:00:00-04:00,217.23143747236205,220.394474974644,217.06496338723906,220.31613159179688,6002200,0.0,0.0
2024-10-25 00:00:00-04:00,220.3357153270423,220.942857849908,216.30112834353372,217.70147705078125,6369700,0.0,0.0
2024-10-28 00:00:00-04:00,218.71993884440727,220.96246034792105,218.32822191766556,220.8253631591797,6843000,0.0,0.0
2024-10-29 00:00:00-04:00,220.5413770816453,222.0494461278477,218.19112039529367,218.2792510986328,6580000,0.0,0.0
2024-10-30 00:00:00-04:00,217.92670505535023,221.61855656037676,216.986614370538,219.75794982910156,7110900,0.0,0.0
2024-10-31 00:00:00-04:00,220.04193382573413,221.01141636321765,217.22164679914314,217.31956481933594,7829900,0.0,0.0
2024-11-01 00:00:00-04:00,218.92557823028235,221.46188370567674,218.0834055117473,218.3184356689453,6923500,0.0,0.0
2024-11-04 00:00:00-05:00,218.0344223689788,219.12141248144985,214.6265675335852,215.2239227294922,8229600,0.0,0.0
2024-11-05 00:00:00-05:00,215.46874272845392,217.3587412987622,215.43936582851143,216.8984832763672,5600700,0.0,0.0
2024-11-06 00:00:00-05:00,230.12842309869163,242.85893161053414,229.90319520891288,241.93841552734375,23987800,0.0,0.0
2024-11-07 00:00:00-05:00,239.4314948293892,239.50005089600148,230.3438711903628,231.47982788085938,16451100,0.0,0.0
2024-11-08 00:00:00-05:00,234.37846043489083,234.37846043489083,230.89226189013436,232.0673828125,9502100,0.0,0.0
2024-11-11 00:00:00-05:00,235.02475591771488,237.08122850898351,234.04548610139108,234.3294677734375,9017100,0.0,0.0
2024-11-12 00:00:00-05:00,235.5633852001452,236.45452442472,233.8104836535663,234.59390258789062,6861000,0.0,0.0
2024-11-13 00:00:00-05:00,235.5927425185864,239.0299743158966,235.3283354749557,236.1607208251953,11472600,0.0,0.0
2024-11-14 00:00:00-05:00,237.3946042340084,239.22583414126578,236.05300927029342,236.8560028076172,10172200,0.0,0.0
2024-11-15 00:00:00-05:00,236.45450569378207,241.31167580537607,236.45450569378207,240.2246856689453,11518800,0.0,0.0
2024-11-18 00:00:00-05:00,242.62390311007164,242.79037719864746,237.6492102646422,239.95050048828125,9051400,0.0,0.0
2024-11-19 00:00:00-05:00,237.22812186580927,240.0679984622398,236.54263595727141,238.0507049560547,6792700,0.0,0.0
2024-11-20 00:00:00-05:00,239.3335414956658,239.5391947355304,233.69295263010096,235.78858947753906,9015300,0.0,0.0
2024-11-21 00:00:00-05:00,238.18778410769914,240.40094337091344,237.09100673706118,239.68606567382812,8783500,0.0,0.0
2024-11-22 00:00:00-05:00,238.55992656724897,243.9850749117818,237.9919482663639,243.39752197265625,7997300,0.0,0.0
2024-11-25 00:00:00-05:00,244.41596974978978,249.03812485418172,243.89695790032175,245.10145568847656,10295400,0.0,0.0
2024-11-26 00:00:00-05:00,245.29731044409448,245.79673268899333,243.1918712982075,244.7880859375,6212100,0.0,0.0
2024-11-27 00:00:00-05:00,244.18093497942152,245.98278785749332,243.61295669215443,244.61180114746094,5472300,0.0,0.0
2024-11-29 00:00:00-05:00,244.68037111032748,246.5507801542937,244.2788668761305,244.54327392578125,5494800,0.0,0.0
2024-12-02 00:00:00-05:00,244.37681162128234,245.0622975770592,239.95050739723678,241.1452178955078,8899700,0.0,0.0
2024-12-03 00:00:00-05:00,243.08415670302463,243.87736291037757,239.55879412118145,239.74485778808594,6657700,0.0,0.0
2024-12-04 00:00:00-05:00,239.62734771453182,240.26388213141325,237.20854980382347,238.3542938232422,7346300,0.0,0.0
2024-12-05 00:00:00-05:00,240.30304361033552,242.0559301817918,239.54900159262675,240.39117431640625,6572500,0.0,0.0
2024-12-06 00:00:00-05:00,240.6065862841502,242.6043050390574,239.76441366050722,242.232177734375,5519700,0.0,0.0
2024-12-09 00:00:00-05:00,242.00696620096832,242.73161633693363,238.70681659937458,238.7557830810547,7076500,0.0,0.0
2024-12-10 00:00:00-05:00,238.83413201717414,242.81976762755573,237.1987530998406,237.8254852294922,9108300,0.0,0.0
2024-12-11 00:00:00-05:00,238.9418559494616,239.2062630067407,237.159577556468,238.48159790039062,7884400,0.0,0.0
2024-12-12 00:00:00-05:00,237.9625686165377,239.03977140619386,236.04319317564267,236.52304077148438,6113800,0.0,0.0
2024-12-13 00:00:00-05:00,237.0518837083459,237.68840319815686,234.1826149879132,234.96603393554688,10392700,0.0,0.0
2024-12-16 00:00:00-05:00,235.6221263951343,235.68088019713136,232.5961860525048,234.6134796142578,9032000,0.0,0.0
2024-12-17 00:00:00-05:00,233.70274388904227,234.0650838946768,231.724629549238,233.41876220703125,8083600,0.0,0.0
2024-12-18 00:00:00-05:00,234.04549446770358,234.11405052968323,224.7718077802173,225.59439086914062,11322400,0.0,0.0
2024-12-19 00:00:00-05:00,227.45502342538467,231.46023372259285,227.45502342538467,228.13072204589844,11790800,0.0,0.0
2024-12-20 00:00:00-05:00,227.11226932732094,234.25115513761958,226.78910847304047,232.67453002929688,32348400,0.0,0.0
2024-12-23 00:00:00-05:00,231.1762371287838,233.6733632541422,230.01090363429827,233.44813537597656,8611500,0.0,0.0
2024-12-24 00:00:00-05:00,234.46656340041116,237.46314157023346,234.11404061363714,237.286865234375,3729100,0.0,0.0
2024-12-26 00:00:00-05:00,236.42511239422714,238.21717801040668,235.79838028877134,238.09967041015625,4451800,0.0,0.0
2024-12-27 00:00:00-05:00,237.68838828184474,238.34449731335218,235.06393721334237,236.17051696777344,5730200,0.0,0.0
2024-12-30 00:00:00-05:00,233.82027004526657,235.8473508974243,232.19467848181526,234.35887145996094,5723800,0.0,0.0
2024-12-31 00:00:00-05:00,235.07374713659226,236.4349317268369,234.07488763492825,234.7407989501953,4871000,0.0,0.0
2025-01-02 00:00:00-05:00,235.92569148744127,238.23676894111753,234.48616360632877,235.02476501464844,9220900,0.0,0.0
2025-01-03 00:00:00-05:00,238.83412584289502,239.8036083847427,235.27937146525915,238.2367706298828,9491100,0.0,0.0
2025-01-06 00:00:00-05:00,239.88059581847392,241.83941284498218,236.80949899026749,237.0752716064453,9917800,1.25,0.0
2025-01-07 00:00:00-05:00,238.34504591508428,241.41614272410112,237.12447448141728,239.35890197753906,8753400,0.0,0.0
2025-01-08 00:00:00-05:00,238.94548506982153,240.421976223703,236.7307483389993,239.3195343017578,8675300,0.0,0.0
2025-01-10 00:00:00-05:00,239.28014642276608,239.98886335933202,234.99833120229488,236.11061096191406,10256800,0.0,0.0
2025-01-13 00:00:00-05:00,235.9137441087266,240.70741369884797,235.25424655880607,240.38259887695312,10005300,0.0,0.0
2025-01-14 00:00:00-05:00,238.8568944878796,243.83758881212796,238.3942594005622,243.5915069580078,12407400,0.0,0.0
2025-01-15 00:00:00-05:00,246.47558427174647,249.69433919695268,239.86090269206412,248.39503479003906,18448500,0.0,0.0
2025-01-16 00:00:00-05:00,250.0191700123843,253.01153384400604,248.3753449882823,250.28494262695312,15292300,0.0,0.0
2025-01-17 00:00:00-05:00,250.1569992043284,256.5354374271628,248.18834413385454,255.09832763671875,17678100,0.0,0.0
2025-01-21 00:00:00-05:00,255.99405290191237,260.1085345262373,255.43297903333428,258.90765380859375,13712100,0.0,0.0
2025-01-22 00:00:00-05:00,258.7796688134332,259.2521567820625,256.1712071975693,258.7206115722656,9021900,0.0,0.0
2025-01-23 00:00:00-05:00,260.54165907323346,262.6776330139108,259.67544603138924,261.78192138671875,10749700,0.0,0.0
2025-01-24 00:00:00-05:00,259.557299495642,262.9138595988413,258.88796406021225,260.68927001953125,7666300,0.0,0.0
2025-01-27 00:00:00-05:00,260.02980869040135,261.80158617330915,258.14973956214607,261.6834716796875,7522300,0.0,0.0
2025-01-28 00:00:00-05:00,261.6834562601186,263.14024164800065,260.6794230449138,262.9532470703125,7375400,0.0,0.0
2025-01-29 00:00:00-05:00,263.0221085895397,266.4377257710217,261.44717878691085,262.4019775390625,7684900,0.0,0.0
2025-01-30 00:00:00-05:00,264.4198785229307,265.473116067307,262.4413708045233,264.0261535644531,8753500,0.0,0.0
2025-01-31 00:00:00-05:00,265.01049259915686,266.5755696542428,262.7760500420943,263.1107177734375,7193800,0.0,0.0
2025-02-03 00:00:00-05:00,257.72642625482933,263.96708831653945,257.59848892765325,262.6283874511719,8381400,0.0,0.0
2025-02-04 00:00:00-05:00,265.610908234634,265.610908234634,262.6480730786415,263.7406921386719,5626000,0.0,0.0
2025-02-05 00:00:00-05:00,264.69551390946197,266.3984113132734,264.12458713254154,266.1916809082031,5704400,0.0,0.0
2025-02-06 00:00:00-05:00,268.18000294309996,272.63900471051744,266.93974084908734,272.56024169921875,7264400,0.0,0.0
2025-02-07 00:00:00-05:00,272.9244711504969,274.1844091306425,270.40459519020567,271.4775085449219,6857900,0.0,0.0
2025-02-10 00:00:00-05:00,271.8220129915408,271.85154161278285,265.3648274727717,266.7921142578125,8627400,0.0,0.0
2025-02-11 00:00:00-05:00,266.0243265133115,271.8909092690704,265.4337240792701,270.68017578125,7196400,0.0,0.0
2025-02-12 00:00:00-05:00,269.78447219399146,272.117353638412,268.9674935735268,271.1330261230469,6683900,0.0,0.0
2025-02-13 00:00:00-05:00,271.1822241296935,272.6291867449517,269.51870826455684,271.9893798828125,8398700,0.0,0.0
2025-02-14 00:00:00-05:00,273.0229011658313,274.85376585107855,272.11733672996746,272.255126953125,5688600,0.0,0.0
2025-02-18 00:00:00-05:00,272.4224928221831,275.5821757361664,271.6940700339416,275.5625,7919800,0.0,0.0
2025-02-19 00:00:00-05:00,274.0170835183605,275.8577710649427,272.87526005839027,274.8734436035156,7007200,0.0,0.0
2025-02-20 00:00:00-05:00,274.31237611058543,274.37143335649915,261.5751760608188,262.6185607910156,13846700,0.0,0.0
2025-02-21 00:00:00-05:00,264.1147669447042,264.9809799671769,258.7206413297641,260.09869384765625,12835600,0.0,0.0
2025-02-24 00:00:00-05:00,261.3290626665858,262.81540660113416,254.55688558533427,257.2441101074219,10372800,0.0,0.0
2025-02-25 00:00:00-05:00,258.12019356749136,258.8781148767506,249.37936115624098,253.36587524414062,9608400,0.0,0.0
2025-02-26 00:00:00-05:00,253.12965701046303,256.82088504076154,252.9032508771268,254.73411560058594,5943600,0.0,0.0
2025-02-27 00:00:00-05:00,256.1023156065989,259.5081103033156,253.81866865186515,254.99002075195312,8204400,0.0,0.0
2025-02-28 00:00:00-05:00,256.6436813841157,260.6597237642885,253.84819530824592,260.5022277832031,10467100,0.0,0.0
2025-03-03 00:00:00-05:00,259.8624317856823,262.14607854716746,253.779295705583,256.535400390625,9058300,0.0,0.0
2025-03-04 00:00:00-05:00,251.27910771685373,253.19855824083865,242.09533089800894,246.32794189453125,13465600,0.0,0.0
2025-03-05 00:00:00-05:00,247.31226488949767,249.08405725382895,243.9458669070905,247.58787536621094,7861400,0.0,0.0
2025-03-06 00:00:00-05:00,244.2214723981126,245.45188165105145,240.0282430711689,242.6760711669922,9983200,0.0,0.0
2025-03-07 00:00:00-05:00,241.38661204275448,242.8532653241074,235.6676720636346,238.48284912109375,20498700,0.0,0.0
2025-03-10 00:00:00-04:00,232.508008066055,233.78762181510115,225.11569884319778,228.58053588867188,18887200,0.0,0.0
2025-03-11 00:00:00-04:00,228.11789292464056,229.66329427384025,223.1371982913278,225.54879760742188,18143000,0.0,0.0
2025-03-12 00:00:00-04:00,230.33261991741372,230.64761190621743,223.6982475947717,224.32821655273438,16054000,0.0,0.0
2025-03-13 00:00:00-04:00,225.70627653515098,225.90313901184248,220.7157293919961,221.6606903076172,16467900,0.0,0.0
2025-03-14 00:00:00-04:00,224.54477159902027,229.4860995707607,224.013241388188,228.7970733642578,11962100,0.0,0.0
2025-03-17 00:00:00-04:00,227.55680203176283,231.97643748249317,226.84810011900387,230.26370239257812,9586000,0.0,0.0
2025-03-18 00:00:00-04:00,230.64760773710017,232.46860444815488,229.8601427989696,231.28741455078125,10344900,0.0,0.0
2025-03-19 00:00:00-04:00,232.04535491987377,238.53206911141493,231.20867059231674,235.36253356933594,10120600,0.0,0.0
2025-03-20 00:00:00-04:00,232.85248476293248,237.97098418233642,232.49812630206983,235.2640838623047,8328500,0.0,0.0
2025-03-21 00:00:00-04:00,234.08289498527574,238.50253038803325,232.7934285032633,237.84303283691406,19326900,0.0,0.0
2025-03-24 00:00:00-04:00,241.63270503355284,244.79240284578717,240.57948244257165,244.17227172851562,9422700,0.0,0.0
2025-03-25 00:00:00-04:00,245.40268484436638,247.87335646404418,243.73916897827218,247.1941680908203,9287700,0.0,0.0
2025-03-26 00:00:00-04:00,248.64111968854195,250.67866969827517,245.8653090722259,247.09571838378906,12779300,0.0,0.0
2025-03-27 00:00:00-04:00,245.61921321246194,246.71181721965004,243.30603783068943,244.23130798339844,8022500,0.0,0.0
2025-03-28 00:00:00-04:00,243.0698257668777,245.599539532935,237.33119486348127,239.04393005371094,11978400,0.0,0.0
2025-03-31 00:00:00-04:00,235.65784758325657,242.00675687898743,233.63997322827274,241.45553588867188,13603000,0.0,0.0
2025-04-01 00:00:00-04:00,238.81752333129344,241.83941584029594,237.10480316495526,239.8412322998047,8054700,0.0,0.0
2025-04-02 00:00:00-04:00,237.81351374153482,243.37495772827663,237.67570850174647,241.96737670898438,7758800,0.0,0.0
2025-04-03 00:00:00-04:00,230.5983992730199,231.45475936069658,223.7376356451,225.10585021972656,17188500,0.0,0.0
2025-04-04 00:00:00-04:00,213.24097074130162,215.60800337192092,206.9222746752959,208.25930786132812,27170700,1.4,0.0
2025-04-07 00:00:00-04:00,203.7926499875628,219.91620553083897,200.217339808407,212.37933349609375,22914400,0.0,0.0
2025-04-08 00:00:00-04:00,221.37207030821745,225.65054905266808,211.20075649105397,214.7859649658203,19485700,0.0,0.0
2025-04-09 00:00:00-04:00,210.45796569487658,235.19791432492164,208.97238005467744,232.0880889892578,24022400,0.0,0.0
2025-04-10 00:00:00-04:00,227.78979420757258,228.1364368957953,217.98493519741433,224.9275665283203,18896400,0.0,0.0
2025-04-11 00:00:00-04:00,224.1352605994588,236.28735566743066,222.8378515262956,233.9302215576172,20284500,0.0,0.0
2025-04-14 00:00:00-04:00,234.82156570866533,237.47580467962493,231.3849098728121,232.4644317626953,13017800,0.0,0.0
2025-04-15 00:00:00-04:00,233.83120095731806,236.35668461950382,230.5827213559865,230.88973999023438,10912900,0.0,0.0
2025-04-16 00:00:00-04:00,229.77058173792562,231.33540044425504,225.73968539929047,227.40354919433594,9322300,0.0,0.0
2025-04-17 00:00:00-04:00,228.5821157568302,232.08809125254,228.33451814771584,229.73097229003906,9557900,0.0,0.0
2025-04-21 00:00:00-04:00,228.41374466977848,229.58239809757103,224.1649613559644,226.7895050048828,8716200,0.0,0.0
2025-04-22 00:00:00-04:00,229.75077022647423,233.7222455658828,229.146631453097,233.32608032226562,10701400,0.0,0.0
2025-04-23 00:00:00-04:00,237.9115852851014,244.41844241462425,237.6936981861248,238.56524658203125,14126800,0.0,0.0
2025-04-24 00:00:00-04:00,237.43620133269152,243.11113412666035,235.29695442919305,242.2891082763672,9055200,0.0,0.0
2025-04-25 00:00:00-04:00,242.2990151434575,243.259695079398,239.42688891181936,241.2095947265625,8588600,0.0,0.0
2025-04-28 00:00:00-04:00,242.20987095832245,244.4679598348008,238.52561750466666,240.88275146484375,7394300,0.0,0.0
2025-04-29 00:00:00-04:00,239.86266087494008,242.89325317551487,239.3674656594956,242.26930236816406,7216800,0.0,0.0
2025-04-30 00:00:00-04:00,238.89208248407334,242.8635426715609,236.13878318301607,242.26930236816406,12991700,0.0,0.0
2025-05-01 00:00:00-04:00,240.50641741665095,246.06250854186877,239.84285761711718,244.5175018310547,8689600,0.0,0.0
2025-05-02 00:00:00-04:00,248.8454928034209,251.18281481145482,247.06280212773012,250.08348083496094,7165000,0.0,0.0
2025-05-05 00:00:00-04:00,248.76626720064505,252.70803209178587,248.18194045918935,250.1330108642578,5450700,0.0,0.0
2025-05-06 00:00:00-04:00,247.59760543838547,250.22213401116895,246.60721501663193,246.8548126220703,6369900,0.0,0.0
2025-05-07 00:00:00-04:00,247.44905548636268,250.02406154233302,246.43885301429253,246.99346923828125,8724100,0.0,0.0
2025-05-08 00:00:00-04:00,249.15252026567538,253.42110047316643,249.1327082262644,251.0342559814453,8320100,0.0,0.0
2025-05-09 00:00:00-04:00,252.05436284215986,253.0546517297615,249.91511589996063,250.64801025390625,5087600,0.0,0.0
2025-05-12 00:00:00-04:00,260.3736442284861,261.06692963579167,256.2140224576069,257.551025390625,9603900,0.0,0.0
2025-05-13 00:00:00-04:00,258.52162098572154,261.13626631205113,257.8877868069351,260.48260498046875,8589000,0.0,0.0
2025-05-14 00:00:00-04:00,260.4726959367646,264.07773178744077,259.7695271595925,263.08734130859375,8643100,0.0,0.0
2025-05-15 00:00:00-04:00,264.4045330061705,266.9300165005274,262.21577862944,264.9195251464844,9214600,0.0,0.0
2025-05-16 00:00:00-04:00,264.9294400761183,265.8802064262929,262.1662423130763,264.9888610839844,8932900,0.0,0.0
2025-05-19 00:00:00-04:00,262.99816991499483,265.7415707842711,259.4129613490514,262.3346252441406,12145000,0.0,0.0
2025-05-20 00:00:00-04:00,259.9972852167219,264.09751611112114,259.77939811280237,263.1269226074219,8436300,0.0,0.0
2025-05-21 00:00:00-04:00,261.80971454261277,263.0972100036598,258.2245060448101,258.5315246582031,7464000,0.0,0.0
2025-05-22 00:00:00-04:00,256.94690892472084,259.77941119398804,256.38237909645915,258.16510009765625,6514100,0.0,0.0
2025-05-23 00:00:00-04:00,254.34216475157282,259.4723799421045,253.53995091856495,258.2046813964844,6671800,0.0,0.0
2025-05-27 00:00:00-04:00,259.5219231615278,262.75057549068066,259.4723855042117,262.7406921386719,7506600,0.0,0.0
2025-05-28 00:00:00-04:00,263.6815511085711,264.1569494186174,260.37365054000264,260.9579772949219,5535400,0.0,0.0
2025-05-29 00:00:00-04:00,262.2553588979227,262.85951274259725,260.0071836301039,261.8294982910156,5081200,0.0,0.0
2025-05-30 00:00:00-04:00,260.9183710832572,262.7802797047294,260.2052887641105,261.46307373046875,10977700,0.0,0.0
2025-06-02 00:00:00-04:00,260.49247495502414,262.48316935241536,259.3832425308735,262.1167297363281,6011200,0.0,0.0
2025-06-03 00:00:00-04:00,261.1956728046096,264.01826128387165,260.3538349141645,263.71124267578125,6998400,0.0,0.0
2025-06-04 00:00:00-04:00,263.3646451144359,264.55309553497005,261.64134515696793,261.68096923828125,5915700,0.0,0.0
2025-06-05 00:00:00-04:00,262.19596799161184,262.19596799161184,257.8085453857792,259.43280029296875,8173800,0.0,0.0
2025-06-06 00:00:00-04:00,261.7898818932406,264.0875948817465,261.7205775355199,263.17645263671875,7738100,0.0,0.0
2025-06-09 00:00:00-04:00,263.44384806606826,265.3255837931054,260.81931953433354,264.1767272949219,8285000,0.0,0.0
2025-06-10 00:00:00-04:00,263.3249968434892,266.31596488504243,263.29528634131304,266.01885986328125,7538100,0.0,0.0
2025-06-11 00:00:00-04:00,266.09808685821173,267.0290562571952,263.2358743033668,265.57318115234375,7434100,0.0,0.0
2025-06-12 00:00:00-04:00,264.2955489890084,265.7118301315635,262.59210663653823,265.66229248046875,6618000,0.0,0.0
2025-06-13 00:00:00-04:00,262.53268655140175,264.45404643769336,260.185466026478,262.4039611816406,7098300,0.0,0.0
2025-06-16 00:00:00-04:00,264.4342351573897,269.1187926010441,264.28568264317573,267.7619323730469,8566000,0.0,0.0
2025-06-17 00:00:00-04:00,265.59302026536324,267.9897482286564,265.22655041044976,266.9300231933594,6739300,0.0,0.0
2025-06-18 00:00:00-04:00,267.4054243002851,275.0512398633253,267.12811618035386,271.3273620605469,9586400,0.0,0.0
2025-06-20 00:00:00-04:00,272.9218906234205,274.6352466771413,271.1787938422642,272.35736083984375,13969700,0.0,0.0
2025-06-23 00:00:00-04:00,272.4167721304353,275.87322484203924,269.4951084558995,275.5959167480469,8094600,0.0,0.0
2025-06-24 00:00:00-04:00,277.51729237869773,279.99326843987956,276.8240372161571,278.5572204589844,9267900,0.0,0.0
2025-06-25 00:00:00-04:00,278.79489476774904,281.54817884280607,278.21056806460314,281.3302917480469,6826900,0.0,0.0
2025-06-26 00:00:00-04:00,281.9641809018724,286.62891158590264,281.73638021139936,285.9752502441406,8942100,0.0,0.0
2025-06-27 00:00:00-04:00,283.0634871930461,285.92573005163604,282.3008974405109,284.3509826660156,17868600,0.0,0.0
2025-06-30 00:00:00-04:00,287.60936609684416,289.83774449670244,286.1436076484999,287.12408447265625,12689200,0.0,0.0
2025-07-01 00:00:00-04:00,288.09469150799464,288.33237554338774,283.8359944531888,287.6192932128906,9338300,0.0,0.0
2025-07-02 00:00:00-04:00,289.23365484518064,290.00615823892747,286.91614466394003,289.19403076171875,8158700,0.0,0.0
2025-07-03 00:00:00-04:00,290.73649237209275,294.9659297104321,289.8010379194307,294.56787109375,6541600,1.4,0.0
2025-07-07 00:00:00-04:00,293.8215023235984,294.6076885980012,288.6765027897454,290.557373046875,8825700,0.0,0.0
2025-07-08 00:00:00-04:00,287.8704246702362,288.29836729820295,278.95378401211,281.4118347167969,15440900,0.0,0.0
2025-07-09 00:00:00-04:00,285.7905479002781,285.8104705722976,281.1133058346495,281.7900085449219,11273800,0.0,0.0
2025-07-10 00:00:00-04:00,281.63079258445833,286.91509937261486,281.63079258445833,286.7956848144531,8410900,0.0,0.0
2025-07-11 00:00:00-04:00,284.1385633556329,285.9895799471578,282.27761579845765,285.4720764160156,7384700,0.0,0.0
2025-07-14 00:00:00-04:00,285.6811040695642,287.9002954379141,283.8798636483791,287.30322265625,9079900,0.0,0.0
2025-07-15 00:00:00-04:00,286.6066015099572,290.53750281058245,284.0988046799193,285.1636047363281,12526100,0.0,0.0
2025-07-16 00:00:00-04:00,287.0046376972024,289.32338154204075,281.64073174918,284.4371337890625,9979800,0.0,0.0
2025-07-17 00:00:00-04:00,282.06866914194785,288.8954646605109,282.06866914194785,288.4974060058594,8509500,0.0,0.0
2025-07-18 00:00:00-04:00,288.1192152507357,291.08480816107146,286.83547847596185,289.8607482910156,12217000,0.0,0.0
2025-07-21 00:00:00-04:00,289.5920789805029,292.75668616305364,289.1740976686908,289.5622253417969,7898100,0.0,0.0
2025-07-22 00:00:00-04:00,290.08965762675587,292.2093570682598,287.7808750182681,290.0199890136719,6717500,0.0,0.0
2025-07-23 00:00:00-04:00,291.423171220215,295.55308652202564,291.1345658012183,295.32421875,7083500,0.0,0.0
2025-07-24 00:00:00-04:00,295.98102008785213,298.14050407118975,294.7669215419926,295.1152038574219,7001200,0.0,0.0
2025-07-25 00:00:00-04:00,295.2645078343046,297.45384549542877,294.52806747662726,297.1752014160156,5918500,0.0,0.0
2025-07-28 00:00:00-04:00,296.2198575860422,297.98128299458955,295.38392533944716,296.83685302734375,5840400,0.0,0.0
2025-07-29 00:00:00-04:00,298.5485452319008,299.832312479978,294.7669424736015,295.6028747558594,7635700,0.0,0.0
2025-07-30 00:00:00-04:00,295.9810293435777,299.15556747472186,295.9412143688823,298.1803283691406,8061700,0.0,0.0
2025-07-31 00:00:00-04:00,297.69269497782847,299.52378891963946,294.0702916971252,294.80670166015625,14749700,0.0,0.0
2025-08-01 00:00:00-04:00,288.99498616189175,290.38820663449775,282.8647857124969,287.969970703125,12007100,0.0,0.0
2025-08-04 00:00:00-04:00,288.8556567457698,292.8960109858209,288.8556567457698,292.8363037109375,6649500,0.0,0.0
2025-08-05 00:00:00-04:00,293.26421031948314,294.3588942877941,285.85024334176074,289.96026611328125,7182300,0.0,0.0
2025-08-06 00:00:00-04:00,290.8857846666577,291.8710155092677,288.75615418743877,289.9403991699219,6330200,0.0,0.0
2025-08-07 00:00:00-04:00,291.52269805254355,292.0401712516968,285.0242927594624,285.5517272949219,8057100,0.0,0.0
2025-08-08 00:00:00-04:00,287.58185183763345,289.82096576259374,283.33249175217816,287.3629150390625,6634100,0.0,0.0
2025-08-11 00:00:00-04:00,287.99979757897614,289.9105214566491,287.382802167726,288.1590270996094,5510100,0.0,0.0
2025-08-12 00:00:00-04:00,290.0896614971756,293.3239373114666,288.9352701775296,291.4331359863281,8570900,0.0,0.0
2025-08-13 00:00:00-04:00,292.5278258801357,293.1248986695454,285.770668693986,289.1243591308594,8420400,0.0,0.0
2025-08-14 00:00:00-04:00,289.1740897938242,292.77660086250484,288.2386656831993,292.7367858886719,6322400,0.0,0.0
2025-08-15 00:00:00-04:00,293.4134934775076,294.070303892013,288.4177923107223,289.08453369140625,7340500,0.0,0.0
2025-08-18 00:00:00-04:00,288.5969105571057,290.48771182814966,287.01460700223555,290.1195068359375,5386900,0.0,0.0
2025-08-19 00:00:00-04:00,289.4228836379399,291.0649248511568,288.12918548745137,289.25372314453125,6031500,0.0,0.0
2025-08-20 00:00:00-04:00,289.40300620960403,291.91080306079334,285.8801248660847,290.8260803222656,7374200,0.0,0.0
2025-08-21 00:00:00-04:00,290.52754171939233,291.35351266028397,288.0694908298476,290.059814453125,6624000,0.0,0.0
2025-08-22 00:00:00-04:00,291.78143186234297,295.7222638160247,288.72627805745185,294.80670166015625,8552800,0.0,0.0
2025-08-25 00:00:00-04:00,294.8067187195671,295.91136409796144,292.7169032581514,293.47320556640625,5856300,0.0,0.0
2025-08-26 00:00:00-04:00,292.73679070167583,297.2946182578716,292.0799802873029,297.1254577636719,6714700,0.0,0.0
2025-08-27 00:00:00-04:00,295.81182363943736,299.6133487290695,295.60284818014264,297.8320007324219,6056500,0.0,0.0
2025-08-28 00:00:00-04:00,298.5684346824493,299.78253330292296,297.2548441771251,299.6133728027344,6410500,0.0,0.0
2025-08-29 00:00:00-04:00,300.57866535154164,301.4842661940908,298.27984412427315,299.961669921875,6796400,0.0,0.0
2025-09-02 00:00:00-04:00,298.80728817166414,299.00630230729985,293.0751465546297,298.25,7221900,0.0,0.0
2025-09-03 00:00:00-04:00,299.1157821383293,299.1157821383293,294.9460518695642,298.0609130859375,6316900,0.0,0.0
2025-09-04 00:00:00-04:00,298.5485417515856,302.95710126266795,296.8368622307461,302.3500671386719,6605800,0.0,0.0
2025-09-05 00:00:00-04:00,302.1808574258392,303.67360004151425,292.8860503832935,292.9557189941406,9837700,0.0,0.0
2025-09-08 00:00:00-04:00,293.4632595438729,295.02564039164184,290.02993939924687,291.4928283691406,8188500,0.0,0.0
2025-09-09 00:00:00-04:00,291.1843363199733,297.5533654940205,290.89573090671735,296.408935546875,7848200,0.0,0.0
2025-09-10 00:00:00-04:00,295.26451981163615,300.081099305405,293.97079124265275,299.0859375,7787300,0.0,0.0
2025-09-11 00:00:00-04:00,299.7825282942652,304.2508253887744,299.3347237101347,304.0816345214844,7942500,0.0,0.0
2025-09-12 00:00:00-04:00,303.5243471922108,306.0619976191254,302.2306490078873,305.42510986328125,6846700,0.0,0.0
2025-09-15 00:00:00-04:00,305.68384616318764,308.4503945957688,305.68384616318764,307.40545654296875,7122000,0.0,0.0
2025-09-16 00:00:00-04:00,308.5001398603055,309.3957793536566,305.64403052143217,307.6940612792969,10525600,0.0,0.0
2025-09-17 00:00:00-04:00,308.8882633286686,311.39605995003245,307.27607581858564,310.2416687011719,8657800,0.0,0.0
2025-09-18 00:00:00-04:00,310.281503166292,311.92351404664583,308.11202738183795,311.71453857421875,8050700,0.0,0.0
2025-09-19 00:00:00-04:00,312.08273544953454,314.27207310967725,307.62439981099584,313.25701904296875,23568600,0.0,0.0
2025-09-22 00:00:00-04:00,308.30110308567663,312.182258270615,308.062273980115,310.9283447265625,7520200,0.0,0.0
2025-09-23 00:00:00-04:00,310.31133589735856,314.77960231730736,309.0773147087216,311.22686767578125,8584400,0.0,0.0
2025-09-24 00:00:00-04:00,312.53055191308846,315.04831005850303,310.1620923339846,311.90362548828125,7310500,0.0,0.0
2025-09-25 00:00:00-04:00,312.60021306425335,314.1228093708585,310.2914304489001,311.9334716796875,7083200,0.0,0.0
2025-09-26 00:00:00-04:00,313.3764314704185,316.2723558301295,312.1822555829643,314.53082275390625,7258100,0.0,0.0
2025-09-29 00:00:00-04:00,315.52599496806425,316.47141081731513,312.1424509532589,314.1626281738281,6462400,0.0,0.0
2025-09-30 00:00:00-04:00,314.71990956858593,315.8743008654659,308.6096017269858,313.90386962890625,11823300,0.0,0.0
2025-10-01 00:00:00-04:00,312.450932545579,313.06792796484126,305.92267396447164,309.2066955566406,9235200,0.0,0.0
2025-10-02 00:00:00-04:00,308.5001396138323,309.05742775902445,304.6588298723343,306.0619812011719,7600000,0.0,0.0
2025-10-03 00:00:00-04:00,307.0173638395194,310.15211730487346,306.71879709000723,308.5299987792969,6029900,0.0,0.0
2025-10-06 00:00:00-04:00,310.17999267578125,311.75,305.1300048828125,309.17999267578125,7214500,1.5,0.0
2025-10-07 00:00:00-04:00,309.3500061035156,310.010009765625,304.70001220703125,307.69000244140625,8454200,0.0,0.0
2025-10-08 00:00:00-04:00,308.2099914550781,308.7799987792969,303.54998779296875,304.0299987792969,6489900,0.0,0.0
2025-10-09 00:00:00-04:00,305.04998779296875,308.0400085449219,303.3900146484375,305.5299987792969,7060300,0.0,0.0
2025-10-10 00:00:00-04:00,305.6600036621094,310.4700012207031,300.80999755859375,300.8900146484375,8597400,0.0,0.0
2025-10-13 00:00:00-04:00,305.6000061035156,309.4599914550781,305.45001220703125,307.9700012207031,10788700,0.0,0.0
2025-10-14 00:00:00-04:00,305.8399963378906,307.0,294.2099914550781,302.0799865722656,16178800,0.0,0.0
2025-10-15 00:00:00-04:00,306.3900146484375,312.1199951171875,305.44000244140625,305.69000244140625,11354800,0.0,0.0
2025-10-16 00:00:00-04:00,305.3500061035156,308.67999267578125,297.07000732421875,298.5400085449219,10549400,0.0,0.0
2025-10-17 00:00:00-04:00,299.1600036621094,299.54998779296875,294.20001220703125,297.55999755859375,10153500,0.0,0.0
2025-10-20 00:00:00-04:00,298.5,303.69000244140625,298.1600036621094,302.3599853515625,6894900,0.0,0.0
2025-10-21 00:00:00-04:00,301.6600036621094,304.04998779296875,297.0,297.0899963378906,7372700,0.0,0.0
2025-10-22 00:00:00-04:00,297.7699890136719,298.05999755859375,290.5400085449219,294.1099853515625,8054100,0.0,0.0
2025-10-23 00:00:00-04:00,294.3800048828125,296.3699951171875,292.510009765625,294.5400085449219,5438800,0.0,0.0
2025-10-24 00:00:00-04:00,296.0799865722656,302.6000061035156,295.45001220703125,300.44000244140625,7228300,0.0,0.0
2025-10-27 00:00:00-04:00,302.1600036621094,304.5299987792969,301.010009765625,304.1499938964844,5642200,0.0,0.0
2025-10-28 00:00:00-04:00,304.8599853515625,307.9700012207031,303.1600036621094,305.3599853515625,6336000,0.0,0.0
2025-10-29 00:00:00-04:00,303.510009765625,308.25,303.010009765625,305.510009765625,7520300,0.0,0.0
2025-10-30 00:00:00-04:00,305.7900085449219,312.6099853515625,305.1000061035156,309.44000244140625,7514600,0.0,0.0
2025-10-31 00:00:00-04:00,308.5400085449219,312.8699951171875,307.25,311.1199951171875,7721300,0.0,0.0
2025-11-03 00:00:00-05:00,311.0,312.32000732421875,306.2099914550781,309.3500061035156,7770000,0.0,0.0
2025-11-04 00:00:00-05:00,306.7099914550781,312.2200012207031,305.1000061035156,309.25,7085200,0.0,0.0
2025-11-05 00:00:00-05:00,309.6099853515625,313.1000061035156,305.6300048828125,311.67999267578125,6865200,0.0,0.0
2025-11-06 00:00:00-05:00,310.989990234375,314.8399963378906,310.260009765625,313.4200134277344,7206100,0.0,0.0
2025-11-07 00:00:00-05:00,311.8900146484375,314.42999267578125,307.6400146484375,314.2099914550781,7302300,0.0,0.0
2025-11-10 00:00:00-05:00,315.0,319.55999755859375,314.2099914550781,316.8900146484375,5794100,0.0,0.0
2025-11-11 00:00:00-05:00,317.5,319.04998779296875,315.2799987792969,315.6199951171875,5030200,0.0,0.0
2025-11-12 00:00:00-05:00,316.260009765625,322.25,316.2099914550781,320.4100036621094,10578300,0.0,0.0
2025-11-13 00:00:00-05:00,319.2300109863281,320.6300048828125,309.1000061035156,309.4800109863281,8973300,0.0,0.0
2025-11-14 00:00:00-05:00,307.510009765625,307.6400146484375,301.2300109863281,303.6099853515625,10327000,0.0,0.0
2025-11-17 00:00:00-05:00,304.0,305.5899963378906,297.6700134277344,300.3699951171875,8344000,0.0,0.0
2025-11-18 00:00:00-05:00,299.5,302.95001220703125,297.0199890136719,299.4100036621094,8077300,0.0,0.0
2025-11-19 00:00:00-05:00,299.739990234375,304.45001220703125,299.2699890136719,303.2699890136719,5546600,0.0,0.0
2025-11-20 00:00:00-05:00,306.3399963378906,309.9200134277344,298.1600036621094,298.3800048828125,7501600,0.0,0.0
2025-11-21 00:00:00-05:00,301.2900085449219,301.67999267578125,292.80999755859375,298.0199890136719,11766800,0.0,0.0
2025-11-24 00:00:00-05:00,298.239990234375,299.82000732421875,294.510009765625,298.0,10940200,0.0,0.0
2025-11-25 00:00:00-05:00,300.04998779296875,304.5,295.55999755859375,303.0,8877200,0.0,0.0
2025-11-26 00:00:00-05:00,305.0,308.5299987792969,303.20001220703125,307.6400146484375,7910900,0.0,0.0
2025-11-28 00:00:00-05:00,309.1000061035156,313.7200012207031,308.239990234375,313.0799865722656,4322400,0.0,0.0
2025-12-01 00:00:00-05:00,312.95001220703125,314.0400085449219,308.5400085449219,308.9200134277344,7727300,0.0,0.0
2025-12-02 00:00:00-05:00,308.739990234375,310.4800109863281,307.0899963378906,307.8800048828125,7249000,0.0,0.0
2025-12-03 00:00:00-05:00,307.20001220703125,312.3599853515625,306.79998779296875,312.1300048828125,8535300,0.0,0.0
2025-12-04 00:00:00-05:00,313.260009765625,318.489990234375,313.0,316.1000061035156,9627800,0.0,0.0
2025-12-05 00:00:00-05:00,315.6400146484375,318.4800109863281,314.67999267578125,315.0400085449219,6518900,0.0,0.0
2025-12-08 00:00:00-05:00,315.05999755859375,316.4700012207031,313.3500061035156,315.2099914550781,7417200,0.0,0.0
2025-12-09 00:00:00-05:00,314.95001220703125,318.79998779296875,300.0199890136719,300.510009765625,18049200,0.0,0.0
2025-12-10 00:00:00-05:00,300.5,311.19000244140625,298.4599914550781,310.1099853515625,18874100,0.0,0.0
2025-12-11 00:00:00-05:00,309.239990234375,318.0,309.239990234375,317.3800048828125,9721900,0.0,0.0
2025-12-12 00:00:00-05:00,319.67999267578125,320.2699890136719,316.6000061035156,318.5199890136719,8982900,0.0,0.0
2025-12-15 00:00:00-05:00,319.5899963378906,322.8800048828125,318.3900146484375,320.0199890136719,10864100,0.0,0.0
2025-12-16 00:00:00-05:00,319.0899963378906,319.5199890136719,314.3999938964844,315.54998779296875,8331300,0.0,0.0
2025-12-17 00:00:00-05:00,318.42999267578125,319.3699951171875,314.6600036621094,314.9800109863281,8718700,0.0,0.0
2025-12-18 00:00:00-05:00,316.0,317.70001220703125,312.2200012207031,313.0,11444900,0.0,0.0
2025-12-19 00:00:00-05:00,313.7900085449219,318.55999755859375,313.19000244140625,317.2099914550781,24494400,0.0,0.0
2025-12-22 00:00:00-05:00,317.510009765625,323.2300109863281,317.510009765625,323.0899963378906,8354600,0.0,0.0
2025-12-23 00:00:00-05:00,323.6099853515625,327.7799987792969,323.0899963378906,325.92999267578125,6668300,0.0,0.0
2025-12-24 00:00:00-05:00,326.239990234375,329.989990234375,325.5,329.1700134277344,4289300,0.0,0.0
2025-12-26 00:00:00-05:00,329.1099853515625,330.8599853515625,326.5400085449219,327.9100036621094,3985300,0.0,0.0
