Date,Open,High,Low,Close,Volume,Dividends,Stock Splits
2020-12-28 00:00:00-05:00,266.87577993398537,275.37639803213443,263.81715878146275,275.0784912109375,23299700,0.0,0.0
2020-12-29 00:00:00-05:00,275.02881940193726,278.5641213786778,274.3634538345385,274.8599853515625,16383000,0.0,0.0
2020-12-30 00:00:00-05:00,276.02187945984275,276.15095219593917,269.82514558620073,269.9840393066406,11803800,0.0,0.0
2020-12-31 00:00:00-05:00,270.1131494272033,275.1678367117642,267.93833892462425,271.2651062011719,12900400,0.0,0.0
2021-01-04 00:00:00-05:00,272.87385574481715,273.09233082170965,263.3603253365964,267.0743713378906,15106100,0.0,0.0
2021-01-05 00:00:00-05:00,266.4288695415241,270.5103437529115,266.34940753357716,269.09027099609375,9871600,0.0,0.0
2021-01-06 00:00:00-05:00,260.18251878562035,265.8926313162208,258.2063330163895,261.4834289550781,24354100,0.0,0.0
2021-01-07 00:00:00-05:00,264.0554674234832,269.7258491356457,262.94324162066465,266.8757629394531,15789800,0.0,0.0
2021-01-08 00:00:00-05:00,266.44875469224866,267.08432961533265,261.35433620233744,265.7138977050781,18528300,0.0,0.0
2021-01-11 00:00:00-05:00,258.6731296928187,261.6423791517238,254.1248829763416,255.05836486816406,30412300,0.0,0.0
2021-01-12 00:00:00-05:00,254.8497991205477,257.9183605943093,248.56370760987795,249.3482208251953,26383500,0.0,0.0
2021-01-13 00:00:00-05:00,249.80503713335122,252.188382619965,247.4713326816302,249.8944091796875,19528900,0.0,0.0
2021-01-14 00:00:00-05:00,251.64219985880376,253.2608976661095,242.91318130890528,243.93603515625,29739400,0.0,0.0
2021-01-15 00:00:00-05:00,246.1803582278421,252.09902149522745,245.44550116665312,249.61636352539062,24942900,0.0,0.0
2021-01-19 00:00:00-05:00,255.11791059696782,260.38116333981225,250.9669140103909,259.2887878417969,28028500,0.0,0.0
2021-01-20 00:00:00-05:00,267.0644042540832,268.444776262039,261.77139221611213,265.6244812011719,25199900,0.0,0.0
2021-01-21 00:00:00-05:00,267.39219883730624,271.70208935816214,265.6344576307383,270.9771423339844,20838700,0.0,0.0
2021-01-22 00:00:00-05:00,270.1231077356851,276.5382869759463,270.1131674066485,272.5958251953125,21954000,0.0,0.0
2021-01-25 00:00:00-05:00,276.21058498544335,278.15698017441997,269.6265717881597,276.08148193359375,19087000,0.0,0.0
2021-01-26 00:00:00-05:00,276.21056454490656,283.41027148201056,275.88283677509816,280.0934143066406,19373600,0.0,0.0
2021-01-27 00:00:00-05:00,280.57013844262696,281.4837699008926,266.26009441224045,270.2522277832031,35346200,0.0,0.0
2021-01-28 00:00:00-05:00,275.2572773646142,284.80063140699815,262.8638668149218,263.1617736816406,37758800,0.0,0.0
2021-01-29 00:00:00-05:00,263.45964586527754,264.71091515254716,253.08215396222317,256.5379943847656,30389500,0.0,0.0
2021-02-01 00:00:00-05:00,257.71975684833694,262.33752508224313,253.14174993490226,260.1925048828125,22914300,0.0,0.0
2021-02-02 00:00:00-05:00,262.16867372961775,266.9850361074179,261.44372671411134,265.227294921875,17320800,0.0,0.0
2021-02-03 00:00:00-05:00,263.7774086978428,267.3325914717765,262.00975763949117,264.8002624511719,14223400,0.0,0.0
2021-02-04 00:00:00-05:00,265.157769593735,266.2997860181599,262.168640172673,264.641357421875,16060000,0.0,0.0
2021-02-05 00:00:00-05:00,264.94923410714415,267.3028192101267,263.82709821386266,266.240234375,12454400,0.0,0.0
2021-02-08 00:00:00-05:00,266.88567286752715,267.98795821608473,263.16168673449187,264.730712890625,13755200,0.0,0.0
2021-02-09 00:00:00-05:00,264.59177204978135,271.49357368908437,263.9065559898149,267.5809020996094,14613400,0.0,0.0
2021-02-10 00:00:00-05:00,270.56003283147004,271.900643668277,265.86283382095326,269.9840393066406,14687200,0.0,0.0
2021-02-11 00:00:00-05:00,270.00393789566357,271.6821866351648,266.627499147351,268.51434326171875,12828600,0.0,0.0
2021-02-12 00:00:00-05:00,268.6434160254985,269.2988413011865,266.4785457640893,268.6235656738281,9097600,0.0,0.0
2021-02-16 00:00:00-05:00,268.9214652817526,274.68124922947464,268.17666798465854,272.0694885253906,15417200,0.0,0.0
2021-02-17 00:00:00-05:00,269.3584178007569,272.0694908959175,267.7099294654533,271.6722717285156,12763200,0.0,0.0
2021-02-18 00:00:00-05:00,267.70001482832095,270.0635097465597,264.1845631303574,267.5212707519531,15249100,0.0,0.0
2021-02-19 00:00:00-05:00,267.9880178207571,268.3951773652327,258.34538273459236,259.74560546875,25622600,0.0,0.0
2021-02-22 00:00:00-05:00,256.1606138777245,261.2450916067546,255.74351408166407,258.5240783691406,17434900,0.0,0.0
2021-02-23 00:00:00-05:00,257.6999099486897,265.604684827942,253.19140952092832,264.0157775878906,21924600,0.0,0.0
2021-02-24 00:00:00-05:00,260.5102256472287,264.53214932336675,256.5975849753341,262.47650146484375,15736100,0.0,0.0
2021-02-25 00:00:00-05:00,260.480444082425,265.08827150301914,252.2777481716755,252.92324829101562,19053100,0.0,0.0
2021-02-26 00:00:00-05:00,254.69091492301746,263.70791526056945,254.69091492301746,255.8329315185547,26619500,0.0,0.0
2021-03-01 00:00:00-05:00,259.01076266266045,264.8003080425841,256.1110046545927,263.0723876953125,22157300,0.0,0.0
2021-03-02 00:00:00-05:00,263.93630511685126,264.85984651108265,256.8557604826505,257.2033386230469,15191700,0.0,0.0
2021-03-03 00:00:00-05:00,258.4844284037407,259.1795544591081,253.33042797944327,253.63827514648438,15513500,0.0,0.0
2021-03-04 00:00:00-05:00,254.69088607980996,264.6413671039277,251.74148755772686,255.852783203125,31626500,0.0,0.0
2021-03-05 00:00:00-05:00,258.8618031452885,263.60864412929794,253.8368905187001,262.4467468261719,26820100,0.0,0.0
2021-03-08 00:00:00-05:00,263.7079128586234,263.7377035415093,253.28076471915193,253.53895568847656,18391800,0.0,0.0
2021-03-09 00:00:00-05:00,259.3682706480934,266.66729211138085,258.00777874861495,263.8966369628906,22039700,0.0,0.0
2021-03-10 00:00:00-05:00,266.77648503964184,267.1041825272053,261.04649157172383,263.0624084472656,14210300,0.0,0.0
2021-03-11 00:00:00-05:00,266.2501693141146,275.972266867677,265.9622027962827,271.98016357421875,21834000,0.0,0.0
2021-03-12 00:00:00-05:00,267.2730343215098,267.86884797479286,262.1885254683939,266.53814697265625,20600200,0.0,0.0
2021-03-15 00:00:00-04:00,267.213455344063,274.04573559254817,266.6374919734589,271.85107421875,16844800,0.0,0.0
2021-03-16 00:00:00-04:00,274.1648374392851,280.1828274899557,272.89371792930007,277.3426513671875,22437700,0.0,0.0
2021-03-17 00:00:00-04:00,273.7974438086778,284.24448797008944,273.49953697383603,282.0398864746094,21315000,0.0,0.0
2021-03-18 00:00:00-04:00,277.92858482314426,283.2116881663582,276.3496180179357,276.687255859375,18728300,0.0,0.0
2021-03-19 00:00:00-04:00,279.2691890055399,290.76884566116183,279.2493386548787,288.0975036621094,38930500,0.0,0.0
2021-03-22 00:00:00-04:00,288.4352224866444,297.6309672357557,284.7608764742998,291.5037841796875,28273100,0.0,0.0
2021-03-23 00:00:00-04:00,291.11646090364803,295.9328233174748,287.79963356760106,288.61395263671875,23000900,0.0,0.0
2021-03-24 00:00:00-04:00,288.9813865930339,289.6963932978706,279.20964849752187,280.182861328125,18675000,0.0,0.0
2021-03-25 00:00:00-04:00,279.03087841779615,286.0617517724904,275.82327372146733,276.806396484375,24505600,0.0,0.0
2021-03-26 00:00:00-04:00,276.3694427158467,282.5264459269405,275.84312049630233,281.05670166015625,17629200,0.0,0.0
2021-03-29 00:00:00-04:00,283.78765555297224,291.1462573927489,282.72510097717293,288.8026428222656,21718800,0.0,0.0
2021-03-30 00:00:00-04:00,287.819489559495,290.44119091458725,284.7112272475432,286.002197265625,17474500,0.0,0.0
2021-03-31 00:00:00-04:00,287.9783624230208,294.4432129861294,286.60793047822534,292.48687744140625,19498200,0.0,0.0
2021-04-01 00:00:00-04:00,296.3300202168841,300.3022725798608,294.54251877589684,296.5882263183594,17616000,0.0,0.0
2021-04-05 00:00:00-04:00,298.80276535214335,308.614203147411,298.5942002846461,306.7671203613281,28237000,0.0,0.0
2021-04-06 00:00:00-04:00,306.6976489192928,309.1902473618839,303.1325555067955,304.13555908203125,17335200,0.0,0.0
2021-04-07 00:00:00-04:00,304.2150051538261,312.07013942816747,303.3808356254739,310.9181823730469,22855200,0.0,0.0
2021-04-08 00:00:00-04:00,312.6659247488208,313.688778534992,307.8992036600971,310.8486022949219,20894100,0.0,0.0
2021-04-09 00:00:00-04:00,309.23986644593833,312.55669381171714,308.177281575922,310.2925109863281,15988600,0.0,0.0
2021-04-12 00:00:00-04:00,308.89228469218745,309.9846602325345,305.7939324729359,309.37890625,10881900,0.0,0.0
2021-04-13 00:00:00-04:00,310.04422299179186,312.2488242933257,307.17428638234855,307.6112365722656,14036900,0.0,0.0
2021-04-14 00:00:00-04:00,305.1682324548387,305.89317931855436,299.8553699163051,300.7193298339844,17421400,0.0,0.0
2021-04-15 00:00:00-04:00,304.2149480766785,307.9886060607909,301.99049641842674,305.6846923828125,14558300,0.0,0.0
2021-04-16 00:00:00-04:00,306.03227702070234,306.8068650471184,302.4969444090367,304.0560607910156,13059200,0.0,0.0
2021-04-19 00:00:00-04:00,302.8942064698286,305.56554881533964,298.4750632513306,300.1434020996094,14553500,0.0,0.0
2021-04-20 00:00:00-04:00,299.89514228651615,302.9835845586107,295.1483014626396,300.5505676269531,16796400,0.0,0.0
2021-04-21 00:00:00-04:00,299.8554348915821,299.8852255743065,295.3270692821806,299.3787536621094,14863500,0.0,0.0
2021-04-22 00:00:00-04:00,299.23970504780726,300.8187021222801,293.98642281520046,294.46307373046875,16375400,0.0,0.0
2021-04-23 00:00:00-04:00,296.6875221155041,300.49094020600614,295.0886748696605,299.04107666015625,17536800,0.0,0.0
2021-04-26 00:00:00-04:00,301.23577303432637,303.6786999037618,299.46812183516045,300.9378662109375,16172600,0.0,0.0
2021-04-27 00:00:00-04:00,302.1692692671732,303.2219138346447,299.0212455887572,301.4642028808594,15309300,0.0,0.0
2021-04-28 00:00:00-04:00,305.2278718530595,308.7632045092743,303.25168590435214,304.9696960449219,33907200,0.0,0.0
2021-04-29 00:00:00-04:00,327.82999712931587,329.50827625117904,319.3790201563974,327.2242431640625,56526800,0.0,0.0
2021-04-30 00:00:00-04:00,323.8776259782797,327.53209104824134,322.248987887127,322.824951171875,26332400,0.0,0.0
2021-05-03 00:00:00-04:00,323.907408395523,326.27087314382874,319.60742815166054,320.34228515625,18719500,0.0,0.0
2021-05-04 00:00:00-04:00,317.80006933320976,319.9550297777541,310.9479394226379,316.1515808105469,24032600,0.0,0.0
2021-05-05 00:00:00-04:00,315.98277088195334,318.83285731643707,312.30842504926153,312.8347473144531,15577600,0.0,0.0
2021-05-06 00:00:00-04:00,312.33820166682153,318.0185239268124,311.09687276652534,317.800048828125,19012200,0.0,0.0
2021-05-07 00:00:00-04:00,320.1437345661758,320.69984756028447,316.53891012894223,316.8666076660156,15916700,0.0,0.0
2021-05-10 00:00:00-04:00,312.1694082519749,312.3977933814333,302.7154276382799,303.8475341796875,24239200,0.0,0.0
2021-05-11 00:00:00-04:00,298.66372208325555,304.71147261940786,297.6110776402006,304.40362548828125,18920100,0.0,0.0
2021-05-12 00:00:00-04:00,299.0411002600775,302.84451865074016,296.1214922814983,300.45123291015625,24645500,0.0,0.0
2021-05-13 00:00:00-04:00,303.9567447761737,306.71745902247187,300.66970829138313,303.1424560546875,18079200,0.0,0.0
2021-05-14 00:00:00-04:00,307.3927244979176,314.65201248518645,306.93589370512785,313.7483215332031,19245700,0.0,0.0
2021-05-17 00:00:00-04:00,311.37497404625395,313.490203645759,309.4186382055632,313.271728515625,15401300,0.0,0.0
2021-05-18 00:00:00-04:00,313.4007953447419,314.304486446428,307.66089155963004,307.8098449707031,14522400,0.0,0.0
2021-05-19 00:00:00-04:00,302.0798556016258,312.4772270849574,301.4641613514185,311.4146423339844,19106200,0.0,0.0
2021-05-20 00:00:00-04:00,311.4047347873846,317.0354162827345,310.9876652282522,316.39984130859375,17320200,0.0,0.0
2021-05-21 00:00:00-04:00,317.07514782686013,317.7106924961839,313.6192770874103,314.036376953125,13600900,0.0,0.0
2021-05-24 00:00:00-04:00,316.002603774066,323.68893285411247,315.82385968766243,322.3780822753906,16445400,0.0,0.0
2021-05-25 00:00:00-04:00,324.81104721709437,326.89648567144167,322.5468646881719,325.5161437988281,16437000,0.0,0.0
2021-05-26 00:00:00-04:00,326.0723009791142,327.5420150886895,323.55985234776074,325.3870849609375,9686900,0.0,0.0
2021-05-27 00:00:00-04:00,325.72475244764274,331.46465693402735,324.493363691151,330.4418029785156,20477700,0.0,0.0
2021-05-28 00:00:00-04:00,328.7039190666391,330.5609424009443,326.05242698912605,326.4496765136719,12037400,0.0,0.0
2021-06-01 00:00:00-04:00,327.85974563220555,329.1209550465971,324.37411508635194,326.8468322753906,11765900,0.0,0.0
2021-06-02 00:00:00-04:00,328.0882389524726,329.5678934861235,324.8508430835817,326.86676025390625,11654300,0.0,0.0
2021-06-03 00:00:00-04:00,323.520083700462,325.1089906636587,321.23605077615906,323.7782897949219,12610800,0.0,0.0
2021-06-04 00:00:00-04:00,323.6392374927423,330.15372858687806,322.9242308943187,328.0583801269531,13289400,0.0,0.0
2021-06-07 00:00:00-04:00,327.1944541755547,335.347494066772,326.6482512651954,334.24517822265625,20136700,0.0,0.0
2021-06-08 00:00:00-04:00,334.3643962293605,335.9532731268308,329.93531247530376,331.3653259277344,14580500,0.0,0.0
2021-06-09 00:00:00-04:00,333.4110444850718,334.46368910126915,327.7108711514123,327.9591369628906,13727900,0.0,0.0
2021-06-10 00:00:00-04:00,328.49537952813114,331.6235225004314,326.2708973852136,330.1537780761719,13240200,0.0,0.0
2021-06-11 00:00:00-04:00,330.2729174472799,330.52118322602627,326.64824313875914,328.96209716796875,13587900,0.0,0.0
2021-06-14 00:00:00-04:00,329.59762560722135,334.4835092274623,327.5221274355902,334.433837890625,12250800,0.0,0.0
2021-06-15 00:00:00-04:00,334.65235745209895,337.5620556551971,332.7059620693409,334.4140319824219,15795200,0.0,0.0
2021-06-16 00:00:00-04:00,334.3643964351676,335.2084759227616,326.4397410735605,328.7833557128906,17232200,0.0,0.0
2021-06-17 00:00:00-04:00,328.1974001777303,335.6354630864585,327.8597623748833,334.1756591796875,17794100,0.0,0.0
2021-06-18 00:00:00-04:00,332.20938115350015,333.8181384467664,326.71774369511525,327.3731689453125,23039500,0.0,0.0
2021-06-21 00:00:00-04:00,328.7932669596741,330.61058945270315,325.3771273795917,329.9849548339844,11337500,0.0,0.0
2021-06-22 00:00:00-04:00,330.3822054708277,337.56206346990325,330.2928334176298,336.67822265625,15345300,0.0,0.0
2021-06-23 00:00:00-04:00,336.99602822981143,341.037803030044,335.8540115254253,338.2274169921875,14817800,0.0,0.0
2021-06-24 00:00:00-04:00,339.47864729083625,342.5074778063374,339.41906592570973,340.7994079589844,12329100,0.0,0.0
2021-06-25 00:00:00-04:00,340.2134607194923,341.73284594721446,337.32364365776994,339.0019226074219,14594400,0.0,0.0
2021-06-28 00:00:00-04:00,340.0843790089774,355.65563137017324,339.39916304899543,353.1729736328125,29156100,0.0,0.0
2021-06-29 00:00:00-04:00,353.7985962511624,354.26533714219687,346.6286791220538,349.4490051269531,21417300,0.0,0.0
2021-06-30 00:00:00-04:00,349.72705702806195,350.4718543781205,344.76174136100525,345.2979736328125,15107500,0.0,0.0
2021-07-01 00:00:00-04:00,344.41417567697727,352.2097276177686,344.0963881893645,351.9316711425781,17137000,0.0,0.0
2021-07-02 00:00:00-04:00,352.63675169325717,353.9674527570495,350.17394402400754,352.2395324707031,11521300,0.0,0.0
2021-07-06 00:00:00-04:00,354.02702092017273,356.30114407035626,346.7577912256229,350.33282470703125,13488500,0.0,0.0
2021-07-07 00:00:00-04:00,352.79561580909495,354.0170640582016,347.57209406891997,348.0586853027344,14218900,0.0,0.0
2021-07-08 00:00:00-04:00,343.331720320965,345.9136601651972,340.1836969240964,343.25225830078125,14406500,0.0,0.0
2021-07-09 00:00:00-04:00,342.92456873238206,348.2771632659908,342.8748973921492,347.98919677734375,13018700,0.0,0.0
2021-07-12 00:00:00-04:00,348.7935700152841,351.7330283603502,347.21460329360013,350.7101745605469,10018600,0.0,0.0
2021-07-13 00:00:00-04:00,349.0616794159111,356.00318078237416,346.38039692535693,349.6475830078125,11456000,0.0,0.0
2021-07-14 00:00:00-04:00,352.10048763359197,352.7360626317846,344.32481607097134,345.21856689453125,13894200,0.0,0.0
2021-07-15 00:00:00-04:00,346.807456771449,346.807456771449,337.8599480408071,342.0705261230469,14781600,0.0,0.0
2021-07-16 00:00:00-04:00,342.5174133110356,343.5899081740883,337.7805130149065,338.7934265136719,11026100,0.0,0.0
2021-07-19 00:00:00-04:00,335.22830411094054,337.4329053142274,332.21932425430794,334.61260986328125,14372300,0.0,0.0
2021-07-20 00:00:00-04:00,336.4498015039066,341.067569648738,332.1796418476506,339.28997802734375,11024300,0.0,0.0
2021-07-21 00:00:00-04:00,339.13104771021216,344.11621354828037,338.88278193590014,343.8282470703125,9279700,0.0,0.0
2021-07-22 00:00:00-04:00,344.2751207728499,349.1014233736785,342.8153167504496,348.75384521484375,12385400,0.0,0.0
2021-07-23 00:00:00-04:00,358.4064175626375,372.7263709130637,354.712221510125,367.2248229980469,33694300,0.0,0.0
2021-07-26 00:00:00-04:00,367.01625509949724,371.8425576289156,365.6657038011167,369.87628173828125,14925200,0.0,0.0
2021-07-27 00:00:00-04:00,369.33010978819533,370.5614983630885,362.0211494423419,365.258544921875,15705400,0.0,0.0
2021-07-28 00:00:00-04:00,371.96173241744225,374.93098154905937,364.3846557059322,370.69061279296875,29676900,0.0,0.0
2021-07-29 00:00:00-04:00,358.49581371263974,362.9844484478987,354.26535480030867,355.83441162109375,33413200,0.0,0.0
2021-07-30 00:00:00-04:00,351.54436646173724,358.22769258735656,350.49172191318684,353.8283996582031,15976200,0.0,0.0
2021-08-02 00:00:00-04:00,355.61593858624593,356.906908626089,348.3069776627504,349.50860595703125,13180400,0.0,0.0
2021-08-03 00:00:00-04:00,350.28321268932035,351.3159766538201,345.2881057311439,348.80352783203125,12406100,0.0,0.0
2021-08-04 00:00:00-04:00,349.97535634826033,357.9794435460874,349.07166517355284,356.4302673339844,14180600,0.0,0.0
2021-08-05 00:00:00-04:00,357.14529157643096,361.37572052950645,354.42427758876784,360.4521789550781,10247200,0.0,0.0
2021-08-06 00:00:00-04:00,358.892993928078,362.6169805079333,358.892993928078,360.9883728027344,8925000,0.0,0.0
2021-08-09 00:00:00-04:00,361.23667258484005,363.2426493012661,358.2475427107706,359.1015625,7798900,0.0,0.0
2021-08-10 00:00:00-04:00,359.3200344847057,361.5743072827586,356.5494100527903,358.6249084472656,7469900,0.0,0.0
2021-08-11 00:00:00-04:00,359.5881210428261,359.84629681675466,355.3278722554093,357.46295166015625,8400300,0.0,0.0
2021-08-12 00:00:00-04:00,355.9635215765759,360.48194708294784,354.6327901991576,360.1343688964844,7170700,0.0,0.0
2021-08-13 00:00:00-04:00,360.4521707685684,362.13045009347235,358.97251621695744,360.66070556640625,7195700,0.0,0.0
2021-08-16 00:00:00-04:00,360.00522845589376,364.4045210745695,354.90089981921847,364.0172119140625,11222100,0.0,0.0
2021-08-17 00:00:00-04:00,360.462075868413,362.1403550292865,352.60694265481555,355.9635009765625,12328700,0.0,0.0
2021-08-18 00:00:00-04:00,353.77872178787584,357.3636649551706,352.68634634012676,352.9842834472656,10042400,0.0,0.0
2021-08-19 00:00:00-04:00,348.912718284329,355.08957183761447,348.5651401460842,352.65655517578125,12004500,0.0,0.0
2021-08-20 00:00:00-04:00,352.14017520075987,357.4927694576704,350.85911533837884,356.8770751953125,8697700,0.0,0.0
2021-08-23 00:00:00-04:00,356.94661777356487,363.1532624039116,356.6089799423798,360.8294982910156,10942000,0.0,0.0
2021-08-24 00:00:00-04:00,361.1373145898699,365.40747360841516,359.32993255449776,362.9744873046875,9235100,0.0,0.0
2021-08-25 00:00:00-04:00,363.06390941492083,368.2874012019985,362.8652846539713,365.8345642089844,9684500,0.0,0.0
2021-08-26 00:00:00-04:00,365.82460856264174,366.877253078658,361.6040901691806,361.85235595703125,7888700,0.0,0.0
2021-08-27 00:00:00-04:00,362.5673710076073,371.14742107472495,361.5544271740296,370.0451354980469,11219100,0.0,0.0
2021-08-30 00:00:00-04:00,369.97559188303035,378.84363823095765,367.94973464178105,378.0194091796875,13547300,0.0,0.0
2021-08-31 00:00:00-04:00,377.3143442669874,380.10484920750287,376.17229743518845,376.748291015625,12345400,0.0,0.0
2021-09-01 00:00:00-04:00,376.9568229863813,381.6639324386178,376.18223497138194,379.3997497558594,11567200,0.0,0.0
2021-09-02 00:00:00-04:00,378.85358112737276,379.10184690792806,371.4651890735768,372.6767272949219,14832900,0.0,0.0
2021-09-03 00:00:00-04:00,372.1504282729059,374.54371418349507,370.5217901040204,373.64996337890625,7509600,0.0,0.0
2021-09-07 00:00:00-04:00,373.27261388392714,380.3034882580951,370.5615403403471,379.5289001464844,10793800,0.0,0.0
2021-09-08 00:00:00-04:00,377.5228966613497,378.22796302326014,372.1901523111581,374.95086669921875,11067200,0.0,0.0
2021-09-09 00:00:00-04:00,375.0204414441472,377.1952222029841,373.9578564332591,375.3779296875,9098900,0.0,0.0
2021-09-10 00:00:00-04:00,378.71457215753986,381.1277387962936,375.6361004436162,376.0631103515625,11549600,0.0,0.0
2021-09-13 00:00:00-04:00,379.0323434951405,379.1018651904603,371.7532037928041,373.8982238769531,13026300,0.0,0.0
2021-09-14 00:00:00-04:00,374.7819897915199,375.9637372479582,372.5078669166244,373.91802978515625,8711600,0.0,0.0
2021-09-15 00:00:00-04:00,374.38479292291254,374.9409058407148,365.11952742999154,371.326171875,17940300,0.0,0.0
2021-09-16 00:00:00-04:00,370.20405180545896,370.9686995861751,367.1454000708248,370.47216796875,11934200,0.0,0.0
2021-09-17 00:00:00-04:00,368.83359750741874,368.83359750741874,359.08170985434447,362.19000244140625,26299000,0.0,0.0
2021-09-20 00:00:00-04:00,356.80754673058533,358.5255567412185,347.3734476237028,353.2325439453125,19822800,0.0,0.0
2021-09-21 00:00:00-04:00,356.0131576959178,357.5424835116956,352.72612092380973,355.000244140625,11751900,0.0,0.0
2021-09-22 00:00:00-04:00,344.821357224308,347.4132377150089,338.32671519635454,340.8292236328125,43692900,0.0,0.0
2021-09-23 00:00:00-04:00,342.9642756764454,347.24440574358306,340.6206611842172,343.56011962890625,21806300,0.0,0.0
2021-09-24 00:00:00-04:00,340.8589909880195,351.8919385080049,339.9950308835849,350.5115661621094,18801900,0.0,0.0
2021-09-27 00:00:00-04:00,347.3834211027895,352.6863747332731,344.67234776955803,351.12725830078125,15205800,0.0,0.0
2021-09-28 00:00:00-04:00,345.5561863357287,347.1748841230016,336.56897692930727,338.2869567871094,21710300,0.0,0.0
2021-09-29 00:00:00-04:00,340.7695406367151,342.83512851615535,336.5291728075035,337.25408935546875,14452200,0.0,0.0
2021-09-30 00:00:00-04:00,338.0883500451467,340.422024123598,335.80428669427346,337.03570556640625,16547100,0.0,0.0
2021-10-01 00:00:00-04:00,339.2403025206699,342.6266516425788,336.2909339336575,340.630615234375,14905300,0.0,0.0
2021-10-04 00:00:00-04:00,333.2024859034126,333.6096454418782,320.4614987024491,323.9670104980469,42885000,0.0,0.0
2021-10-05 00:00:00-04:00,326.3006776114081,332.85490048506125,323.8974817514608,330.6502990722656,35377900,0.0,0.0
2021-10-06 00:00:00-04:00,327.4526216500832,332.0604490478025,323.53995055480846,331.3255920410156,26443000,0.0,0.0
2021-10-07 00:00:00-04:00,334.66227881082483,336.4895113551633,326.6979233231299,326.9362487792969,28307500,0.0,0.0
2021-10-08 00:00:00-04:00,329.21042279615267,331.08729666562687,326.429827385161,327.7605285644531,15946100,0.0,0.0
2021-10-11 00:00:00-04:00,325.3572222732436,328.16757711407166,323.05330893376976,323.1923522949219,14708200,0.0,0.0
2021-10-12 00:00:00-04:00,320.7892212601343,322.12986271225867,315.168479613975,321.5240783691406,31658700,0.0,0.0
2021-10-13 00:00:00-04:00,324.7018630148336,324.73165369743293,320.4217632147295,322.2887268066406,14761500,0.0,0.0
2021-10-14 00:00:00-04:00,326.08217302467506,328.2271928788079,324.8309341725073,326.2510070800781,14302200,0.0,0.0
2021-10-15 00:00:00-04:00,326.3999927716936,326.78730195164854,320.27281003421854,322.5072021484375,21596400,0.0,0.0
2021-10-18 00:00:00-04:00,326.66816609552274,333.5600274303866,325.2282122699886,333.0138244628906,21585000,0.0,0.0
2021-10-19 00:00:00-04:00,337.2938929273335,340.0843979551159,334.94033811013963,337.63153076171875,18786300,0.0,0.0
2021-10-20 00:00:00-04:00,341.0675687432612,341.5938910279222,337.0953159364956,338.41607666015625,13639500,0.0,0.0
2021-10-21 00:00:00-04:00,337.9195461799882,339.93546327387196,335.4567385215077,339.5084533691406,16354400,0.0,0.0
2021-10-22 00:00:00-04:00,324.08613514392806,327.3433807629827,318.8824641103329,322.3581848144531,35224500,0.0,0.0
2021-10-25 00:00:00-04:00,318.07812790884657,327.27390275405656,317.50216459273884,326.4099426269531,38409000,0.0,0.0
2021-10-26 00:00:00-04:00,325.9829107086796,327.9193656165144,307.4523491823087,313.6192626953125,65654000,0.0,0.0
2021-10-27 00:00:00-04:00,312.01053497096626,317.03543243091343,309.89530546712155,310.05419921875,29971800,0.0,0.0
2021-10-28 00:00:00-04:00,310.81882690664725,323.2619070153959,305.9726738656549,314.7215881347656,50806800,0.0,0.0
2021-10-29 00:00:00-04:00,317.96888127486596,323.73857554960784,317.3829776736138,321.325439453125,37059400,0.0,0.0
2021-11-01 00:00:00-04:00,323.77830788954685,331.1369092399776,323.73857687912965,327.69097900390625,31518900,0.0,0.0
2021-11-02 00:00:00-04:00,329.0812646943905,332.46761360260626,321.5538292016757,325.80413818359375,28353000,0.0,0.0
2021-11-03 00:00:00-04:00,325.2182246298572,329.84590230841843,320.95800575490676,329.319580078125,20786500,0.0,0.0
2021-11-04 00:00:00-04:00,331.69303111979514,334.9303963680135,330.34244948206873,333.520263671875,22495300,0.0,0.0
2021-11-05 00:00:00-04:00,337.94935273525687,344.3844135158908,337.28401732796544,338.763671875,26872800,0.0,0.0
2021-11-08 00:00:00-05:00,342.03081085258987,342.3982393556077,335.99297015181077,336.2710266113281,18342500,0.0,0.0
2021-11-09 00:00:00-05:00,337.6415281483873,338.94243867060567,332.1498892116211,333.04364013671875,17556700,0.0,0.0
2021-11-10 00:00:00-05:00,330.1835499468234,330.87870625923074,323.25198870461344,325.3672180175781,21872600,0.0,0.0
2021-11-11 00:00:00-05:00,327.53211063613753,330.1537817149823,324.7316651495095,325.4665222167969,12376600,0.0,0.0
2021-11-12 00:00:00-05:00,327.88960087262967,339.4885718024575,327.4923816528735,338.52532958984375,25414300,0.0,0.0
2021-11-15 00:00:00-05:00,341.9513226240939,351.1967370768033,340.8192465206391,345.14898681640625,25076600,0.0,0.0
2021-11-16 00:00:00-05:00,341.4448621218174,344.24530725343476,338.5054039194174,340.5809020996094,18181100,0.0,0.0
2021-11-17 00:00:00-05:00,341.8520275379172,344.8907981611505,337.7407621147875,338.4060974121094,13602800,0.0,0.0
2021-11-18 00:00:00-05:00,337.3633994408119,340.0843826522268,332.9740471795485,336.3405456542969,17487200,0.0,0.0
2021-11-19 00:00:00-05:00,339.8262220829443,349.65754120765286,337.54215865420935,342.9046936035156,26488500,0.0,0.0
2021-11-22 00:00:00-05:00,346.6287072571534,351.3755482699117,338.1479691189288,338.6445007324219,27116800,0.0,0.0
2021-11-23 00:00:00-05:00,336.5788918252043,339.0317590592541,331.1865661032912,334.9105529785156,17225000,0.0,0.0
2021-11-24 00:00:00-05:00,333.6691950342229,339.4090984270407,330.5013213830883,338.694091796875,13566200,0.0,0.0
2021-11-26 00:00:00-05:00,333.47057540699547,335.40706056592376,329.59763539501955,330.8091735839844,14750700,0.0,0.0
2021-11-29 00:00:00-05:00,334.55310427941134,338.30688228053685,332.98404731946147,335.6851806640625,16650900,0.0,0.0
2021-11-30 00:00:00-05:00,332.6761530506527,333.4805317723644,321.1864052077006,322.2092590332031,25390000,0.0,0.0
2021-12-01 00:00:00-05:00,327.99885131334366,328.20738609874235,308.1375874041913,308.4454345703125,30329600,0.0,0.0
2021-12-02 00:00:00-05:00,309.23985058811394,312.41766470557803,305.0690036530589,308.23687744140625,24396200,0.0,0.0
2021-12-03 00:00:00-05:00,311.5537063209336,311.573556673393,297.4224070874301,304.71148681640625,27471000,0.0,0.0
2021-12-06 00:00:00-05:00,305.9925230805705,317.8794890259787,304.2149317317347,315.6649475097656,21758300,0.0,0.0
2021-12-07 00:00:00-05:00,319.33932063498895,324.27484564424213,318.7732673727845,320.5707092285156,18794000,0.0,0.0
2021-12-08 00:00:00-05:00,322.74553882599275,330.4417785979972,320.82893413037664,328.2669677734375,19937700,0.0,0.0
2021-12-09 00:00:00-05:00,327.2540480147095,333.79833071804273,325.7247222356388,327.5321044921875,16879200,0.0,0.0
2021-12-10 00:00:00-05:00,330.2530905762638,332.7059578569133,324.1060270329738,327.46258544921875,14528000,0.0,0.0
2021-12-13 00:00:00-05:00,328.65422586839105,338.7238693550957,327.3036443722298,332.1696472167969,22948700,0.0,0.0
2021-12-14 00:00:00-05:00,325.7743943146657,333.37135259151347,325.3771750669729,331.4249267578125,20461000,0.0,0.0
2021-12-15 00:00:00-05:00,330.18357510906884,339.7368382857609,321.7326278482403,339.28997802734375,24681300,0.0,0.0
2021-12-16 00:00:00-05:00,336.62852700037104,342.0704931735933,331.4248559577959,332.5768127441406,22635000,0.0,0.0
2021-12-17 00:00:00-05:00,330.4914256670543,334.77152569712786,328.4556581996595,331.4745788574219,40012600,0.0,0.0
2021-12-20 00:00:00-05:00,327.4923015750151,327.6114642812161,320.2925951185667,323.1923522949219,17901800,0.0,0.0
2021-12-21 00:00:00-05:00,324.1457435126229,333.6692153987566,321.50419192067693,331.8817138671875,16116800,0.0,0.0
2021-12-22 00:00:00-05:00,331.48445199749193,332.189548621576,325.98290422148904,328.15771484375,16764600,0.0,0.0
2021-12-23 00:00:00-05:00,327.8101307259051,334.33456247386124,326.08218034839234,332.9144592285156,13987700,0.0,0.0
2021-12-27 00:00:00-05:00,336.49945539510196,345.45687412344387,335.6652859834369,343.7785949707031,17795000,0.0,0.0
2021-12-28 00:00:00-05:00,344.2254883901896,350.26329907524985,342.80541534319065,343.8183288574219,16637600,0.0,0.0
2021-12-29 00:00:00-05:00,344.5035583071662,347.264272790598,339.27012615391544,340.56109619140625,10747000,0.0,0.0
2021-12-30 00:00:00-05:00,341.6137642117308,344.821369477675,340.8391760748815,341.97125244140625,10593300,0.0,0.0
2021-12-31 00:00:00-05:00,340.64046754852063,341.0575673531457,333.9372921371866,334.0167541503906,12870500,0.0,0.0
2022-01-03 00:00:00-05:00,335.9532641001233,338.71397854824414,334.85097850917924,336.1916198730469,14537900,0.0,0.0
2022-01-04 00:00:00-05:00,337.5918461106454,340.710048791719,329.5678785035941,334.195556640625,15998000,0.0,0.0
2022-01-05 00:00:00-05:00,330.7099111630695,333.43092506420857,321.5935978412268,321.92132568359375,20564500,0.0,0.0
2022-01-06 00:00:00-05:00,320.58066472960667,336.8172538693063,320.4813523499069,330.1537780761719,27962800,0.0,0.0
2022-01-07 00:00:00-05:00,330.43179504996147,334.6622534111411,326.59858616008637,329.4884033203125,14722000,0.0,0.0
2022-01-10 00:00:00-05:00,323.05338636520554,326.0623666414972,313.2419171246315,325.79425048828125,24942400,0.0,0.0
2022-01-11 00:00:00-05:00,324.51316123835636,332.3087126977734,323.0235665762721,332.0505065917969,16226800,0.0,0.0
2022-01-12 00:00:00-05:00,332.85490650522934,334.0366541036262,327.7406372338682,330.9482421875,14104900,0.0,0.0
2022-01-13 00:00:00-05:00,332.65630784591855,333.30179283796394,323.50026430952033,324.21527099609375,14797100,0.0,0.0
2022-01-14 00:00:00-05:00,319.55777267625143,330.4218850489652,318.9817791263499,329.5976257324219,16868500,0.0,0.0
2022-01-18 00:00:00-05:00,321.04738263480675,321.9609837284619,315.4365821014618,315.9430236816406,22645600,0.0,0.0
2022-01-19 00:00:00-05:00,317.3631065456677,324.83096079185947,317.1148407594168,317.373046875,20814700,0.0,0.0
2022-01-20 00:00:00-05:00,321.65315473896703,325.54597570040505,313.78811140295323,314.36407470703125,16925000,0.0,0.0
2022-01-21 00:00:00-05:00,312.6261943760006,316.10191525145456,300.9378525135199,301.06695556640625,28710700,0.0,0.0
2022-01-24 00:00:00-05:00,295.77392053287866,307.38283100711567,287.00518638419567,306.5685119628906,38878100,0.0,0.0
2022-01-25 00:00:00-05:00,297.8693071627254,304.1057425994434,295.51572201501665,298.0679016113281,25108500,0.0,0.0
2022-01-26 00:00:00-05:00,304.8803074843086,305.37683902690725,288.83240439081436,292.586181640625,28348800,0.0,0.0
2022-01-27 00:00:00-05:00,295.68454210791685,299.6170635525719,292.218761538942,292.59613037109375,21629900,0.0,0.0
2022-01-28 00:00:00-05:00,293.5692847644114,299.80571931014885,290.99725518246254,299.6170349121094,21871600,0.0,0.0
2022-01-31 00:00:00-05:00,298.5942235776512,311.61329736004865,297.2436722273169,311.08697509765625,21579500,0.0,0.0
2022-02-01 00:00:00-05:00,312.37796724392655,317.4425957787455,309.95489053794864,316.78717041015625,18023800,0.0,0.0
2022-02-02 00:00:00-05:00,325.54597109978323,325.72471519446594,314.6719174183467,320.7593994140625,58458300,0.0,0.0
2022-02-03 00:00:00-05:00,242.95287599915073,246.27964337200504,234.11462066512175,236.1106719970703,188119900,0.0,0.0
2022-02-04 00:00:00-05:00,233.34003882664075,240.92704033727873,228.51375153368647,235.44532775878906,89342200,0.0,0.0
2022-02-07 00:00:00-05:00,236.05109323987932,236.64693715449368,222.45605712612533,223.34982299804688,88613800,0.0,0.0
2022-02-08 00:00:00-05:00,219.31799930165315,224.20386810473175,214.65059044744515,218.6526336669922,94729700,0.0,0.0
2022-02-09 00:00:00-05:00,222.6447597583816,231.75114721199498,220.6685737472987,230.39065551757812,86563300,0.0,0.0
2022-02-10 00:00:00-05:00,226.686524634217,233.36983524763434,225.12740824872546,226.4879150390625,49310400,0.0,0.0
2022-02-11 00:00:00-05:00,226.87521985005384,228.82161518931338,217.2524352504062,218.0270233154297,46156900,0.0,0.0
2022-02-14 00:00:00-05:00,217.78865142579465,219.46693037667484,213.29007709682466,216.1898193359375,38184000,0.0,0.0
2022-02-15 00:00:00-05:00,218.94062722166285,219.6159028696756,213.5681521071551,219.46694946289062,42685500,0.0,0.0
2022-02-16 00:00:00-05:00,210.93654707270989,215.95151900472374,210.8868908846818,215.0378875732422,45817500,0.0,0.0
2022-02-17 00:00:00-05:00,212.5353757176675,215.99123117362203,205.72296202717726,206.26914978027344,38747500,0.0,0.0
2022-02-18 00:00:00-05:00,207.9375094283715,209.2880760292688,203.75670655664874,204.72991943359375,37128400,0.0,0.0
2022-02-22 00:00:00-05:00,200.9363830884198,206.04072679270618,198.67220044312174,200.67819213867188,39852400,0.0,0.0
2022-02-23 00:00:00-05:00,202.74376108492856,205.50447522195893,196.67614508887834,197.0733642578125,44481400,0.0,0.0
2022-02-24 00:00:00-05:00,189.7346534758809,206.90472477172978,188.90048402059335,206.15992736816406,49957200,0.0,0.0
2022-02-25 00:00:00-05:00,203.5183647840356,209.8541125423845,201.77056393873042,209.01992797851562,37627600,0.0,0.0
2022-02-28 00:00:00-05:00,206.23934870344502,211.67140537212006,205.39525411367887,209.5661163330078,34239800,0.0,0.0
2022-03-01 00:00:00-05:00,208.41416290445198,210.28112651537154,200.81723570545105,202.07843017578125,27094900,0.0,0.0
2022-03-02 00:00:00-05:00,203.3594795827409,207.6991608900357,200.61863062333498,206.6663818359375,29452100,0.0,0.0
2022-03-03 00:00:00-05:00,207.57006201226622,207.62964337626647,200.02277607812186,201.56202697753906,27263500,0.0,0.0
2022-03-04 00:00:00-05:00,200.96616870266408,204.46175495320406,197.41100109237203,198.6721954345703,32130900,0.0,0.0
2022-03-07 00:00:00-05:00,199.39713300609475,199.49644537718342,185.98085599196915,186.16954040527344,38560600,0.0,0.0
2022-03-08 00:00:00-05:00,186.54690946667915,195.33550881323646,184.81897421696758,188.969970703125,37508100,0.0,0.0
2022-03-09 00:00:00-05:00,194.38219787476945,197.71889086123977,192.5748155619996,197.123046875,31894700,0.0,0.0
2022-03-10 00:00:00-05:00,193.4884065766853,194.91841983418425,189.74456968088708,193.85585021972656,24853000,0.0,0.0
2022-03-11 00:00:00-05:00,191.30368493188337,192.21730121306823,185.37509670416912,186.30857849121094,34694500,0.0,0.0
2022-03-14 00:00:00-04:00,185.73259210732104,190.95609860681984,184.5309942307977,185.3353729248047,31010500,0.0,0.0
2022-03-15 00:00:00-04:00,189.47641279792902,190.9461417126308,184.62033560655019,190.6978759765625,31721700,0.0,0.0
2022-03-16 00:00:00-04:00,193.34939124128513,202.31675022563442,193.17064714865197,202.2174530029297,40640300,0.0,0.0
2022-03-17 00:00:00-04:00,200.3008320695021,206.5968487329181,199.71492845430384,206.3982391357422,29499700,0.0,0.0
2022-03-18 00:00:00-04:00,205.26615383037955,215.2960978900843,204.57101264324805,214.98825073242188,52128000,0.0,0.0
2022-03-21 00:00:00-04:00,213.01203315188104,213.22058306841436,206.189694561412,210.02291870117188,30142300,0.0,0.0
2022-03-22 00:00:00-04:00,209.90376791475666,217.93766087896697,208.72202025875447,215.1471405029297,31998800,0.0,0.0
2022-03-23 00:00:00-04:00,211.85014499977373,215.29607503983217,210.6882630346818,211.979248046875,23717300,0.0,0.0
2022-03-24 00:00:00-04:00,213.5085991824731,219.13926600302517,213.30004923225587,218.04690551757812,31502300,0.0,0.0
2022-03-25 00:00:00-04:00,218.98033986256667,223.93573021234633,217.37158248115725,220.28126525878906,40039000,0.0,0.0
2022-03-28 00:00:00-04:00,220.58912249182504,222.48586159323668,218.01707741553452,222.0389862060547,26224100,0.0,0.0
2022-03-29 00:00:00-04:00,224.50180014859438,229.28835679181603,223.7271969282728,228.2655029296875,31417900,0.0,0.0
2022-03-30 00:00:00-04:00,227.32206885833335,229.5465204163885,225.13733315541214,226.26942443847656,25588000,0.0,0.0
2022-03-31 00:00:00-04:00,226.86528669666313,226.9050177106061,220.71822301847524,220.81753540039062,24192300,0.0,0.0
2022-04-01 00:00:00-04:00,222.99234595192877,225.70340426165572,221.15517295953632,223.29026794433594,19544800,0.0,0.0
2022-04-04 00:00:00-04:00,224.41241418163085,232.72436333956819,224.29325144843688,232.26754760742188,28054800,0.0,0.0
2022-04-05 00:00:00-04:00,232.45623274206918,235.2169471910092,229.417461812872,230.2317657470703,29727200,0.0,0.0
2022-04-06 00:00:00-04:00,225.33596570060982,227.40153889568887,219.8741183102283,221.75100708007812,28995100,0.0,0.0
2022-04-07 00:00:00-04:00,222.3766247719894,223.95560670287298,217.04388048466566,221.40342712402344,21037200,0.0,0.0
2022-04-08 00:00:00-04:00,220.83737591189984,223.568299423111,218.5036715775069,220.7877197265625,18375700,0.0,0.0
2022-04-11 00:00:00-04:00,216.90486095018167,219.07967176886117,213.72706176092154,214.95846557617188,20516600,0.0,0.0
2022-04-12 00:00:00-04:00,218.71224794767295,220.48982443539919,211.65156788222686,212.65455627441406,20128800,0.0,0.0
2022-04-13 00:00:00-04:00,210.3506487834351,215.1074147194503,209.86404237313155,213.4986572265625,19231800,0.0,0.0
2022-04-14 00:00:00-04:00,213.399334103251,213.49864647682404,208.54325603316772,208.7220001220703,18379500,0.0,0.0
2022-04-18 00:00:00-04:00,208.543274705327,211.89983321381135,206.85507027401516,209.3079376220703,16580800,0.0,0.0
2022-04-19 00:00:00-04:00,209.0596591305934,216.91477715151493,207.5501988958004,215.80255126953125,20089900,0.0,0.0
2022-04-20 00:00:00-04:00,212.12819758778258,212.674385292964,197.54009903644246,199.02969360351562,43036500,0.0,0.0
2022-04-21 00:00:00-04:00,200.20157219849636,201.56206410356293,184.29269350368875,186.7654266357422,49954100,0.0,0.0
2022-04-22 00:00:00-04:00,189.04942502299562,191.3831294620627,181.99868582411173,182.83285522460938,36426800,0.0,0.0
2022-04-25 00:00:00-04:00,181.46242757918057,185.88155562508723,180.39985787402478,185.69288635253906,29281100,0.0,0.0
2022-04-26 00:00:00-04:00,185.33538515455388,185.8914981079493,178.25483986956792,179.6947784423828,31747400,0.0,0.0
2022-04-27 00:00:00-04:00,173.21999209687453,179.95297396586366,167.8276666489614,173.73638916015625,71062900,0.0,0.0
2022-04-28 00:00:00-04:00,201.51236675769346,207.08345147435523,191.5618700393527,204.30287170410156,100890600,0.0,0.0
2022-04-29 00:00:00-04:00,203.04171931279444,211.0060756892692,198.51333815204498,199.0793914794922,49193400,0.0,0.0
2022-05-02 00:00:00-04:00,199.77450522946864,210.4102178692344,199.59576114199825,209.66542053222656,49915300,0.0,0.0
2022-05-03 00:00:00-04:00,208.9901168800485,213.40924444391214,206.6464874642892,210.5591583251953,41556300,0.0,0.0
2022-05-04 00:00:00-04:00,209.1887491007281,222.74407035940482,205.52435875990173,221.86024475097656,41375900,0.0,0.0
2022-05-05 00:00:00-04:00,217.22263694269984,218.64270996108357,204.72990080911183,206.83518981933594,41129200,0.0,0.0
2022-05-06 00:00:00-04:00,205.9017188084952,207.92757620794703,199.62556730800335,202.3564910888672,34747200,0.0,0.0
2022-05-09 00:00:00-04:00,198.4537315749027,201.16480482052688,194.22328811081877,194.8489227294922,36303200,0.0,0.0
2022-05-10 00:00:00-04:00,198.12602877743515,201.55210885679355,192.84294056094515,196.2789306640625,34452500,0.0,0.0
2022-05-11 00:00:00-04:00,194.9681017385989,199.27799243110317,186.96401469453613,187.43075561523438,31153400,0.0,0.0
2022-05-12 00:00:00-04:00,185.76240936095664,196.67617994764143,183.49822636026158,189.91342163085938,38262200,0.0,0.0
2022-05-13 00:00:00-04:00,191.24410785549279,198.503397232515,189.953122698784,197.24220275878906,24549800,0.0,0.0
2022-05-16 00:00:00-04:00,195.68306459946803,203.94534077095787,194.57082375014042,198.65231323242188,27112600,0.0,0.0
2022-05-17 00:00:00-04:00,200.71790023418964,204.03474236084168,196.98398859488535,201.2144317626953,24872700,0.0,0.0
2022-05-18 00:00:00-04:00,198.61262813981287,199.60569128051193,190.3006945011028,190.90646362304688,23960000,0.0,0.0
2022-05-19 00:00:00-04:00,189.8736711661357,193.93529581114845,188.28477921859724,189.96304321289062,24446900,0.0,0.0
2022-05-20 00:00:00-04:00,193.6175216415817,196.5371296980073,186.56676728554785,192.1974334716797,31465600,0.0,0.0
2022-05-23 00:00:00-04:00,193.83599542267453,195.62351209328918,189.91339907653796,194.8687744140625,25059200,0.0,0.0
2022-05-24 00:00:00-04:00,179.29755957893033,182.40583701791712,174.88835665003077,180.02249145507812,50406300,0.0,0.0
2022-05-25 00:00:00-04:00,179.14859492045568,184.16356710269176,178.07610000083076,182.5548095703125,28030200,0.0,0.0
2022-05-26 00:00:00-04:00,181.61138743549637,191.49236240543442,180.99567799980568,190.30068969726562,23056500,0.0,0.0
2022-05-27 00:00:00-04:00,190.0325607294829,193.97502255882603,188.48338467468687,193.7764129638672,22562700,0.0,0.0
2022-05-31 00:00:00-04:00,193.53806654327124,196.22927420586925,190.6780399723834,192.29673767089844,26131100,0.0,0.0
2022-06-01 00:00:00-04:00,195.14683847181115,198.14589349403096,183.716686817317,187.33143615722656,36623500,0.0,0.0
2022-06-02 00:00:00-04:00,187.14275367920058,199.5461182815414,186.4277469756888,197.4805450439453,31951600,0.0,0.0
2022-06-03 00:00:00-04:00,194.6204828051221,195.24611734505245,188.46349522596773,189.45655822753906,19465000,0.0,0.0
2022-06-06 00:00:00-04:00,192.6443358781859,195.55400378462718,187.09310106659834,192.90252685546875,30574200,0.0,0.0
2022-06-07 00:00:00-04:00,190.5986047413895,195.16670133175938,190.1616696801112,194.2928009033203,18828700,0.0,0.0
2022-06-08 00:00:00-04:00,193.31958919038397,200.628534111621,193.06139824300615,195.2759246826172,22267200,0.0,0.0
2022-06-09 00:00:00-04:00,192.9323054091504,198.0664400188012,182.40583007585803,182.72361755371094,23501600,0.0,0.0
2022-06-10 00:00:00-04:00,181.77026400868175,181.829860523431,173.8059088194691,174.3520965576172,27450800,0.0,0.0
2022-06-13 00:00:00-04:00,169.4066358708141,171.38283695644884,162.89214415630036,163.12054443359375,31749300,0.0,0.0
2022-06-14 00:00:00-04:00,164.87828673909902,165.5932934763899,160.24068327688394,162.59423828125,27244300,0.0,0.0
2022-06-15 00:00:00-04:00,166.04015237028412,170.96575216430253,162.84248787819953,168.1752471923828,30008300,0.0,0.0
2022-06-16 00:00:00-04:00,162.584294783492,163.93486122919495,158.50280476509815,159.75405883789062,26944100,0.0,0.0
2022-06-17 00:00:00-04:00,160.55841872486627,164.74914580123257,158.79076779535885,162.60414123535156,31374200,0.0,0.0
2022-06-21 00:00:00-04:00,164.7789779097741,166.59628547684798,154.888076418778,155.96058654785156,50724900,0.0,0.0
2022-06-22 00:00:00-04:00,157.28133881462222,159.67460937224337,154.36173087266783,154.76889038085938,47267800,0.0,0.0
2022-06-23 00:00:00-04:00,155.18598085338266,158.64183633158527,153.1799890713429,157.64877319335938,40499200,0.0,0.0
2022-06-24 00:00:00-04:00,160.60808476606041,169.06898629668228,160.1810749228338,168.9796142578125,68736000,0.0,0.0
2022-06-27 00:00:00-04:00,170.13157730813595,170.55858716707883,166.84452572363676,168.31427001953125,29174600,0.0,0.0
2022-06-28 00:00:00-04:00,168.72141147545437,170.11170888123422,159.4958621161718,159.56536865234375,27744500,0.0,0.0
2022-06-29 00:00:00-04:00,162.43533639936211,165.17618506417662,159.20788136690297,162.80276489257812,28595200,0.0,0.0
2022-06-30 00:00:00-04:00,161.0251593299037,164.08379518713716,157.39056026746715,160.13140869140625,35250600,0.0,0.0
2022-07-01 00:00:00-04:00,159.19796310685604,159.50581028200295,153.9247998088432,158.91990661621094,31423900,0.0,0.0
2022-07-05 00:00:00-04:00,157.0429977445288,167.0828662735314,155.9307719234765,167.02328491210938,28618600,0.0,0.0
2022-07-06 00:00:00-04:00,167.0332296710171,170.39971336251205,164.31224616080019,168.59234619140625,23085900,0.0,0.0
2022-07-07 00:00:00-04:00,168.27454597600874,171.52186668535077,166.61613235121607,170.99554443359375,24083400,0.0,0.0
2022-07-08 00:00:00-04:00,168.800875159169,171.20408623734986,166.98356772070983,169.69464111328125,19249200,0.0,0.0
2022-07-11 00:00:00-04:00,165.9110745220636,166.3281592437503,160.7868648220126,161.75013732910156,21885600,0.0,0.0
2022-07-12 00:00:00-04:00,163.65679062146467,164.75909119254507,160.97552346700783,162.1374053955078,16639700,0.0,0.0
2022-07-13 00:00:00-04:00,159.04903881069237,163.83559655015827,158.50285090656632,162.35594177246094,16555100,0.0,0.0
2022-07-14 00:00:00-04:00,160.10163679992067,161.462128420122,156.18896569777073,156.95362854003906,23765200,0.0,0.0
2022-07-15 00:00:00-04:00,159.42634884359796,163.8355515824348,158.71135732791987,163.5574951171875,23342800,0.0,0.0
2022-07-18 00:00:00-04:00,165.59328022000832,170.4990146042201,164.49097951767354,166.0699462890625,23574300,0.0,0.0
2022-07-19 00:00:00-04:00,169.1881631762132,175.26571992802639,168.3341282653375,174.56063842773438,25933700,0.0,0.0
2022-07-20 00:00:00-04:00,176.2587864045491,182.32640294171296,175.47425801947045,181.81993103027344,24784300,0.0,0.0
2022-07-21 00:00:00-04:00,179.37699465061837,182.57465908137436,177.6291938767748,181.8993682861328,27195800,0.0,0.0
2022-07-22 00:00:00-04:00,171.86945307838997,174.38190172971616,167.2417749894323,168.09580993652344,42583900,0.0,0.0
2022-07-25 00:00:00-04:00,167.8276618370209,169.38677815826725,163.66672507469772,165.49395751953125,26166300,0.0,0.0
2022-07-26 00:00:00-04:00,164.78889708215877,164.84847844507803,156.85431727302677,158.04598999023438,28468400,0.0,0.0
2022-07-27 00:00:00-04:00,161.462138917526,169.68470084170153,160.89610078404186,168.40365600585938,43846600,0.0,0.0
2022-07-28 00:00:00-04:00,159.94274035613432,160.38961572025178,153.77582699484466,159.6051025390625,73214300,0.0,0.0
2022-07-29 00:00:00-04:00,156.59614559544846,159.0291475161498,154.09362197415498,157.99636840820312,42065400,0.0,0.0
2022-08-01 00:00:00-04:00,156.15920011139974,164.0441249453111,154.1532080515644,158.8206024169922,40596700,0.0,0.0
2022-08-02 00:00:00-04:00,157.2118327223143,161.11457897672165,156.9139107318116,159.07879638671875,27374500,0.0,0.0
2022-08-03 00:00:00-04:00,161.56144252689967,168.3639158538557,160.44921667380174,167.62905883789062,31721900,0.0,0.0
2022-08-04 00:00:00-04:00,167.13252231139165,170.9558061443517,165.64292766539518,169.38677978515625,23938200,0.0,0.0
2022-08-05 00:00:00-04:00,165.83161242349757,170.4195590937745,164.64986491074373,165.95077514648438,25832700,0.0,0.0
2022-08-08 00:00:00-04:00,166.8346081704295,176.2786332135897,165.97064808420234,169.06900024414062,27299100,0.0,0.0
2022-08-09 00:00:00-04:00,167.77800080416407,168.35397919679417,165.44431170704559,167.3609161376953,18655100,0.0,0.0
2022-08-10 00:00:00-04:00,174.7692005526362,179.22804468728987,172.74334310966682,177.10289001464844,30262100,0.0,0.0
2022-08-11 00:00:00-04:00,178.46337508205696,181.82985836067613,175.14653283572773,176.25877380371094,24079100,0.0,0.0
2022-08-12 00:00:00-04:00,179.5557414317746,180.20124155559793,177.6689275530866,179.24789428710938,21274000,0.0,0.0
2022-08-15 00:00:00-04:00,177.71857316609862,180.18136532983021,176.96383553717615,179.6351776123047,15878700,0.0,0.0
2022-08-16 00:00:00-04:00,178.19523068394807,179.73448139510987,175.81187034484427,178.2250213623047,21156700,0.0,0.0
2022-08-17 00:00:00-04:00,175.5338393460009,176.90427136073453,172.96180938893704,173.63710021972656,20118100,0.0,0.0
2022-08-18 00:00:00-04:00,173.13062255896347,174.54077038611848,170.66783023780124,173.4484100341797,18844500,0.0,0.0
2022-08-19 00:00:00-04:00,169.0193585513689,171.12466290092638,165.89121544108187,166.79490661621094,26240800,0.0,0.0
2022-08-22 00:00:00-04:00,164.34202175823924,164.34202175823924,161.13441695931127,161.9189453125,19499700,0.0,0.0
2022-08-23 00:00:00-04:00,161.35290814770875,163.90508790292597,159.585256823908,159.99241638183594,18111800,0.0,0.0
2022-08-24 00:00:00-04:00,159.48595067474253,164.31223827227942,158.66170642781384,162.1274871826172,20891500,0.0,0.0
2022-08-25 00:00:00-04:00,164.0341436741475,167.7084889997073,162.88220207802408,167.6091766357422,15550500,0.0,0.0
2022-08-26 00:00:00-04:00,167.31128091921585,169.73435751151283,160.54852306381065,160.6577606201172,24023600,0.0,0.0
2022-08-29 00:00:00-04:00,159.5455264556274,161.91894673546284,157.90696319573627,158.06585693359375,20052700,0.0,0.0
2022-08-30 00:00:00-04:00,159.23769841502485,160.5386088498215,154.82849515456346,156.06982421875,19567900,0.0,0.0
2022-08-31 00:00:00-04:00,165.91107021908033,166.67571794587022,161.0152609370121,161.79977416992188,40953000,0.0,0.0
2022-09-01 00:00:00-04:00,162.4452548742399,166.19903197568158,159.2376654786566,164.21290588378906,30145700,0.0,0.0
2022-09-02 00:00:00-04:00,166.28839950504363,166.76506551135236,158.11549510129598,159.20787048339844,22634200,0.0,0.0
2022-09-06 00:00:00-04:00,158.98942262661697,160.56838946048592,156.5961367043225,157.4402313232422,19339800,0.0,0.0
2022-09-07 00:00:00-04:00,156.66562873223995,159.8434427650851,155.72222182065045,159.2773895263672,16831200,0.0,0.0
2022-09-08 00:00:00-04:00,157.6090688684695,161.10464046070226,156.6457963416658,160.93582153320312,22530800,0.0,0.0
2022-09-09 00:00:00-04:00,162.11754236242328,168.3639022584355,161.88914210452134,167.9766082763672,22086800,0.0,0.0
2022-09-12 00:00:00-04:00,166.228832262736,170.20108467611442,166.11959471525049,167.78794860839844,23220400,0.0,0.0
2022-09-13 00:00:00-04:00,160.41942991441775,160.50881712269543,151.61096378106527,152.06777954101562,44444100,0.0,0.0
2022-09-14 00:00:00-04:00,152.2663791257827,152.47491390782315,148.0160699299061,150.41928100585938,43064200,0.0,0.0
2022-09-15 00:00:00-04:00,148.76086955837675,153.1303415527559,147.66849398331107,148.51260375976562,34606300,0.0,0.0
2022-09-16 00:00:00-04:00,147.02299299091143,147.5493152145355,143.28906608768818,145.2751922607422,40122800,0.0,0.0
2022-09-19 00:00:00-04:00,144.23249552916624,147.54932277133344,144.09346729604968,146.9932098388672,22169500,0.0,0.0
2022-09-20 00:00:00-04:00,144.76875195384073,147.80752291864286,144.21263898681053,145.07659912109375,23217400,0.0,0.0
2022-09-21 00:00:00-04:00,145.37452420798962,148.56226381232418,141.01497727715852,141.13414001464844,38338600,0.0,0.0
2022-09-22 00:00:00-04:00,140.56810536276214,143.5770857829286,139.89281447662037,141.8292999267578,34418500,0.0,0.0
2022-09-23 00:00:00-04:00,140.4389929946804,141.63066577922177,137.92654436335064,139.43600463867188,31710700,0.0,0.0
2022-09-26 00:00:00-04:00,139.14799788660858,141.25330198021248,135.24526714438548,135.42401123046875,30497000,0.0,0.0
2022-09-27 00:00:00-04:00,136.96325277251074,138.4528473337513,133.18961018678016,133.46766662597656,30826500,0.0,0.0
2022-09-28 00:00:00-04:00,133.6861535620933,141.04475498386643,133.33859055874663,140.62767028808594,32658500,0.0,0.0
2022-09-29 00:00:00-04:00,138.3932939070833,138.86996002006063,134.26214718676619,135.46376037597656,38985400,0.0,0.0
2022-09-30 00:00:00-04:00,135.10625901635723,140.0119939257211,134.5600711949405,134.7388153076172,33166400,0.0,0.0
2022-10-03 00:00:00-04:00,136.18866414251312,138.651456228818,135.1558852524302,137.64846801757812,27723100,0.0,0.0
2022-10-04 00:00:00-04:00,139.51544995703262,141.4022639154571,138.37341822182503,139.30690002441406,34670700,0.0,0.0
2022-10-05 00:00:00-04:00,137.28107304772033,139.23740891821345,133.84506743749563,138.01593017578125,27979300,0.0,0.0
2022-10-06 00:00:00-04:00,136.76465957644757,140.46878091958473,135.6524336864408,138.1053009033203,36231100,0.0,0.0
2022-10-07 00:00:00-04:00,135.8113133948686,137.3306988296089,131.5212883888198,132.52427673339844,33214800,0.0,0.0
2022-10-10 00:00:00-04:00,132.62358250842252,135.1658216673534,130.9552285897862,132.86190795898438,24024000,0.0,0.0
2022-10-11 00:00:00-04:00,130.7069748223476,131.7397690461667,126.10909488859417,127.6483383178711,38481400,0.0,0.0
2022-10-12 00:00:00-04:00,127.42985852953849,128.77048456243003,125.37421073165594,126.61553955078125,34605200,0.0,0.0
2022-10-13 00:00:00-04:00,122.6730980553919,130.23030974729153,121.68003483781214,129.38619995117188,34325700,0.0,0.0
2022-10-14 00:00:00-04:00,130.09126942927062,130.87578263105397,125.64234329376768,125.88068389892578,23559400,0.0,0.0
2022-10-17 00:00:00-04:00,129.39613707206735,133.85498111053334,129.27695918491287,133.1101837158203,29612200,0.0,0.0
2022-10-18 00:00:00-04:00,136.13903401056328,136.88383143003554,130.48850183036296,131.87879943847656,25445000,0.0,0.0
2022-10-19 00:00:00-04:00,131.9681635517954,136.0496537710444,131.30281304878633,132.30580139160156,30691000,0.0,0.0
2022-10-20 00:00:00-04:00,132.00785104247322,135.82122429746337,130.39909390787523,130.61756896972656,26356300,0.0,0.0
2022-10-21 00:00:00-04:00,125.43382311407888,129.21739186609335,124.5698628912249,129.108154296875,46348600,0.0,0.0
2022-10-24 00:00:00-04:00,126.36729258833617,132.55407210052488,123.70588290109863,128.82015991210938,63563400,0.0,0.0
2022-10-25 00:00:00-04:00,129.9721082704897,137.39029111902516,129.6841114749998,136.5561065673828,38433200,0.0,0.0
2022-10-26 00:00:00-04:00,130.76654700494944,134.6097116608422,127.63840417505021,128.91946411132812,82791500,0.0,0.0
2022-10-27 00:00:00-04:00,97.30032829256321,101.78897028259763,95.71142123185368,97.26060485839844,232316600,0.0,0.0
2022-10-28 00:00:00-04:00,98.88922490447071,100.15041170257088,96.83358459909144,98.51185607910156,95928300,0.0,0.0
2022-10-31 00:00:00-04:00,97.53866840882115,98.63103641008414,91.9576505148814,92.5137710571289,121361400,0.0,0.0
2022-11-01 00:00:00-04:00,93.6756441380607,96.81371959753587,92.90105613149628,94.53960418701172,110189600,0.0,0.0
2022-11-02 00:00:00-04:00,93.55647365415787,94.539604000825,89.85235253745208,89.91193389892578,71821100,0.0,0.0
2022-11-03 00:00:00-04:00,89.45512541093512,89.8324866594847,87.79671186073098,88.29324340820312,60664000,0.0,0.0
2022-11-04 00:00:00-04:00,89.72324423448461,90.75603070624835,87.47891964052742,90.16019439697266,55638100,0.0,0.0
2022-11-07 00:00:00-05:00,94.1225197898974,96.20795079311442,92.45417347202974,96.04906463623047,81987300,0.0,0.0
2022-11-08 00:00:00-05:00,95.2546239561724,97.12158769227108,94.13246522493209,95.80081176757812,52088300,0.0,0.0
2022-11-09 00:00:00-05:00,101.01439435093836,104.17233576863617,100.04118903856578,100.76612854003906,107677300,0.0,0.0
2022-11-10 00:00:00-05:00,106.37692154748625,111.96786404919858,103.88433105566673,111.0939712524414,80671000,0.0,0.0
2022-11-11 00:00:00-05:00,108.4723045560855,114.10297149110801,108.05521222364304,112.23600769042969,59961700,0.0,0.0
2022-11-14 00:00:00-05:00,110.22007605616892,115.46344823592956,110.03139921110841,113.42767333984375,53395000,0.0,0.0
2022-11-15 00:00:00-05:00,115.2648340397726,117.91631070591497,113.61635322887716,116.26782989501953,50670500,0.0,0.0
2022-11-16 00:00:00-05:00,113.70574420688561,115.27478598896697,111.87851143013629,112.4445571899414,33287800,0.0,0.0
2022-11-17 00:00:00-05:00,109.64411603860397,111.55079564232896,109.0383468556802,110.67689514160156,35093800,0.0,0.0
2022-11-18 00:00:00-05:00,113.01058846285041,113.52697796246153,109.85264737178989,111.2727279663086,33357700,0.0,0.0
2022-11-21 00:00:00-05:00,110.74639649912582,111.59050621756411,108.43256517321927,109.09791564941406,24351100,0.0,0.0
2022-11-22 00:00:00-05:00,109.09792004891445,110.84571334290337,107.56860186373298,110.66696166992188,29029000,0.0,0.0
2022-11-23 00:00:00-05:00,110.94500580829292,111.88841268073267,109.96187550444402,111.46139526367188,21343100,0.0,0.0
2022-11-25 00:00:00-05:00,110.52793133194992,111.94801193573602,110.24986728645337,110.63716888427734,12007600,0.0,0.0
2022-11-28 00:00:00-05:00,110.01153991004735,111.26280166148337,107.62818671851666,108.0254135131836,23309400,0.0,0.0
2022-11-29 00:00:00-05:00,108.78013809330255,110.17042801518582,107.78707494573887,108.70069122314453,23899200,0.0,0.0
2022-11-30 00:00:00-05:00,108.75034544287803,117.34034302913078,108.62124238709019,117.28075408935547,43348600,0.0,0.0
2022-12-01 00:00:00-05:00,118.37312655154591,120.35925288681662,117.57868056332005,119.60453033447266,36551400,0.0,0.0
2022-12-02 00:00:00-05:00,117.01262853139106,123.17954955964963,116.7941534340937,122.63336181640625,39950500,0.0,0.0
2022-12-05 00:00:00-05:00,120.90543576443036,123.80517827816894,120.50820899816485,121.58071899414062,35474900,0.0,0.0
2022-12-06 00:00:00-05:00,119.07821369134132,119.71377354252466,112.95100789955556,113.32837677001953,43689200,0.0,0.0
2022-12-07 00:00:00-05:00,112.97086766493533,115.07615672380238,112.09696723162085,113.13968658447266,29461100,0.0,0.0
2022-12-08 00:00:00-05:00,115.58261271516358,116.52601962232978,113.79509611830431,114.52996826171875,30619400,0.0,0.0
2022-12-09 00:00:00-05:00,114.50017198974827,116.72463108662397,113.0800915339436,115.09600830078125,26033400,0.0,0.0
2022-12-12 00:00:00-05:00,114.38102468912072,114.91727974978602,112.35517476320891,113.9142837524414,24747100,0.0,0.0
2022-12-13 00:00:00-05:00,121.28279669381777,122.44468630785089,117.81700850997686,119.31653594970703,44701100,0.0,0.0
2022-12-14 00:00:00-05:00,118.56181549227547,123.27886571815174,118.56181549227547,120.74655151367188,36922000,0.0,0.0
2022-12-15 00:00:00-05:00,117.50916975653068,117.80708416933531,113.21913705449421,115.34429168701172,34531000,0.0,0.0
2022-12-16 00:00:00-05:00,119.39597785033206,122.4546063890741,117.99575526603826,118.60152435302734,67064000,0.0,0.0
2022-12-19 00:00:00-05:00,116.01957187119426,116.98284435751376,113.53691394829686,113.68587493896484,29769900,0.0,0.0
2022-12-20 00:00:00-05:00,112.4743297898754,116.51609633840275,111.67987627248904,116.27775573730469,28742500,0.0,0.0
2022-12-21 00:00:00-05:00,115.8904666033582,119.50521586414342,114.81796415920795,118.92924499511719,20392800,0.0,0.0
2022-12-22 00:00:00-05:00,116.38698780977433,117.79714311561598,113.58655027861963,116.30754852294922,23618100,0.0,0.0
2022-12-23 00:00:00-05:00,115.22512457679196,117.36021202198714,114.7385257188311,117.22118377685547,17796600,0.0,0.0
2022-12-27 00:00:00-05:00,117.11193316595197,117.77728363300687,115.24497724188932,116.0692138671875,21392300,0.0,0.0
2022-12-28 00:00:00-05:00,115.44358202440257,117.33040337493412,114.7087174731427,114.81795501708984,19612500,0.0,0.0
2022-12-29 00:00:00-05:00,115.59254934920521,120.19042889376358,114.96691473106002,119.42577362060547,22366200,0.0,0.0
2022-12-30 00:00:00-05:00,117.34034057268906,119.58465774352183,116.92324830887503,119.50521087646484,19583800,0.0,0.0
2023-01-03 00:00:00-05:00,121.96802291246617,125.4934003317137,121.43176787093023,123.87470245361328,35528500,0.0,0.0
2023-01-04 00:00:00-05:00,126.49637537128699,128.1547965119214,124.97699003546767,126.4864501953125,32397100,0.0,0.0
2023-01-05 00:00:00-05:00,125.25503913557212,127.62846678342221,123.67607253076226,126.0594253540039,25447100,0.0,0.0
2023-01-06 00:00:00-05:00,128.07533805627122,129.42590436067437,125.16566312381781,129.11805725097656,27584500,0.0,0.0
2023-01-09 00:00:00-05:00,130.25017872090828,132.02775526038943,128.38321497323,128.5718994140625,26649100,0.0,0.0
2023-01-10 00:00:00-05:00,126.38715893557614,132.51436506456827,126.26799619221563,132.06748962402344,28684400,0.0,0.0
2023-01-11 00:00:00-05:00,130.05155039539636,132.9215021516353,129.4358409686768,131.96815490722656,25423000,0.0,0.0
2023-01-12 00:00:00-05:00,132.5143372630711,136.72491494315477,130.84598344132982,135.76165771484375,30757700,0.0,0.0
2023-01-13 00:00:00-05:00,134.03371865795077,136.43692937733704,133.9046156148341,136.02976989746094,22423800,0.0,0.0
2023-01-17 00:00:00-05:00,135.23532436232162,135.8013775971984,133.31871987147267,134.4210205078125,21147600,0.0,0.0
2023-01-18 00:00:00-05:00,134.86788336036574,136.29789650223645,131.87876919085735,132.0972442626953,20215500,0.0,0.0
2023-01-19 00:00:00-05:00,131.57095128372185,136.49653636219355,131.22337309604464,135.20555114746094,28625200,0.0,0.0
2023-01-20 00:00:00-05:00,134.9473429258723,138.9692514778715,133.67622338072326,138.4031982421875,28688600,0.0,0.0
2023-01-23 00:00:00-05:00,138.32375154454283,142.76274478209868,137.6981321000071,142.27615356445312,27470100,0.0,0.0
2023-01-24 00:00:00-05:00,140.70711051189517,143.99414688881774,140.37939787648503,142.1470489501953,21970200,0.0,0.0
2023-01-25 00:00:00-05:00,140.24036092497738,142.1768307837809,139.33666993988936,140.51841735839844,26622000,0.0,0.0
2023-01-26 00:00:00-05:00,143.3983061489729,146.48673300837004,142.3059458263939,146.2781982421875,25482100,0.0,0.0
2023-01-27 00:00:00-05:00,147.21170231500102,152.12736239461694,146.36759248742518,150.6874237060547,35771900,0.0,0.0
2023-01-30 00:00:00-05:00,148.3735602855576,150.07168968806806,145.93061841073978,146.03985595703125,28040100,0.0,0.0
2023-01-31 00:00:00-05:00,146.92367120527942,148.84029071897626,146.49666137884958,147.9365997314453,29842100,0.0,0.0
2023-02-01 00:00:00-05:00,147.00312805837234,152.51463124063147,146.03985564845766,152.0578155517578,55661000,0.0,0.0
2023-02-02 00:00:00-05:00,182.10793083625816,195.79234024734723,178.91026618373948,187.46054077148438,150475700,0.0,0.0
2023-02-03 00:00:00-05:00,182.19731291020412,195.40505696430046,181.6213344156379,185.236083984375,76809700,0.0,0.0
2023-02-06 00:00:00-05:00,185.23605849534317,189.37712979649177,184.2330702212179,184.76931762695312,42483800,0.0,0.0
2023-02-07 00:00:00-05:00,184.29264668049973,192.4357608385614,183.12082437626285,190.29074096679688,47080700,0.0,0.0
2023-02-08 00:00:00-05:00,188.68199427880654,189.50623849321948,181.65110551574864,182.15756225585938,36139100,0.0,0.0
2023-02-09 00:00:00-05:00,184.83884601456782,185.35522793422592,176.0403060395819,176.685791015625,37118800,0.0,0.0
2023-02-10 00:00:00-05:00,175.12669134476383,177.64906506091359,172.14750191549953,172.9419403076172,33433600,0.0,0.0
2023-02-13 00:00:00-05:00,176.98372003856966,179.74443444936884,174.60037448273806,178.18531799316406,31463200,0.0,0.0
2023-02-14 00:00:00-05:00,175.9311015851611,180.25091793974715,174.65998174651588,178.23500061035156,24034600,0.0,0.0
2023-02-15 00:00:00-05:00,175.1962038438669,176.95392990973855,174.1137686177919,175.9310760498047,25308900,0.0,0.0
2023-02-16 00:00:00-05:00,171.5516826433843,174.63018489092622,170.59833522160218,171.24383544921875,25827500,0.0,0.0
2023-02-17 00:00:00-05:00,169.03923414918862,171.97869299695236,168.5228369964408,171.6807861328125,24171300,0.0,0.0
2023-02-21 00:00:00-05:00,173.10083331965035,176.9340576419765,170.68769716550068,170.8863067626953,34592600,0.0,0.0
2023-02-22 00:00:00-05:00,169.88329659386315,171.56156035426773,168.5128647895113,169.9329376220703,22433200,0.0,0.0
2023-02-23 00:00:00-05:00,170.80688752886633,172.48516692963835,168.20506653289178,170.8466033935547,20017800,0.0,0.0
2023-02-24 00:00:00-05:00,167.4701777271182,169.53575100498932,166.49698003228437,169.20803833007812,19791300,0.0,0.0
2023-02-27 00:00:00-05:00,170.68770143860985,171.91909006380854,167.88725604335212,168.36392211914062,19277000,0.0,0.0
2023-02-28 00:00:00-05:00,170.70755046716732,176.31836639072463,170.67775978472054,173.72647094726562,46051100,0.0,0.0
2023-03-01 00:00:00-05:00,173.37887720914978,176.61627250504657,171.8495667534545,172.2169952392578,30998400,0.0,0.0
2023-03-02 00:00:00-05:00,171.18424084023994,173.79598677627365,170.2408186692047,173.31932067871094,17352000,0.0,0.0
2023-03-03 00:00:00-05:00,177.67885893450952,185.3254422430507,175.8218356725193,183.96495056152344,45877700,0.0,0.0
2023-03-06 00:00:00-05:00,186.6958724355289,188.34436090331448,183.35917964120182,183.61737060546875,33209400,0.0,0.0
2023-03-07 00:00:00-05:00,187.68896217489066,189.03952885803406,182.73357089309718,183.2301025390625,36701500,0.0,0.0
2023-03-08 00:00:00-05:00,181.60143591417528,183.9748560081389,180.08205065313675,183.68687438964844,19432400,0.0,0.0
2023-03-09 00:00:00-05:00,185.05731952586282,187.6194090554493,179.04928458509838,180.4296417236328,26582800,0.0,0.0
2023-03-10 00:00:00-05:00,179.7543499292982,183.48827695906897,177.55968891934018,178.26475524902344,25665000,0.0,0.0
2023-03-13 00:00:00-04:00,176.7255332709814,182.50515320013594,173.6073154373622,179.64512634277344,24728000,0.0,0.0
2023-03-14 00:00:00-04:00,186.2787741315394,192.97202473741814,185.26584554838433,192.67410278320312,41642600,0.0,0.0
2023-03-15 00:00:00-04:00,191.61154367511813,196.40804080618722,189.51617969222386,196.3782501220703,42123600,0.0,0.0
2023-03-16 00:00:00-04:00,196.88466397431856,204.3326364383573,194.729719093076,203.50839233398438,50447100,0.0,0.0
2023-03-17 00:00:00-04:00,199.16872616449064,200.49942703670612,194.0743077851282,194.25306701660156,50141100,0.0,0.0
2023-03-20 00:00:00-04:00,197.10318624110985,197.97708673508296,192.2967638301425,196.43783569335938,25186300,0.0,0.0
2023-03-21 00:00:00-04:00,201.79043897159778,202.1380171523649,196.57685717774208,200.75765991210938,31827000,0.0,0.0
2023-03-22 00:00:00-04:00,201.095277091243,205.9314895234594,198.28490670909648,198.42393493652344,28477800,0.0,0.0
2023-03-23 00:00:00-04:00,201.4329169992156,206.43796354444146,200.74770103087417,202.86293029785156,27389700,0.0,0.0
2023-03-24 00:00:00-04:00,203.7566883902138,206.14004902497825,202.13800577125969,204.5809326171875,27716400,0.0,0.0
2023-03-27 00:00:00-04:00,203.3892733555036,204.43199275525842,199.9632083159738,201.4329376220703,18527200,0.0,0.0
2023-03-28 00:00:00-04:00,198.76156536376755,199.63546570535854,196.5271734791504,199.2878875732422,19127300,0.0,0.0
2023-03-29 00:00:00-04:00,202.14791521864234,204.29293507714553,201.1349866488592,203.92550659179688,18851100,0.0,0.0
2023-03-30 00:00:00-04:00,201.9691860222498,206.6465049204473,201.4130730889809,206.3982391357422,22608300,0.0,0.0
2023-03-31 00:00:00-04:00,205.8023942409932,210.69818785889007,205.33565339003295,210.46978759765625,25440300,0.0,0.0
2023-04-03 00:00:00-04:00,207.3913118002008,212.00906469957744,206.7557519682816,211.59197998046875,17924600,0.0,0.0
2023-04-04 00:00:00-04:00,211.90973875725146,214.73997471291952,211.06562904333202,213.2305145263672,21026400,0.0,0.0
2023-04-05 00:00:00-04:00,212.6644774037662,213.69727161345537,208.48368983343693,210.01300048828125,19396600,0.0,0.0
2023-04-06 00:00:00-04:00,207.79847830477047,215.43513687339265,207.20263431297062,214.60096740722656,26104400,0.0,0.0
2023-04-10 00:00:00-04:00,213.22058382610507,214.16399073590577,209.19867526017546,213.2602996826172,16106100,0.0,0.0
2023-04-11 00:00:00-04:00,213.98525990439575,214.52152253260653,211.9296269041005,212.3665771484375,16710100,0.0,0.0
2023-04-12 00:00:00-04:00,213.34968761381884,215.3358139520289,211.1053703067004,212.51551818847656,18972200,0.0,0.0
2023-04-13 00:00:00-04:00,214.2335100899121,219.61591056926196,214.19379423102393,218.82147216796875,23310400,0.0,0.0
2023-04-14 00:00:00-04:00,216.36859383639296,220.56924652131391,216.04088119388985,219.95355224609375,21591200,0.0,0.0
2023-04-17 00:00:00-04:00,218.26535363457387,219.4471012647374,215.62381704396694,217.34181213378906,15481900,0.0,0.0
2023-04-18 00:00:00-04:00,218.38451654561058,218.91083879225266,214.71018599535682,216.37852478027344,12281000,0.0,0.0
2023-04-19 00:00:00-04:00,211.98919349384875,215.82241788882212,211.45293090302494,214.20372009277344,15898100,0.0,0.0
2023-04-20 00:00:00-04:00,211.99912436985045,215.24644522576878,211.29405799455063,211.59197998046875,16475400,0.0,0.0
2023-04-21 00:00:00-04:00,208.75179104036965,211.92958977941137,208.12615646803314,211.41319274902344,17717200,0.0,0.0
2023-04-24 00:00:00-04:00,212.1977294176344,212.43607003183712,209.24834576393567,211.31390380859375,15750900,0.0,0.0
2023-04-25 00:00:00-04:00,209.3575962553831,209.79453134567675,205.69319053263195,206.1102752685547,19198200,0.0,0.0
2023-04-26 00:00:00-04:00,211.0259200488981,212.6247523316215,207.43103628335922,207.94741821289062,41992700,0.0,0.0
2023-04-27 00:00:00-04:00,238.22589653598078,240.01341307215787,235.12754464190036,236.90512084960938,71196500,0.0,0.0
2023-04-28 00:00:00-04:00,237.35199823747706,238.76214597455458,234.1146180934489,238.65292358398438,39554000,0.0,0.0
2023-05-01 00:00:00-04:00,236.96473723497323,242.30742212922294,234.81973222744224,241.49310302734375,29143900,0.0,0.0
2023-05-02 00:00:00-04:00,241.4930850874803,243.2210203916547,237.3321632942295,237.58042907714844,24350100,0.0,0.0
2023-05-03 00:00:00-04:00,237.80884937482688,240.07303229342506,231.13546335592423,235.38577270507812,34463900,0.0,0.0
2023-05-04 00:00:00-04:00,234.4224897541913,236.54764433430736,231.3141971795904,231.90011596679688,17889400,0.0,0.0
2023-05-05 00:00:00-04:00,230.62898999634135,233.0520513390073,228.25556968851794,231.1652374267578,27000500,0.0,0.0
2023-05-08 00:00:00-04:00,229.81466736120282,233.98552946998953,228.67265082469316,231.65184020996094,16400500,0.0,0.0
2023-05-09 00:00:00-04:00,229.8544052930158,234.24374263445586,229.4770364439114,231.7511444091797,16865600,0.0,0.0
2023-05-10 00:00:00-04:00,234.53169591700546,235.1076742975232,229.1195053893188,231.463134765625,19119000,0.0,0.0
2023-05-11 00:00:00-04:00,231.43335944398112,236.55756869790676,230.68856211589681,234.1543426513672,20449000,0.0,0.0
2023-05-12 00:00:00-04:00,235.0977780320759,235.31625313958426,229.84446542827206,232.18809509277344,16161400,0.0,0.0
2023-05-15 00:00:00-04:00,235.2765038997963,238.59333096163286,233.6975372339025,237.2030487060547,20653200,0.0,0.0
2023-05-16 00:00:00-04:00,234.1543500950929,237.9776492286438,233.8862339585763,237.16334533691406,18163800,0.0,0.0
2023-05-17 00:00:00-04:00,236.79590818162305,242.14851802395924,236.48806102557035,240.80789184570312,21193100,0.0,0.0
2023-05-18 00:00:00-04:00,239.6261309972125,245.37595972538801,239.51689344921203,245.13763427734375,22943300,0.0,0.0
2023-05-19 00:00:00-04:00,245.75334256589562,246.9648808389927,241.72150854192458,243.93603515625,21733600,0.0,0.0
2023-05-22 00:00:00-04:00,243.70762529469803,251.8110240364493,243.4196285026219,246.59744262695312,27738500,0.0,0.0
2023-05-23 00:00:00-04:00,245.09791840756068,249.8646246511215,244.93902466375565,245.02841186523438,17748100,0.0,0.0
2023-05-24 00:00:00-04:00,243.5785163383719,247.85861588162453,243.2508036965043,247.48126220703125,17724300,0.0,0.0
2023-05-25 00:00:00-04:00,251.64221545279156,253.84681702714616,247.44156224887473,250.93714904785156,22371400,0.0,0.0
2023-05-26 00:00:00-04:00,251.17549796287173,260.4904367426102,250.95703797343333,260.2223205566406,25727200,0.0,0.0
2023-05-30 00:00:00-04:00,263.4100175767866,266.78642644402095,259.47749573404934,260.6989440917969,23816500,0.0,0.0
2023-05-31 00:00:00-04:00,258.19640791321996,263.16172345001263,256.6571722191666,262.8836669921875,25473700,0.0,0.0
2023-06-01 00:00:00-04:00,264.055458030824,272.0992747694921,264.0455480083558,270.7189025878906,25609500,0.0,0.0
2023-06-02 00:00:00-04:00,270.7685739237483,273.43991594358334,269.23924834633203,270.7189025878906,19416900,0.0,0.0
2023-06-05 00:00:00-04:00,268.42498069214497,273.65844334404306,267.6901235950495,269.5074462890625,20742900,0.0,0.0
2023-06-06 00:00:00-04:00,268.26610579564505,274.65149486016855,267.81921523595554,269.2392883300781,19419000,0.0,0.0
2023-06-07 00:00:00-04:00,269.785480795916,272.3475704025808,260.97698514947285,261.7714538574219,26163600,0.0,0.0
2023-06-08 00:00:00-04:00,258.8121074074924,265.79333998070234,257.0841872637423,262.74462890625,20899400,0.0,0.0
2023-06-09 00:00:00-04:00,260.6592238964262,266.09128048444296,259.88463585946414,263.1120910644531,16949800,0.0,0.0
2023-06-12 00:00:00-04:00,265.31670951302914,269.86492565217327,263.4894465487271,269.1697692871094,15442500,0.0,0.0
2023-06-13 00:00:00-04:00,272.9731990602745,273.8073684559375,267.22335503008594,269.4378967285156,16164000,0.0,0.0
2023-06-14 00:00:00-04:00,270.0039631439923,273.0824347639781,266.45872031027324,271.4538269042969,19175100,0.0,0.0
2023-06-15 00:00:00-04:00,270.41104955005704,282.0199587352708,269.53717954510836,279.87493896484375,25973500,0.0,0.0
2023-06-16 00:00:00-04:00,282.7747066945792,285.85320824566975,278.1867602004858,279.05072021484375,43127700,0.0,0.0
2023-06-20 00:00:00-04:00,276.79644620287564,282.8243152603429,274.30384850734583,282.3575744628906,20701600,0.0,0.0
2023-06-21 00:00:00-04:00,281.5631526174152,282.0298934420368,276.4290035465778,279.686279296875,20556200,0.0,0.0
2023-06-22 00:00:00-04:00,277.14408447077557,283.2812385210114,275.8630546708009,282.90386962890625,17563100,0.0,0.0
2023-06-23 00:00:00-04:00,279.55722497559066,287.66062414590505,277.0149856640273,286.7271423339844,51092000,0.0,0.0
2023-06-26 00:00:00-04:00,286.6973149655046,287.7797500544625,275.67430903748084,276.53826904296875,24232700,0.0,0.0
2023-06-27 00:00:00-04:00,280.05376019304254,287.34284037830906,278.70317849421707,285.05877685546875,26108300,0.0,0.0
2023-06-28 00:00:00-04:00,282.8442637293146,287.5414332003297,282.08952601055387,283.3110046386719,16722100,0.0,0.0
2023-06-29 00:00:00-04:00,282.52648638101715,284.58213452194684,278.74291793339063,279.57708740234375,15395700,0.0,0.0
2023-06-30 00:00:00-04:00,282.78471709314834,287.044936861355,282.4470792053626,284.98931884765625,19694900,0.0,0.0
2023-07-03 00:00:00-04:00,284.711255772928,287.39250845739946,282.8740826355262,284.03594970703125,8629300,0.0,0.0
2023-07-05 00:00:00-04:00,285.6545575178564,296.05192803540166,284.3734977997515,292.32794189453125,33865500,0.0,0.0
2023-07-06 00:00:00-04:00,293.8374787010274,296.0519901953358,289.28923236805707,289.9645080566406,47600500,0.0,0.0
2023-07-07 00:00:00-04:00,290.1531659549426,294.14529896689464,286.657594793173,288.5146179199219,25586000,0.0,0.0
2023-07-10 00:00:00-04:00,293.4998295255578,296.0619496653583,285.05879195490223,292.0599060058594,37058300,0.0,0.0
2023-07-11 00:00:00-04:00,291.86123320884525,298.0976681402498,289.8751070484504,296.2207946777344,27585900,0.0,0.0
2023-07-12 00:00:00-04:00,299.65677735101224,307.3033750097444,298.018229368678,307.1941223144531,36677100,0.0,0.0
2023-07-13 00:00:00-04:00,311.4444967143283,314.04631762297777,308.1376093722849,311.2359619140625,30281000,0.0,0.0
2023-07-14 00:00:00-04:00,309.6271439820355,312.69570524056013,305.2278515366638,306.7273864746094,23054100,0.0,0.0
2023-07-17 00:00:00-04:00,305.40661961180007,309.5476755688944,302.5962342022979,308.4652404785156,25323100,0.0,0.0
2023-07-18 00:00:00-04:00,308.7234481355329,312.0204247595342,305.48605287050566,309.88531494140625,20731900,0.0,0.0
2023-07-19 00:00:00-04:00,310.85856245874305,316.4693633002309,308.3659642076415,313.8179016113281,21763700,0.0,0.0
2023-07-20 00:00:00-04:00,311.32532347756353,313.3511809580892,300.12357142400333,300.4214782714844,23836900,0.0,0.0
2023-07-21 00:00:00-04:00,302.45725946043933,303.34106992998585,289.1800096167301,292.2187805175781,42139300,0.0,0.0
2023-07-24 00:00:00-04:00,293.7282143136056,295.45613447918595,286.30009111687883,289.5871276855469,24915700,0.0,0.0
2023-07-25 00:00:00-04:00,293.1423138094745,296.23072566058914,289.83539654714053,292.42730712890625,19585600,0.0,0.0
2023-07-26 00:00:00-04:00,299.1006606584719,299.6766238894275,289.8750964937067,296.49884033203125,47256900,0.0,0.0
2023-07-27 00:00:00-04:00,322.864647320073,323.093062726987,307.6906454407034,309.54766845703125,64229200,0.0,0.0
2023-07-28 00:00:00-04:00,314.68184950652267,323.93720515221605,312.0700886254892,323.2221984863281,39220300,0.0,0.0
2023-07-31 00:00:00-04:00,321.4445798465396,323.40091525977414,315.3868892035892,316.389892578125,25799600,0.0,0.0
2023-08-01 00:00:00-04:00,315.33728544494596,321.89150838566957,312.47725868492967,320.4714050292969,22817900,0.0,0.0
2023-08-02 00:00:00-04:00,315.794074554509,316.1813837210688,308.49505450598787,312.1296691894531,20461100,0.0,0.0
2023-08-03 00:00:00-04:00,307.7800604286639,313.7583200966404,307.7800604286639,311.0174560546875,15180200,0.0,0.0
2023-08-04 00:00:00-04:00,312.775192593197,316.20127292650494,308.0482321333323,308.5745544433594,17612800,0.0,0.0
2023-08-07 00:00:00-04:00,311.0571876851378,314.87054662167225,308.30638330815515,314.36407470703125,16236500,0.0,0.0
2023-08-08 00:00:00-04:00,312.21905352423573,315.68486458374076,307.9588040537876,310.4712829589844,15183500,0.0,0.0
2023-08-09 00:00:00-04:00,310.70958057750164,311.4543778857234,300.749159121118,303.0927734375,19955800,0.0,0.0
2023-08-10 00:00:00-04:00,305.80389184171617,310.17336396926396,301.76211724373354,303.619140625,14358900,0.0,0.0
2023-08-11 00:00:00-04:00,300.47108772957597,302.60616717912757,298.27639661692143,299.54754638671875,14046300,0.0,0.0
2023-08-14 00:00:00-04:00,298.89215897523803,304.08585987444496,296.1810856549344,304.0660095214844,15641900,0.0,0.0
2023-08-15 00:00:00-04:00,304.0163753659542,305.09881059151013,297.9487435991702,299.8554382324219,11623600,0.0,0.0
2023-08-16 00:00:00-04:00,298.1175725827558,298.99144270611146,292.2386253443514,292.2485656738281,18547700,0.0,0.0
2023-08-17 00:00:00-04:00,291.01710842759655,293.99629751358816,282.97332214012204,283.1123352050781,23950100,0.0,0.0
2023-08-18 00:00:00-04:00,277.0944282615069,283.7082329242501,272.4766903630633,281.28515625,35347900,0.0,0.0
2023-08-21 00:00:00-04:00,281.4837682910043,288.4848515328741,279.8948611542594,287.8890075683594,20181500,0.0,0.0
2023-08-22 00:00:00-04:00,290.5205630066512,290.8681411112214,284.7608098384595,285.60491943359375,12980200,0.0,0.0
2023-08-23 00:00:00-04:00,286.4987104393685,295.3369661560445,285.6744813834375,292.1988830566406,18287000,0.0,0.0
2023-08-24 00:00:00-04:00,296.4293565159792,297.3826886744035,284.65164185583643,284.7608642578125,18360900,0.0,0.0
2023-08-25 00:00:00-04:00,284.145165887689,286.3894983198096,274.1152219434127,283.51953125,23701400,0.0,0.0
2023-08-28 00:00:00-04:00,286.0021582885092,289.4282379320253,283.81740745700915,288.2464904785156,14239300,0.0,0.0
2023-08-29 00:00:00-04:00,286.57815408473397,297.074838985224,286.1809348809312,295.9228820800781,20844500,0.0,0.0
2023-08-30 00:00:00-04:00,295.1085653050081,296.22079109242657,291.3944888220246,293.05291748046875,17717000,0.0,0.0
2023-08-31 00:00:00-04:00,293.7480915365374,299.01134484309773,293.609078443291,293.8374938964844,17229900,0.0,0.0
2023-09-01 00:00:00-04:00,297.2932845068725,299.6468391187103,292.4272815563122,294.32403564453125,12842300,0.0,0.0
2023-09-05 00:00:00-04:00,294.9596090695169,299.2993205385484,293.4601043049184,298.0679016113281,14956000,0.0,0.0
2023-09-06 00:00:00-04:00,299.6170852336197,301.19605206197497,293.60906508325564,297.0947265625,15418100,0.0,0.0
2023-09-07 00:00:00-04:00,295.93283987371177,304.92004990188514,290.1929356682624,296.59820556640625,33748700,0.0,0.0
2023-09-08 00:00:00-04:00,297.144338453534,303.13250766294516,294.72126209393633,295.8235778808594,17548000,0.0,0.0
2023-09-11 00:00:00-04:00,299.3191810869582,306.8962581098335,299.19007802273353,305.426513671875,19489300,0.0,0.0
2023-09-12 00:00:00-04:00,304.20509392762295,306.51894859004165,298.1474315131777,299.5675048828125,13480400,0.0,0.0
2023-09-13 00:00:00-04:00,300.26256497984866,305.04913672382065,299.22980110519165,302.94384765625,13210900,0.0,0.0
2023-09-14 00:00:00-04:00,304.61221231602815,310.699694901637,302.9140826402241,309.55767822265625,19343100,0.0,0.0
2023-09-15 00:00:00-04:00,309.448440324331,309.83574955810434,296.6776608348835,298.2268371582031,28131100,0.0,0.0
2023-09-18 00:00:00-04:00,296.1214922814983,301.49396736300946,295.7341831203548,300.45123291015625,14234200,0.0,0.0
2023-09-19 00:00:00-04:00,300.3817663465524,304.04617196316946,297.73027427943487,302.95379638671875,15924400,0.0,0.0
2023-09-20 00:00:00-04:00,302.93390184979273,305.92303162981295,297.3528917945429,297.59124755859375,19379500,0.0,0.0
2023-09-21 00:00:00-04:00,293.64876766916143,298.1771329325282,291.2356013293581,293.6785583496094,21319600,0.0,0.0
2023-09-22 00:00:00-04:00,297.22375462122136,303.2615948527905,296.2009009061398,297.0052795410156,25369600,0.0,0.0
2023-09-25 00:00:00-04:00,293.58919436823385,298.86235709344436,291.6626494973639,298.7431640625,18987000,0.0,0.0
2023-09-26 00:00:00-04:00,295.5951993800877,298.21687050123535,293.95665114113496,296.88616943359375,19417200,0.0,0.0
2023-09-27 00:00:00-04:00,298.365813825326,299.2098931966896,284.8005685468743,295.6745910644531,36429800,0.0,0.0
2023-09-28 00:00:00-04:00,296.8662747588232,304.2049950422856,294.6418231934781,301.8514404296875,22167100,0.0,0.0
2023-09-29 00:00:00-04:00,305.2477791028233,308.48517491583306,297.2833926385552,298.12750244140625,25373700,0.0,0.0
2023-10-02 00:00:00-04:00,300.63993566847256,305.0491385865239,299.53765009190124,304.691650390625,16265600,0.0,0.0
2023-10-03 00:00:00-04:00,302.14939381555854,304.64196163237807,297.561447061845,298.8524169921875,17362300,0.0,0.0
2023-10-04 00:00:00-04:00,296.65771733695345,304.77102497821284,296.429301939581,303.4601745605469,16880500,0.0,0.0
2023-10-05 00:00:00-04:00,302.51682647716126,304.0858528897177,297.42240776565654,302.67572021484375,19130000,0.0,0.0
2023-10-06 00:00:00-04:00,299.3489394320778,314.11578268990155,298.82261720809345,313.24188232421875,21803900,0.0,0.0
2023-10-09 00:00:00-04:00,310.33224509730616,318.1079164958756,309.6569694053864,316.1515808105469,22503700,0.0,0.0
2023-10-10 00:00:00-04:00,316.9063193123349,322.40789785267475,315.9529871386854,319.6074523925781,19038000,0.0,0.0
2023-10-11 00:00:00-04:00,320.7693282869798,326.55887294556385,320.70974692421356,325.54595947265625,22036300,0.0,0.0
2023-10-12 00:00:00-04:00,325.72473608028565,328.24712514411596,320.4515728078469,321.911376953125,20530500,0.0,0.0
2023-10-13 00:00:00-04:00,321.28572429519977,322.7951693946369,310.20313574623543,312.5070495605469,21341000,0.0,0.0
2023-10-16 00:00:00-04:00,316.42964290324574,319.58757630951493,313.3312605530342,318.9222106933594,16536100,0.0,0.0
2023-10-17 00:00:00-04:00,315.9728369140066,322.1496911366315,315.0989364623092,321.7524719238281,16387800,0.0,0.0
2023-10-18 00:00:00-04:00,319.1606238075437,323.679049633278,313.3710478829819,314.7712707519531,16851000,0.0,0.0
2023-10-19 00:00:00-04:00,317.6610392954345,319.65710588726887,309.5874311888656,310.64007568359375,18709200,0.0,0.0
2023-10-20 00:00:00-04:00,311.96087906686824,313.1128056759852,304.3440712111467,306.5089416503906,22312300,0.0,0.0
2023-10-23 00:00:00-04:00,307.35303227179605,315.1584937626349,305.12858060525525,311.8317565917969,17796800,0.0,0.0
2023-10-24 00:00:00-04:00,314.58253436849895,316.14165074242743,308.47520223338284,310.3818664550781,19525500,0.0,0.0
2023-10-25 00:00:00-04:00,307.84958205293754,308.723482489642,296.76699346232584,297.45220947265625,42192500,0.0,0.0
2023-10-26 00:00:00-04:00,292.95362577078447,292.95362577078447,277.46183475359373,286.3497619628906,66684100,0.0,0.0
2023-10-27 00:00:00-04:00,292.4372388367085,297.2337203774448,290.93770382583693,294.671630859375,29596300,0.0,0.0
2023-10-30 00:00:00-04:00,297.015243248038,307.2537215329918,296.97551223781545,300.56048583984375,28435100,0.0,0.0
2023-10-31 00:00:00-04:00,301.20597199311294,301.5734004979503,294.8007027575976,299.18011474609375,19434200,0.0,0.0
2023-11-01 00:00:00-04:00,299.75613549484945,310.5705780744768,299.75613549484945,309.686767578125,20434600,0.0,0.0
2023-11-02 00:00:00-04:00,315.0989201697946,316.60839552863507,306.1911426491428,308.7135314941406,21631800,0.0,0.0
2023-11-03 00:00:00-04:00,310.38183567622644,313.3610247448418,308.8624504634677,312.4176330566406,16764300,0.0,0.0
2023-11-06 00:00:00-05:00,313.78808835480413,316.1217623884559,312.2687030283649,313.60931396484375,12887700,0.0,0.0
2023-11-07 00:00:00-05:00,314.86059760841897,318.77326881523226,312.93405268705885,316.6083984375,14055600,0.0,0.0
2023-11-08 00:00:00-05:00,315.9330988711721,319.10094217538756,312.6957035729342,317.56170654296875,13609700,0.0,0.0
2023-11-09 00:00:00-05:00,317.2042495782576,321.9312096368401,316.588524958862,318.3263854980469,16103100,0.0,0.0
2023-11-10 00:00:00-05:00,317.7206747914282,326.8171382608574,317.24399349706147,326.4894104003906,19096200,0.0,0.0
2023-11-13 00:00:00-05:00,323.9372447169332,330.0246969908441,323.4407130912518,326.906494140625,16908900,0.0,0.0
2023-11-14 00:00:00-05:00,332.21930963664073,335.75461154677186,331.0176815678501,333.9770202636719,17179400,0.0,0.0
2023-11-15 00:00:00-05:00,335.58586052661127,336.05260147153103,327.73072649515404,330.4020690917969,14531200,0.0,0.0
2023-11-16 00:00:00-05:00,327.0852237219549,332.25907454606346,324.1159744301697,331.8717956542969,18932600,0.0,0.0
2023-11-17 00:00:00-05:00,327.96901069081383,333.1726513447855,327.06531968384377,332.7158508300781,14494400,0.0,0.0
2023-11-20 00:00:00-05:00,332.56694665905934,339.4985083381047,331.8717903028424,337.6116943359375,16960500,0.0,0.0
2023-11-21 00:00:00-05:00,335.9830671620636,337.542183696788,333.5699308017252,334.6424560546875,12027900,0.0,0.0
2023-11-22 00:00:00-05:00,336.8569718191688,340.5412582451984,336.2313371315077,339.12115478515625,10702700,0.0,0.0
2023-11-24 00:00:00-05:00,337.7706031488248,339.48858315052064,334.4338949183931,335.8837890625,5467500,0.0,0.0
2023-11-27 00:00:00-05:00,333.84794886953887,337.5421448490172,331.8817033085443,332.37823486328125,15684500,0.0,0.0
2023-11-28 00:00:00-05:00,331.0872990616779,337.02582852199123,331.0872990616779,336.6385192871094,12637200,0.0,0.0
2023-11-29 00:00:00-05:00,337.3336016539062,337.5421364160391,328.4854059328464,329.89556884765625,16024500,0.0,0.0
2023-11-30 00:00:00-05:00,329.5877553439527,331.18657252656726,320.1635651009382,324.880615234375,23146400,0.0,0.0
2023-12-01 00:00:00-05:00,323.2221671824359,324.5925687122736,318.5349084502138,322.5667419433594,15276400,0.0,0.0
2023-12-04 00:00:00-05:00,315.08900590564207,318.6342182124183,311.4841819302408,317.800048828125,19037100,0.0,0.0
2023-12-05 00:00:00-05:00,316.76727772927734,319.6471546506567,313.20218484619875,316.0820617675781,16952100,0.0,0.0
2023-12-06 00:00:00-05:00,319.69682854269684,320.01461603995,314.8407652561851,315.2479248046875,11294300,0.0,0.0
2023-12-07 00:00:00-05:00,315.56566907383996,325.96304155910934,315.56566907383996,324.3244934082031,15905100,0.0,0.0
2023-12-08 00:00:00-05:00,320.8488081569184,330.85890288636153,320.7594360993555,330.4418029785156,14087400,0.0,0.0
2023-12-11 00:00:00-05:00,327.11500554193907,327.60162710830497,317.78021770794487,323.0235900878906,25802500,0.0,0.0
2023-12-12 00:00:00-05:00,322.3482881257028,332.1498160678182,322.3085571160803,331.90155029296875,18485500,0.0,0.0
2023-12-13 00:00:00-05:00,331.61352908803747,336.0227313491347,330.33249960438513,332.41790771484375,16353300,0.0,0.0
2023-12-14 00:00:00-05:00,331.5341318558429,332.3782415771225,326.3602814366217,330.8588562011719,19607300,0.0,0.0
2023-12-15 00:00:00-05:00,329.6870425102997,336.31078739773227,328.9223947553969,332.59674072265625,31776900,0.0,0.0
2023-12-18 00:00:00-05:00,335.1389757459189,345.1490393508373,334.682144858999,342.22943115234375,18993900,0.0,0.0
2023-12-19 00:00:00-05:00,343.182755230737,351.14714120990925,342.72595466047795,347.9295959472656,17729400,0.0,0.0
2023-12-20 00:00:00-05:00,346.23145156558394,352.49767744349367,345.37743182713814,346.8570861816406,16369900,0.0,0.0
2023-12-21 00:00:00-05:00,350.53147289681993,353.93767253205505,346.7876050912574,351.6337585449219,15289600,0.0,0.0
2023-12-22 00:00:00-05:00,353.1133483277579,354.7221359363727,348.7836079478467,350.9385681152344,11772800,0.0,0.0
2023-12-26 00:00:00-05:00,352.5274545211747,354.5036706665009,350.99815919191883,352.3685607910156,9898600,0.0,0.0
2023-12-27 00:00:00-05:00,353.6000077612428,356.50967555573715,352.84527005939833,355.3477783203125,13207900,0.0,0.0
2023-12-28 00:00:00-05:00,357.20484368034937,359.38956452775494,355.32793969331226,355.83441162109375,11798800,0.0,0.0
2023-12-29 00:00:00-05:00,356.4997453113809,357.5027488323767,349.3794992017642,351.504638671875,14987100,0.0,0.0
2024-01-02 00:00:00-05:00,348.8829543501039,350.71018691578075,337.65141250884125,343.8878479003906,19042200,0.0,0.0
2024-01-03 00:00:00-05:00,342.58694677323774,345.5363456303031,340.79941486556845,342.0804748535156,15451100,0.0,0.0
2024-01-04 00:00:00-05:00,342.1102764024705,345.7349510637001,341.0179008085137,344.71209716796875,12099900,0.0,0.0
2024-01-05 00:00:00-05:00,344.58299065641415,351.0478417972967,343.8580739149464,349.50860595703125,13920700,0.0,0.0
2024-01-08 00:00:00-05:00,352.2395060594666,356.4898150644595,349.60786450736515,356.1720275878906,13890200,0.0,0.0
2024-01-09 00:00:00-05:00,353.92767724109865,358.13828532721635,352.89488314761167,354.9505310058594,13463900,0.0,0.0
2024-01-10 00:00:00-05:00,357.671577377967,370.35298322336445,356.58911184712105,367.9001159667969,22117200,0.0,0.0
2024-01-11 00:00:00-05:00,369.54857861141966,370.19406356936474,360.41238591073494,367.10565185546875,17205400,0.0,0.0
2024-01-12 00:00:00-05:00,367.5922316147304,374.44436077359,366.97653735694337,371.8921813964844,19310000,0.0,0.0
2024-01-16 00:00:00-05:00,371.05804360841296,373.00443891602794,364.6825950936139,364.9109802246094,15306900,0.0,0.0
2024-01-17 00:00:00-05:00,363.758988413489,365.9834702860252,356.12233102281436,365.81463623046875,12724800,0.0,0.0
2024-01-18 00:00:00-05:00,368.9130159917957,374.2358501785285,368.37678371670535,373.5208435058594,16354300,0.0,0.0
2024-01-19 00:00:00-05:00,376.3709566896328,381.6937609498175,375.3481027952974,380.79010009765625,21670800,0.0,0.0
2024-01-22 00:00:00-05:00,385.25883486628504,387.6421802024165,378.51592805242285,379.1316223144531,17680500,0.0,0.0
2024-01-23 00:00:00-05:00,381.95193000664796,385.68585701267045,379.42954121177866,382.5279235839844,15506100,0.0,0.0
2024-01-24 00:00:00-05:00,387.29462029869575,393.4019524806912,385.1198096217787,387.9897766113281,15698500,0.0,0.0
2024-01-25 00:00:00-05:00,387.463476105673,392.74654921576047,382.98475144483166,390.45257568359375,15091100,0.0,0.0
2024-01-26 00:00:00-05:00,391.6144490770692,394.0375255245111,388.8735851564818,391.4059143066406,13163700,0.0,0.0
2024-01-29 00:00:00-05:00,392.2499898127957,400.13491336467393,390.3731162858589,398.2381591796875,18742400,0.0,0.0
2024-01-30 00:00:00-05:00,400.7903320803033,403.54110595161325,396.79822933650826,397.2848205566406,18614700,0.0,0.0
2024-01-31 00:00:00-05:00,386.3015482973079,395.2391162527726,384.41473445677485,387.43365478515625,20180800,0.0,0.0
2024-02-01 00:00:00-05:00,391.20733442299183,397.72182684014746,390.3234935943001,392.04150390625,29727100,0.0,0.0
2024-02-02 00:00:00-05:00,456.41184183690996,482.5889726143862,449.86755914254087,471.695068359375,84707600,0.0,0.0
2024-02-05 00:00:00-05:00,466.6204856916062,468.6264622065812,456.034429603673,456.2231140136719,40832400,0.0,0.0
2024-02-06 00:00:00-05:00,460.7812674472568,463.87961939666826,449.85757360691235,451.5656433105469,21655200,0.0,0.0
2024-02-07 00:00:00-05:00,454.82286176626843,468.2490628454098,453.0154798019961,466.33245849609375,23066000,0.0,0.0
2024-02-08 00:00:00-05:00,465.07134622371103,467.32558868611034,461.8041599426537,466.73968505859375,18815100,0.0,0.0
2024-02-09 00:00:00-05:00,469.6692454531746,470.30479013249504,464.22724828942955,464.86279296875,18413100,0.0,0.0
2024-02-12 00:00:00-05:00,464.9422419936449,475.82620571090297,463.34339455149507,465.6473083496094,19382000,0.0,0.0
2024-02-13 00:00:00-05:00,453.7007370395461,464.64431187911475,451.93308592056786,456.9281921386719,20916600,0.0,0.0
2024-02-14 00:00:00-05:00,464.68402390922387,470.8211467892726,462.8567913837344,469.9969177246094,16858400,0.0,0.0
2024-02-15 00:00:00-05:00,471.9830306082493,485.230488771925,468.9442599360806,480.6723327636719,24212300,0.0,0.0
2024-02-16 00:00:00-05:00,474.79343304710864,475.63754283013776,465.9551766088898,470.03668212890625,23324600,0.0,0.0
2024-02-20 00:00:00-05:00,466.46162208862637,472.8768015252767,463.32353891098256,468.4775390625,18015500,0.0,0.0
2024-02-21 00:00:00-05:00,463.7554917524033,466.2407837767999,459.0732100730906,465.2764892578125,12921800,0.5,0.0
2024-02-22 00:00:00-05:00,477.41462669114475,487.1072651737646,473.25922588434,483.2699890136719,21625800,0.0,0.0
2024-02-23 00:00:00-05:00,485.1786810525682,491.45155549063116,479.51223362447035,481.1823425292969,18374300,0.0,0.0
2024-02-26 00:00:00-05:00,480.6256863855537,483.2799917884191,477.7725758106708,478.9058532714844,12101400,0.0,0.0
2024-02-27 00:00:00-05:00,477.1562177404633,484.40330775112943,477.09657315636196,484.1846008300781,10809600,0.0,0.0
2024-02-28 00:00:00-05:00,482.1466391666725,488.16103356126894,479.90987640765184,481.1723937988281,12715500,0.0,0.0
2024-02-29 00:00:00-05:00,485.5664001835374,488.8072305793803,479.77068239389234,487.2464599609375,17732000,0.0,0.0
2024-03-01 00:00:00-05:00,489.21485597042096,501.2834497695719,488.95640620477013,499.34490966796875,16273600,0.0,0.0
2024-03-04 00:00:00-05:00,500.040763224294,501.45242246523446,493.49948786126953,495.2590637207031,12324100,0.0,0.0
2024-03-05 00:00:00-05:00,492.0878762070277,492.66445067283536,485.01971945649547,487.33599853515625,15325300,0.0,0.0
2024-03-06 00:00:00-05:00,494.7023656575051,500.01094591801206,491.38201906781137,493.1714172363281,11757900,0.0,0.0
2024-03-07 00:00:00-05:00,500.3190822784107,516.7915739517953,498.430266500058,509.1766662597656,18586400,0.0,0.0
2024-03-08 00:00:00-05:00,511.1649321102501,520.4897527725559,496.412242084079,502.9734191894531,18597100,0.0,0.0
2024-03-11 00:00:00-04:00,494.08602609612274,494.3941998930595,473.19962133692354,480.7449645996094,20428300,0.0,0.0
2024-03-12 00:00:00-04:00,490.3580671035689,499.3548120932543,481.87825193306827,496.80987548828125,15448200,0.0,0.0
2024-03-13 00:00:00-04:00,492.47557674041485,498.0326864702772,488.1412113590775,492.6545104980469,12090700,0.0,0.0
2024-03-14 00:00:00-04:00,497.3168592141215,498.40044284010156,485.28804037111354,488.9364318847656,12620000,0.0,0.0
2024-03-15 00:00:00-04:00,486.13303946882996,488.93642563448503,478.46837751695034,481.2519226074219,29153600,0.0,0.0
2024-03-18 00:00:00-04:00,489.01603356274916,494.49362722910763,483.9460314539892,494.05621337890625,11755300,0.0,0.0
2024-03-19 00:00:00-04:00,485.29799633874035,493.7082157075301,478.4485172399462,493.32049560546875,10903100,0.0,0.0
2024-03-20 00:00:00-04:00,496.5613264063082,505.21015443688776,492.25681414275317,502.5458984375,11711100,0.0,0.0
2024-03-21 00:00:00-04:00,511.6818282752994,512.009843099386,503.0330008538903,504.772705078125,9712500,0.0,0.0
2024-03-22 00:00:00-04:00,504.0172535891752,506.9697819095209,501.37289907179155,506.5820617675781,8120600,0.0,0.0
2024-03-25 00:00:00-04:00,502.81436147156455,504.23594126166455,497.2969948454398,500.0606384277344,8380600,0.0,0.0
2024-03-26 00:00:00-04:00,502.15819366550943,506.99953733459927,492.296542257246,492.9725646972656,11205400,0.0,0.0
2024-03-27 00:00:00-04:00,496.362495999964,496.94905159749567,485.1985839795798,490.9544982910156,9989700,0.0,0.0
2024-03-28 00:00:00-04:00,489.9404720171134,489.9901960550586,482.2957121478834,482.7231750488281,15212800,0.0,0.0
2024-04-01 00:00:00-04:00,484.33368069090426,494.50347537416116,478.94555469115943,488.4592590332031,9247000,0.0,0.0
2024-04-02 00:00:00-04:00,482.2460757075962,494.60294050567774,481.79871100314176,494.4438781738281,11081000,0.0,0.0
2024-04-03 00:00:00-04:00,495.99467839274877,504.2557864179736,495.8157446532508,503.75872802734375,12099200,0.0,0.0
2024-04-04 00:00:00-04:00,513.3817659558945,526.8818886970938,507.5761276530795,507.9141540527344,26476300,0.0,0.0
2024-04-05 00:00:00-04:00,513.8191641240741,527.5777665151929,511.38356597372723,524.237548828125,19263300,0.0,0.0
2024-04-08 00:00:00-04:00,526.1661496559301,528.363108870354,515.8372619219651,516.1951293945312,13260600,0.0,0.0
2024-04-09 00:00:00-04:00,519.1576077555757,522.7762075444691,503.7587479141373,513.8590087890625,10863800,0.0,0.0
2024-04-10 00:00:00-04:00,506.29360985288946,519.4855251226105,502.82412257585406,516.7716064453125,11418500,0.0,0.0
2024-04-11 00:00:00-04:00,518.0441650826642,520.7779861454409,514.2466318161514,520.0820922851562,10369500,0.0,0.0
2024-04-12 00:00:00-04:00,514.7039558507993,517.1296031880806,506.33347932820783,508.88836669921875,11984500,0.0,0.0
2024-04-15 00:00:00-04:00,513.6799940142547,515.4794036371065,494.354391700334,497.28704833984375,13512900,0.0,0.0
2024-04-16 00:00:00-04:00,495.1795376367459,501.80035960588333,494.18542077059385,496.8198547363281,9847900,0.0,0.0
2024-04-17 00:00:00-04:00,500.1401507465026,500.19979532538446,484.2740556651734,491.2626953125,12193700,0.0,0.0
2024-04-18 00:00:00-04:00,496.87944655072096,509.19656777647754,496.10403669099543,498.8477783203125,14808700,0.0,0.0
2024-04-19 00:00:00-04:00,499.8419152749836,499.8419152749836,472.93119653596085,478.2397766113281,25215400,0.0,0.0
2024-04-22 00:00:00-04:00,486.8388881901566,489.1154241927228,470.61489447706913,478.8959045410156,17271100,0.0,0.0
2024-04-23 00:00:00-04:00,488.35986304921715,495.8256896968282,486.0932780281285,493.18133544921875,15079200,0.0,0.0
2024-04-24 00:00:00-04:00,505.0709875978213,506.99957664976733,481.72911381389923,490.5966491699219,37772700,0.0,0.0
2024-04-25 00:00:00-04:00,418.9208293388117,443.1474518194537,412.0614292262953,438.7832946777344,82890700,0.0,0.0
2024-04-26 00:00:00-04:00,438.8627866508182,443.8134991532309,429.4186772096866,440.6820373535156,32691400,0.0,0.0
2024-04-29 00:00:00-04:00,436.97397149750554,437.1728069896792,426.0386868647591,430.0747985839844,21502600,0.0,0.0
2024-04-30 00:00:00-04:00,428.5140490387037,437.0336375847917,427.19188699859626,427.6392517089844,18429500,0.0,0.0
2024-05-01 00:00:00-04:00,426.0784771215956,447.31279793430986,424.59722242297005,436.6061706542969,20344900,0.0,0.0
2024-05-02 00:00:00-04:00,436.2582243057381,441.3480976010575,429.7368203538555,439.0815124511719,15221300,0.0,0.0
2024-05-03 00:00:00-04:00,443.30653234442315,451.498076053057,441.238782585899,449.3010559082031,16489100,0.0,0.0
2024-05-06 00:00:00-04:00,452.89972179422654,463.41749460646207,450.67290985368646,462.9403076171875,15094600,0.0,0.0
2024-05-07 00:00:00-04:00,463.5467503722718,468.7559129119254,458.59603758146096,465.4852600097656,13406800,0.0,0.0
2024-05-08 00:00:00-04:00,460.77314155474465,472.782059273929,460.2760831496155,469.8196105957031,11683900,0.0,0.0
2024-05-09 00:00:00-04:00,467.23492019129105,473.2791372994967,464.8788681073914,472.623046875,9437700,0.0,0.0
2024-05-10 00:00:00-04:00,474.2831551113348,474.69074661810515,466.83723038564307,473.3984069824219,10750000,0.0,0.0
2024-05-13 00:00:00-04:00,469.96872632982064,470.56520248901546,460.12697588623786,465.2566223144531,14668800,0.0,0.0
2024-05-14 00:00:00-04:00,460.64391394438604,469.75997868916056,457.3732610557371,469.07403564453125,10478600,0.0,0.0
2024-05-15 00:00:00-04:00,472.1855971099574,479.66134434257765,468.4278369108054,478.7070007324219,13100500,0.0,0.0
2024-05-16 00:00:00-04:00,472.205437472242,474.8796138504434,469.96867487368934,470.44586181640625,16608200,0.0,0.0
2024-05-17 00:00:00-04:00,468.0599734013936,470.0183846013173,465.6641787449413,469.1336364746094,10807300,0.0,0.0
2024-05-20 00:00:00-04:00,467.1852115197864,470.4160911835801,464.29232793410193,466.08172607421875,11745100,0.0,0.0
2024-05-21 00:00:00-04:00,464.37182544918653,467.93078051111434,459.55035299827114,461.896484375,11742200,0.0,0.0
2024-05-22 00:00:00-04:00,465.11745149618025,470.93304120806755,462.9105108484193,465.0279846191406,10078600,0.0,0.0
2024-05-23 00:00:00-04:00,470.0979384344224,471.56921182322856,458.824658013912,463.0397033691406,11747900,0.0,0.0
2024-05-24 00:00:00-04:00,464.8688807910191,477.0269398531673,463.556639368811,475.4065246582031,12024300,0.0,0.0
2024-05-28 00:00:00-04:00,473.7761807408165,478.0309995170203,472.0464271821376,477.0965576171875,10175800,0.0,0.0
2024-05-29 00:00:00-04:00,471.86746709937256,477.02693553440264,470.91312350005967,471.5692138671875,9226200,0.0,0.0
2024-05-30 00:00:00-04:00,468.8950912608571,468.95473584268626,461.9760163883006,464.30224609375,10719600,0.0,0.0
2024-05-31 00:00:00-04:00,463.05961798385624,466.3600932168862,451.7863365116036,464.08355712890625,16919800,0.0,0.0
2024-06-03 00:00:00-04:00,468.08981747441885,476.7784188544019,465.48523633705065,474.6808166503906,11279400,0.0,0.0
2024-06-04 00:00:00-04:00,474.1936972137186,476.07259246304915,470.44588792892165,474.1837463378906,7088700,0.0,0.0
2024-06-05 00:00:00-04:00,481.59986638058245,493.7280723944885,481.06303484683156,492.1474304199219,15690500,0.0,0.0
2024-06-06 00:00:00-04:00,490.07969267755135,499.8617979835521,488.00199228373344,490.8551025390625,10667300,0.0,0.0
2024-06-07 00:00:00-04:00,492.99240977916855,495.97475983949363,487.28618970525065,490.05975341796875,9380700,0.0,0.0
2024-06-10 00:00:00-04:00,490.9544956849635,499.70274150325434,490.507161339267,499.6430969238281,11220900,0.0,0.0
2024-06-11 00:00:00-04:00,497.2174749867736,504.6137065941105,495.3385796246827,504.4844665527344,9673700,0.0,0.0
2024-06-12 00:00:00-04:00,510.9660698187759,510.98597157055474,501.5020890731281,505.84637451171875,11983200,0.0,0.0
2024-06-13 00:00:00-04:00,502.7347908052071,506.36331100254307,498.4103767232153,501.13427734375,9954600,0.0,0.0
2024-06-14 00:00:00-04:00,500.1889423120375,504.66690962077223,498.298251077537,501.6915588378906,10243300,0.5,0.0
2024-06-17 00:00:00-04:00,499.2137684390171,508.249298155344,493.5814769288384,504.14947509765625,11266600,0.0,0.0
2024-06-18 00:00:00-04:00,502.08955596287245,503.522507821699,492.5962574901857,497.04437255859375,13060400,0.0,0.0
2024-06-20 00:00:00-04:00,499.54214083877173,501.2039776573373,494.3377366859417,499.2436218261719,11801200,0.0,0.0
2024-06-21 00:00:00-04:00,500.9850156207208,500.9850156207208,489.97917012403093,492.3574523925781,22359200,0.0,0.0
2024-06-24 00:00:00-04:00,496.75587378729097,505.3137429424904,491.86991004565067,496.46728515625,13525300,0.0,0.0
2024-06-25 00:00:00-04:00,494.6163313992583,508.2094529447459,493.07393265728075,508.1000061035156,12063200,0.0,0.0
2024-06-26 00:00:00-04:00,504.1693431011828,511.294290079205,502.20898736583194,510.607666015625,8882300,0.0,0.0
2024-06-27 00:00:00-04:00,511.73217509345994,520.319926517376,511.38391302671926,517.0161743164062,10121200,0.0,0.0
2024-06-28 00:00:00-04:00,514.6179667414566,519.3247883921233,501.37310690877666,501.7512512207031,15855100,0.0,0.0
2024-07-01 00:00:00-04:00,502.4776513058608,504.0996449110336,490.7553303316806,502.2089538574219,10328200,0.0,0.0
2024-07-02 00:00:00-04:00,498.30820385105653,508.00050544177236,497.0046202626273,507.0054016113281,7739500,0.0,0.0
2024-07-03 00:00:00-04:00,503.89071570148445,508.776679094368,503.542423291387,507.463134765625,6005600,0.0,0.0
2024-07-05 00:00:00-04:00,509.09512300088096,538.2218010293692,509.09512300088096,537.2664794921875,21354100,0.0,0.0
2024-07-08 00:00:00-04:00,539.6945030030015,540.1522726002711,524.0714224714271,526.7283325195312,14917500,0.0,0.0
2024-07-09 00:00:00-04:00,531.1367301221164,534.8484483976972,525.6039546228031,527.4050903320312,8753200,0.0,0.0
2024-07-10 00:00:00-04:00,528.1910926015574,536.2415085868906,525.7729978002864,532.072021484375,10983300,0.0,0.0
2024-07-11 00:00:00-04:00,528.2906998418636,532.8383317448535,505.8809416050376,510.18975830078125,16458300,0.0,0.0
2024-07-12 00:00:00-04:00,495.32290900460265,505.6023185565317,491.81019357981927,496.4274597167969,19750500,0.0,0.0
2024-07-15 00:00:00-04:00,496.1885898608711,504.19916293564853,490.954334395492,493.7306823730469,12539200,0.0,0.0
2024-07-16 00:00:00-04:00,499.0445326780581,501.4825490228506,483.4114612043278,487.3918762207031,14075800,0.0,0.0
2024-07-17 00:00:00-04:00,476.8239032636759,476.8239032636759,456.87205376676457,459.7279968261719,28076600,0.0,0.0
2024-07-18 00:00:00-04:00,472.6743277747539,476.8935583722376,462.2655500283145,473.5201721191406,19267200,0.0,0.0
2024-07-19 00:00:00-04:00,473.7290992026768,484.3269482993647,473.3808068088941,474.4555358886719,15149400,0.0,0.0
2024-07-22 00:00:00-04:00,484.197587927538,489.65076761971676,481.53071706337016,485.0135803222656,12023100,0.0,0.0
2024-07-23 00:00:00-04:00,487.4416350090635,492.7952982379557,485.3320198411337,486.2972717285156,9455500,0.0,0.0
2024-07-24 00:00:00-04:00,469.9974905005345,473.9679450896209,458.3249115680211,459.01153564453125,17649700,0.0,0.0
2024-07-25 00:00:00-04:00,460.99181179623156,461.28037004297926,440.4827059887369,451.1900329589844,18240500,0.0,0.0
2024-07-26 00:00:00-04:00,461.9271746914679,467.4698795206978,457.1705799627187,463.4198303222656,14222400,0.0,0.0
2024-07-29 00:00:00-04:00,467.57940602342404,471.63941640526457,462.7431854783001,463.4298095703125,11339600,0.0,0.0
2024-07-30 00:00:00-04:00,464.7134620870864,470.4154176400919,454.46390537033,460.922119140625,11390400,0.0,0.0
2024-07-31 00:00:00-04:00,468.71381415352545,474.1669942964398,464.46473155899946,472.5051574707031,24285800,0.0,0.0
2024-08-01 00:00:00-04:00,518.4490717442071,524.5888450886373,489.69057844469546,495.3029479980469,43083100,0.0,0.0
2024-08-02 00:00:00-04:00,486.6057747203378,498.6962802271807,473.81868438258266,485.75,24044700,0.0,0.0
2024-08-05 00:00:00-04:00,449.1401205576873,481.11281153240685,448.5927952293006,473.4007568359375,21396200,0.0,0.0
2024-08-06 00:00:00-04:00,476.6547245669501,500.0993678802894,476.3064321601276,491.67083740234375,20955000,0.0,0.0
2024-08-07 00:00:00-04:00,500.6665383730933,507.65215553919904,484.4761814495962,486.526123046875,20105300,0.0,0.0
2024-08-08 00:00:00-04:00,495.0641514061811,507.4631365242445,492.2977639959644,507.134765625,16156800,0.0,0.0
2024-08-09 00:00:00-04:00,505.2241519485124,515.8021407821636,503.22401392066257,515.2349243164062,13696600,0.0,0.0
2024-08-12 00:00:00-04:00,514.3293458773064,515.4837003209536,506.60736088372124,513.423828125,9767400,0.0,0.0
2024-08-13 00:00:00-04:00,517.46388442956,528.8976162175638,515.6130061254378,525.9520874023438,13743800,0.0,0.0
2024-08-14 00:00:00-04:00,525.4744698614029,531.3853884091141,520.5686157923502,524.1808471679688,11444200,0.0,0.0
2024-08-15 00:00:00-04:00,529.1861832222701,537.1271521759767,524.1211393205881,534.6990966796875,13482100,0.0,0.0
2024-08-16 00:00:00-04:00,529.2957529559742,531.0470846831789,522.0911501880614,524.837646484375,14776700,0.0,0.0
2024-08-19 00:00:00-04:00,524.2903643248923,529.0568899352673,520.2005020489785,526.6885986328125,9879700,0.0,0.0
2024-08-20 00:00:00-04:00,525.7631254837314,528.4897612100921,523.3052479844695,524.1510620117188,7944400,0.0,0.0
2024-08-21 00:00:00-04:00,524.5690033025425,536.759025104398,524.3500488791344,532.5397338867188,13423300,0.0,0.0
2024-08-22 00:00:00-04:00,534.3707451204748,541.5653262197158,526.0019488156585,529.3255615234375,15708300,0.0,0.0
2024-08-23 00:00:00-04:00,534.2911036177962,537.2266719109294,522.4891873843347,525.414794921875,11323900,0.0,0.0
2024-08-26 00:00:00-04:00,525.0167345596826,525.4148003696403,512.4287080759492,518.5684814453125,9584000,0.0,0.0
2024-08-27 00:00:00-04:00,516.4389420142859,521.444343197647,512.7869281357935,516.558349609375,6282700,0.0,0.0
2024-08-28 00:00:00-04:00,515.135413196109,518.5387122265323,509.94100004912804,514.2498168945312,9106100,0.0,0.0
2024-08-29 00:00:00-04:00,516.5086314086758,524.6187519270367,513.1551363566217,515.6826782226562,8317400,0.0,0.0
2024-08-30 00:00:00-04:00,518.797350646977,520.9766304354436,512.677498614824,518.757568359375,9157500,0.0,0.0
2024-09-03 00:00:00-04:00,517.095787334066,522.9171206537142,506.12972329874776,509.2543640136719,12459100,0.0,0.0
2024-09-04 00:00:00-04:00,503.5921671144299,514.0606781053099,501.6019595944186,510.2294921875,8335200,0.0,0.0
2024-09-05 00:00:00-04:00,509.214588289198,519.0760719574297,508.647371756267,514.3294067382812,8640900,0.0,0.0
2024-09-06 00:00:00-04:00,519.3247650985389,522.011557449387,495.8104579393683,497.820556640625,14744500,0.0,0.0
2024-09-09 00:00:00-04:00,503.6817688622659,508.826438765725,499.6217281440494,502.3184814453125,11047800,0.0,0.0
2024-09-10 00:00:00-04:00,505.67197656424986,511.66249081468396,497.5817773967797,502.3184814453125,9899000,0.0,0.0
2024-09-11 00:00:00-04:00,504.52759727884006,510.6076670397068,493.1734590533484,509.323974609375,10782500,0.0,0.0
2024-09-12 00:00:00-04:00,514.518364626398,524.1311005430615,512.6973078184791,523.0264892578125,11970500,0.0,0.0
2024-09-13 00:00:00-04:00,517.7923785867389,524.9969209454283,514.5781517601987,522.0513916015625,10321400,0.0,0.0
2024-09-16 00:00:00-04:00,522.469676680895,531.9919419852342,515.3579036757625,531.1752319335938,9527600,0.5,0.0
2024-09-17 00:00:00-04:00,535.4781635235854,539.9604028191319,528.4759413037808,534.2032470703125,11690800,0.0,0.0
2024-09-18 00:00:00-04:00,534.9503115622812,542.0521759030291,531.7928398690025,535.8268432617188,10323500,0.0,0.0
2024-09-19 00:00:00-04:00,547.8291908534814,559.8515587553402,544.3629456091518,556.8932495117188,15647000,0.0,0.0
2024-09-20 00:00:00-04:00,557.7897520081747,562.2719910868118,554.1043432735547,559.1343994140625,22066800,0.0,0.0
2024-09-23 00:00:00-04:00,567.2522491176607,571.7145476196829,560.1902057812791,562.1823120117188,12830700,0.0,0.0
2024-09-24 00:00:00-04:00,564.4434434938287,565.509227757349,552.00274823687,561.106689453125,12993000,0.0,0.0
2024-09-25 00:00:00-04:00,561.8237594778809,574.6031382414297,561.495044920447,566.0669555664062,16543400,0.0,0.0
2024-09-26 00:00:00-04:00,573.4576905129869,575.1211431321373,560.1304938071579,565.598876953125,14400800,0.0,0.0
2024-09-27 00:00:00-04:00,567.8499035731115,568.587034006437,562.2820002439122,565.1207275390625,9398400,0.0,0.0
2024-09-30 00:00:00-04:00,565.4593818880203,572.4118133775064,562.5708034533277,570.1806640625,12792300,0.0,0.0
2024-10-01 00:00:00-04:00,575.6987520585425,580.7387783195545,567.8498487564399,574.1947021484375,15259300,0.0,0.0
2024-10-02 00:00:00-04:00,572.5910298520646,573.7265448961253,567.0928584702349,570.5491333007812,6524700,0.0,0.0
2024-10-03 00:00:00-04:00,567.8997238653835,581.0575469776221,566.485284630292,580.4699096679688,11581000,0.0,0.0
2024-10-04 00:00:00-04:00,581.4260603106362,594.4942722022978,579.1351503249019,593.587890625,14169500,0.0,0.0
2024-10-07 00:00:00-04:00,595.8588807132597,600.5702534093805,581.7348544719052,582.4719848632812,12014200,0.0,0.0
2024-10-08 00:00:00-04:00,587.3626054402398,591.2173264049184,583.6572559768421,590.5499877929688,7857400,0.0,0.0
2024-10-09 00:00:00-04:00,591.6456279911163,592.0440735871042,579.3144845647184,588.1793823242188,9529700,0.0,0.0
2024-10-10 00:00:00-04:00,585.2509246510792,587.900399135785,580.2208686773732,581.5256958007812,7740400,0.0,0.0
2024-10-11 00:00:00-04:00,582.5217946450296,588.8766187572965,580.4101667801536,587.62158203125,8587100,0.0,0.0
2024-10-14 00:00:00-04:00,591.8747117346282,597.7315094974075,587.6315761095043,588.0897216796875,8252000,0.0,0.0
2024-10-15 00:00:00-04:00,587.8307163787997,588.2789524674469,577.8503048821323,583.9561157226562,9564200,0.0,0.0
2024-10-16 00:00:00-04:00,579.1053401086986,579.7826489722071,571.7644330744417,574.5134887695312,11268400,0.0,0.0
2024-10-17 00:00:00-04:00,581.0277804863796,582.6612616721741,572.9298624056845,574.6530151367188,8701200,0.0,0.0
2024-10-18 00:00:00-04:00,578.8064328711839,581.6651004084903,572.9795465460454,574.1947021484375,7694300,0.0,0.0
2024-10-21 00:00:00-04:00,573.7565147335716,574.9617001148115,566.8637832891501,572.889892578125,8171900,0.0,0.0
2024-10-22 00:00:00-04:00,572.0233890911012,581.226972027945,569.8619705986506,579.7129516601562,8544500,0.0,0.0
2024-10-23 00:00:00-04:00,577.680923843806,582.6911004356343,560.279904265033,561.4652099609375,14248400,0.0,0.0
2024-10-24 00:00:00-04:00,564.8916036624881,566.6346966004356,559.3037603206038,565.5390625,7184700,0.0,0.0
2024-10-25 00:00:00-04:00,571.6647355552979,578.9956716161158,569.463436367779,570.9874267578125,11337900,0.0,0.0
2024-10-28 00:00:00-04:00,579.7029839727812,581.4460771376479,571.8540796011549,575.8781127929688,10925100,0.0,0.0
2024-10-29 00:00:00-04:00,577.860233390468,591.3268300347977,573.128981140023,590.9384155273438,13019100,0.0,0.0
2024-10-30 00:00:00-04:00,598.6080558684588,598.8272191939645,587.0538626186211,589.4642944335938,26864900,0.0,0.0
2024-10-31 00:00:00-04:00,582.6910719821886,587.571756560939,560.7878737214265,565.33984375,26838400,0.0,0.0
2024-11-01 00:00:00-04:00,565.3696838064145,571.405763142559,560.339627825337,564.9214477539062,15303200,0.0,0.0
2024-11-04 00:00:00-05:00,561.8735869795249,566.4454979265795,555.6881355028934,558.4671020507812,12064600,0.0,0.0
2024-11-05 00:00:00-05:00,565.0608971597502,571.2164978665354,564.433378859103,570.170654296875,9775400,0.0,0.0
2024-11-06 00:00:00-05:00,560.5288333903976,570.7383767795608,552.9787345250944,569.7921142578125,18305400,0.0,0.0
2024-11-07 00:00:00-05:00,574.6131397370345,592.4524256318628,572.9397776720764,589.3646850585938,14653700,0.0,0.0
2024-11-08 00:00:00-05:00,589.2051840334042,590.759024319344,582.2129331438006,587.013916015625,9415700,0.0,0.0
2024-11-11 00:00:00-05:00,584.04575941466,584.6832480747347,574.2346593822191,580.8683471679688,10209100,0.0,0.0
2024-11-12 00:00:00-05:00,586.2171295500698,597.2932362914636,578.0893621721831,582.5118408203125,16287700,0.0,0.0
2024-11-13 00:00:00-05:00,580.3104995084991,583.3285696737983,572.899861789148,577.7108154296875,10757600,0.0,0.0
2024-11-14 00:00:00-05:00,574.7226772857438,578.4678469202681,570.7484348770021,574.8820190429688,11053700,0.0,0.0
2024-11-15 00:00:00-05:00,568.9654316430945,570.3101398260193,549.323293380173,551.8931274414062,17712900,0.0,0.0
2024-11-18 00:00:00-05:00,554.8414482862169,557.690206619492,547.9189272359731,552.2119140625,14327300,0.0,0.0
2024-11-19 00:00:00-05:00,549.6818763732618,559.2141123072212,548.4268396780825,558.87548828125,9522400,0.0,0.0
2024-11-20 00:00:00-05:00,560.7080988546143,564.1145830366952,552.0125757605198,563.2879028320312,9797300,0.0,0.0
2024-11-21 00:00:00-05:00,567.27222943096,567.7503155056431,546.8829891189956,560.8676147460938,11154700,0.0,0.0
2024-11-22 00:00:00-05:00,561.3257340956305,561.6046581556811,552.4011368821567,556.9331665039062,9164000,0.0,0.0
2024-11-25 00:00:00-05:00,559.8814479460827,570.3300964942197,554.1940234019514,562.8795776367188,13599800,0.0,0.0
2024-11-26 00:00:00-05:00,563.7660269968359,575.2206370859942,562.9691967147016,571.2762451171875,10356600,0.0,0.0
2024-11-27 00:00:00-05:00,572.6210363268373,572.7106470696727,561.8735834357757,566.9534912109375,7200200,0.0,0.0
2024-11-29 00:00:00-05:00,566.7542128784901,576.1768970734391,564.6625256899628,572.05322265625,7130500,0.0,0.0
2024-12-02 00:00:00-05:00,575.2206623708795,592.1535649861262,573.2982871928123,590.4901733398438,12522400,0.0,0.0
2024-12-03 00:00:00-05:00,592.6515529773995,611.7757833163611,588.9163541140966,611.2279663085938,14907200,0.0,0.0
2024-12-04 00:00:00-05:00,610.5407730504924,615.3417566258435,602.7117489296108,611.3575439453125,14697000,0.0,0.0
2024-12-05 00:00:00-05:00,614.6445303223205,617.4534076628545,604.654087469592,606.5266723632812,8081200,0.0,0.0
2024-12-06 00:00:00-05:00,607.6920745569537,627.3043658378344,606.1283244249738,621.3081665039062,16935500,0.0,0.0
2024-12-09 00:00:00-05:00,621.4574408246348,623.9276938833166,603.7774980807178,611.1483154296875,11426000,0.0,0.0
2024-12-10 00:00:00-05:00,615.1225471765403,623.1208827140154,610.3215639612993,616.8756103515625,10938900,0.0,0.0
2024-12-11 00:00:00-05:00,620.9096094972598,635.8803166127035,619.0769058574836,630.182861328125,10837200,0.0,0.0
2024-12-12 00:00:00-05:00,629.007573636922,634.1471812183523,624.7345274454173,628.3003540039062,7474700,0.0,0.0
2024-12-13 00:00:00-05:00,624.7444306032417,628.5892419845969,614.455245285517,617.9015502929688,8453300,0.0,0.0
2024-12-16 00:00:00-05:00,627.999656702773,629.1660226489364,616.6355287775485,622.2777099609375,10885600,0.5,0.0
2024-12-17 00:00:00-05:00,624.2016843799404,630.3822075101276,614.6019503899752,617.4928588867188,12897800,0.0,0.0
2024-12-18 00:00:00-05:00,619.0479587782994,625.387952256149,594.4455447869857,595.3128051757812,17075500,0.0,0.0
2024-12-19 00:00:00-05:00,608.4712976770209,609.5977504710141,593.1296604292414,593.6978759765625,14958100,0.0,0.0
2024-12-20 00:00:00-05:00,588.723602198965,601.2141840625833,578.1768420780382,583.4103393554688,48989400,0.0,0.0
2024-12-23 00:00:00-05:00,587.746636194458,599.2005698155671,584.4071908696653,597.9644165039062,10205800,0.0,0.0
2024-12-24 00:00:00-05:00,600.8254422286517,606.0788965180841,597.3963135833213,605.8396606445312,4726100,0.0,0.0
2024-12-26 00:00:00-05:00,603.576678438532,604.3941081026211,597.0572585697707,601.453369140625,6081400,0.0,0.0
2024-12-27 00:00:00-05:00,597.5257935657311,599.9581261267912,587.9460161502445,597.924560546875,8084200,0.0,0.0
2024-12-30 00:00:00-05:00,586.8993065979166,595.0635643540043,583.7392883016993,589.3814697265625,7025900,0.0,0.0
2024-12-31 00:00:00-05:00,590.4083164544484,592.102924110321,582.0147395278991,583.6695556640625,6019500,0.0,0.0
2025-01-02 00:00:00-05:00,587.8662291946306,603.0084829766075,585.9722382113614,597.3563232421875,12682300,0.0,0.0
2025-01-03 00:00:00-05:00,602.8589663338769,607.5840565630332,594.5351777814667,602.7293701171875,11436800,0.0,0.0
2025-01-06 00:00:00-05:00,609.9068039022728,629.0065500033512,603.7163023778119,628.2190551757812,14560800,0.0,0.0
2025-01-07 00:00:00-05:00,629.7143414477341,630.1130475912898,606.3180848477177,615.94775390625,12071500,0.0,0.0
2025-01-08 00:00:00-05:00,611.4718611566152,614.5022833089956,600.895166417742,608.8002319335938,10085800,0.0,0.0
2025-01-10 00:00:00-05:00,608.112442272843,627.9298948978874,595.462329972656,613.924072265625,19256600,0.0,0.0
2025-01-13 00:00:00-05:00,605.1916106669787,607.0557276203978,596.5688376806378,606.4177856445312,10785000,0.0,0.0
2025-01-14 00:00:00-05:00,603.1680144738151,603.586677198732,586.6999244030517,592.3820190429688,13598000,0.0,0.0
2025-01-15 00:00:00-05:00,608.2918626953108,620.5033555415417,604.5935029582943,615.1801147460938,15524300,0.0,0.0
2025-01-16 00:00:00-05:00,609.5777403991937,614.3128087015587,607.7933891951506,609.3783569335938,8355300,0.0,0.0
2025-01-17 00:00:00-05:00,622.0883213436317,623.0054123386464,601.7723798733631,610.8438110351562,17280600,0.0,0.0
2025-01-21 00:00:00-05:00,615.8878442456257,619.5462904208392,607.0955629596975,614.5221557617188,11674000,0.0,0.0
2025-01-22 00:00:00-05:00,621.3406555902126,631.7079877162228,617.4828257324606,621.5400390625,12274000,0.0,0.0
2025-01-23 00:00:00-05:00,625.3878883324852,634.5988327915112,619.197448317166,634.4493408203125,9910200,0.0,0.0
2025-01-24 00:00:00-05:00,634.3995455880619,649.9504837452617,632.2064489650473,645.4546508789062,19065300,0.0,0.0
2025-01-27 00:00:00-05:00,624.6402872001196,661.7831731182577,623.1350240288891,657.8057250976562,28399200,0.0,0.0
2025-01-28 00:00:00-05:00,663.9065549274304,680.4344558685057,657.3970515429507,672.2103881835938,20950100,0.0,0.0
2025-01-29 00:00:00-05:00,672.878157860452,678.9091276992832,663.577469397903,674.3634643554688,21377800,0.0,0.0
2025-01-30 00:00:00-05:00,694.6295308769346,708.5555865209728,673.9746332350235,684.8403930664062,29322900,0.0,0.0
2025-01-31 00:00:00-05:00,688.8278971175284,703.082934049854,683.4249514874042,687.0136108398438,19303900,0.0,0.0
2025-02-03 00:00:00-05:00,673.7852712039112,701.786997935187,673.1273726643963,695.267578125,21415700,0.0,0.0
2025-02-04 00:00:00-05:00,700.291750368734,705.4853950757674,689.435967564897,701.9764404296875,13826300,0.0,0.0
2025-02-05 00:00:00-05:00,701.338438880343,715.8826032404849,696.8127318836921,702.654296875,17778200,0.0,0.0
2025-02-06 00:00:00-05:00,703.6611131134636,716.6402049884904,701.2885896343017,709.7518920898438,13080700,0.0,0.0
2025-02-07 00:00:00-05:00,714.546788192433,722.7310026615398,709.5126746052003,712.2739868164062,16427100,0.0,0.0
2025-02-10 00:00:00-05:00,716.3013465299549,718.9330628152472,709.0940920727812,715.14501953125,12904300,0.0,0.0
2025-02-11 00:00:00-05:00,711.077742352479,721.3852053088176,707.8080235680292,717.537353515625,12998000,0.0,0.0
2025-02-12 00:00:00-05:00,713.0515218383842,724.8144176821432,710.3599968194253,723.099853515625,12016500,0.0,0.0
2025-02-13 00:00:00-05:00,719.2520483652149,726.7085168321266,715.7829457591546,726.2698974609375,12569100,0.0,0.0
2025-02-14 00:00:00-05:00,723.8574410856692,738.5809711848887,723.3390562017464,734.3543090820312,16901200,0.0,0.0
2025-02-18 00:00:00-05:00,733.6864014553627,734.6832579790791,704.2193250480339,714.1181030273438,21938700,0.0,0.0
2025-02-19 00:00:00-05:00,701.886719169158,704.7776276936228,693.2041369812721,701.5578002929688,17535500,0.0,0.0
2025-02-20 00:00:00-05:00,695.0882163867516,703.4119448646127,691.4596436709155,692.6558837890625,12587400,0.0,0.0
2025-02-21 00:00:00-05:00,694.3904388515214,701.6575020997228,680.2151053119804,681.4013671875,15660400,0.0,0.0
2025-02-24 00:00:00-05:00,684.122756243814,685.1096345134455,660.3676471383606,666.02978515625,15677000,0.0,0.0
2025-02-25 00:00:00-05:00,663.8765120828333,665.9001600374287,639.8423158192022,655.4331665039062,20579700,0.0,0.0
2025-02-26 00:00:00-05:00,657.576512679624,680.8630693918321,655.9316748718801,671.5823364257812,14488700,0.0,0.0
2025-02-27 00:00:00-05:00,680.3046927948541,686.485214920113,655.5028995854176,656.1707763671875,12500000,0.0,0.0
2025-02-28 00:00:00-05:00,655.9715119869538,667.5251070483702,640.5800432544102,666.099609375,17534200,0.0,0.0
2025-03-03 00:00:00-05:00,671.5623491469186,679.1085609343871,648.7941784019307,652.9909057617188,10843800,0.0,0.0
2025-03-04 00:00:00-05:00,643.4809097831836,647.7075720071792,621.6896392388619,637.9882202148438,21495200,0.0,0.0
2025-03-05 00:00:00-05:00,638.9850308732081,657.4268765380355,635.6555033172657,654.4063720703125,13770000,0.0,0.0
2025-03-06 00:00:00-05:00,645.9630966353535,648.5150471759833,622.1481771276858,625.9561767578125,13446500,0.0,0.0
2025-03-07 00:00:00-05:00,623.4041708110899,632.7945424007281,598.7219930959255,623.6932373046875,21375700,0.0,0.0
2025-03-10 00:00:00-04:00,606.1585603987916,608.1921258261364,585.0251896930085,596.1102294921875,21999900,0.0,0.0
2025-03-11 00:00:00-04:00,593.1795048947525,612.9970188777876,591.4649407555324,603.8060302734375,17401500,0.0,0.0
2025-03-12 00:00:00-04:00,627.9199500067502,631.3391605894193,607.4344997247063,617.6124267578125,15747000,0.0,0.0
2025-03-13 00:00:00-04:00,618.300295022882,618.549509168397,584.666363679096,588.7833862304688,16480300,0.0,0.0
2025-03-14 00:00:00-04:00,601.43972556622,607.4860482974414,593.4378646925935,606.2288818359375,12364500,0.525,0.0
2025-03-17 00:00:00-04:00,606.0892549627374,611.7164817099355,596.6505800508986,603.5350341796875,15473900,0.0,0.0
2025-03-18 00:00:00-04:00,598.6959836433429,598.8955445257114,573.3632611970426,581.0458984375,20297700,0.0,0.0
2025-03-19 00:00:00-04:00,582.9616006660708,590.9834364727485,573.473050249603,582.7420654296875,20537500,0.0,0.0
2025-03-20 00:00:00-04:00,581.4449335433823,608.8230139342973,578.2022676048324,584.6776123046875,24336500,0.0,0.0
2025-03-21 00:00:00-04:00,582.1034155863823,596.1915469952162,579.6390187113977,594.9044799804688,25015900,0.0,0.0
2025-03-24 00:00:00-04:00,613.5822418688982,621.1351668672481,610.818534005287,617.4534912109375,15741300,0.0,0.0
2025-03-25 00:00:00-04:00,625.3457252697278,632.4496541118687,619.7782994932003,624.896728515625,15312500,0.0,0.0
2025-03-26 00:00:00-04:00,623.479902445872,625.3356905979604,605.2411234358802,609.6012573242188,12609800,0.0,0.0
2025-03-27 00:00:00-04:00,600.6416285927081,612.8639873140713,598.7458914524616,601.2203369140625,10436500,0.0,0.0
2025-03-28 00:00:00-04:00,598.9554211422102,600.3921742735024,572.6249545466391,575.4385986328125,17602800,0.0,0.0
2025-03-31 00:00:00-04:00,562.2284810192266,577.3941949049992,552.0514847999954,575.0594482421875,21124700,0.0,0.0
2025-04-01 00:00:00-04:00,569.5518496754252,588.5787620697387,568.713718453365,584.6776123046875,12836600,0.0,0.0
2025-04-02 00:00:00-04:00,573.612639602056,591.3225852084037,572.0661494891557,582.6123046875,13470800,0.0,0.0
2025-04-03 00:00:00-04:00,544.9873786131755,551.3130986556911,529.1033205063213,530.4203491210938,34777500,0.0,0.0
2025-04-04 00:00:00-04:00,505.4767837476822,516.8311091249631,493.0848271014097,503.591064453125,38589800,0.0,0.0
2025-04-07 00:00:00-04:00,484.0053216518451,538.1528441381656,480.8125306436679,515.0850219726562,36606100,0.0,0.0
2025-04-08 00:00:00-04:00,542.0241297513288,546.1946900687835,501.72525715038495,509.29815673828125,28034200,0.0,0.0
2025-04-09 00:00:00-04:00,508.1207792653783,586.563392325636,500.9769327422793,584.4481811523438,39216600,0.0,0.0
2025-04-10 00:00:00-04:00,574.1913720884271,579.9882591353082,534.0920601322453,545.0572509765625,28173500,0.0,0.0
2025-04-11 00:00:00-04:00,534.3015744722139,546.1647580379857,527.3972072394978,542.3433837890625,17642300,0.0,0.0
2025-04-14 00:00:00-04:00,554.9149903570471,556.5114165099282,527.0879701726936,530.2807006835938,14130900,0.0,0.0
2025-04-15 00:00:00-04:00,530.9092700648307,536.7261316213554,516.3322523952014,520.3432006835938,15558700,0.0,0.0
2025-04-16 00:00:00-04:00,507.36253528750194,512.2115538752881,494.5115946838527,501.176513671875,18735100,0.0,0.0
2025-04-17 00:00:00-04:00,504.109870459736,506.1552323217004,496.8862177349848,500.348388671875,14593500,0.0,0.0
2025-04-21 00:00:00-04:00,490.22127698998224,492.38639367876976,478.71729620364266,483.56634521484375,16166000,0.0,0.0
2025-04-22 00:00:00-04:00,490.7600964557397,505.73623631689287,485.2625199601335,499.151123046875,17399400,0.0,0.0
2025-04-23 00:00:00-04:00,527.3374410103529,534.1320723212986,515.3545309290855,519.0960693359375,18173900,0.0,0.0
2025-04-24 00:00:00-04:00,517.5595150131655,532.6953291798529,516.3323098797614,531.947021484375,13910000,0.0,0.0
2025-04-25 00:00:00-04:00,545.566124111354,548.6192167322417,535.0399425493104,546.0350952148438,17098900,0.0,0.0
2025-04-28 00:00:00-04:00,554.3862228326028,557.2297674992926,539.3701950695558,548.49951171875,15179000,0.0,0.0
2025-04-29 00:00:00-04:00,544.7679463052672,555.3141023170735,542.8921836696377,553.1889038085938,11835000,0.0,0.0
2025-04-30 00:00:00-04:00,537.1851129255415,547.8609194224242,528.305171612182,547.7611694335938,29244000,0.0,0.0
2025-05-01 00:00:00-04:00,590.7439814787114,591.6120134415539,569.2126599544815,570.9188232421875,31159000,0.0,0.0
2025-05-02 00:00:00-04:00,582.1434519633877,602.976341384666,577.025022870384,595.6728515625,24739300,0.0,0.0
2025-05-05 00:00:00-04:00,589.8858412822701,601.8488361583287,586.7230116613694,597.917724609375,13887700,0.0,0.0
2025-05-06 00:00:00-04:00,591.1929324469492,594.685034384837,585.256346973055,585.9846801757812,10600700,0.0,0.0
2025-05-07 00:00:00-04:00,589.0277995025451,601.7191276587725,585.3461237925522,595.4632568359375,13139100,0.0,0.0
2025-05-08 00:00:00-04:00,604.9218677784463,609.9205723172726,595.2737054544873,596.6605834960938,14622800,0.0,0.0
2025-05-09 00:00:00-04:00,602.3576547482705,605.6003210056944,590.3748069015998,591.1530151367188,10427300,0.0,0.0
2025-05-12 00:00:00-04:00,629.4963146177121,638.944977269137,619.628677643235,637.9871215820312,21965100,0.0,0.0
2025-05-13 00:00:00-04:00,644.083302386897,659.4286019389394,641.3794565378789,654.5496826171875,18570800,0.0,0.0
2025-05-14 00:00:00-04:00,659.7179933381154,661.1746598556101,652.8335389149222,657.8721313476562,12348200,0.0,0.0
2025-05-15 00:00:00-04:00,652.8036193165813,655.8267503294444,637.1390348372435,642.4270629882812,14341800,0.0,0.0
2025-05-16 00:00:00-04:00,636.5203854269974,638.9947695097792,624.7370386043494,638.89501953125,18519000,0.0,0.0
2025-05-19 00:00:00-04:00,626.832294867769,641.5490101074022,626.3832981555494,638.9848022460938,9592400,0.0,0.0
2025-05-20 00:00:00-04:00,634.5748472134089,637.9072763695222,630.8333091235804,635.662353515625,6743500,0.0,0.0
2025-05-21 00:00:00-04:00,630.3642681060018,645.150832304797,628.7479287022497,634.06591796875,11464600,0.0,0.0
2025-05-22 00:00:00-04:00,632.619272775214,641.7985254271919,629.2868434888497,635.1336059570312,8228400,0.0,0.0
2025-05-23 00:00:00-04:00,622.5919269408028,631.0228714642786,621.2449976116812,625.64501953125,8454100,0.0,0.0
2025-05-27 00:00:00-04:00,633.9761034753569,641.6288391569669,631.322132840975,640.8705444335938,9508400,0.0,0.0
2025-05-28 00:00:00-04:00,641.1499165908115,649.4112615873161,641.1000415977985,642.1277465820312,9042900,0.0,0.0
2025-05-29 00:00:00-04:00,650.1795649115138,651.8457794764735,638.0569572367845,643.5944213867188,8858800,0.0,0.0
2025-05-30 00:00:00-04:00,641.0501397655987,647.9445199213626,631.3521030687026,646.0288696289062,16241000,0.0,0.0
2025-06-02 00:00:00-04:00,642.9359196596392,671.7407683371362,642.8062081386795,669.3861083984375,15766300,0.0,0.0
2025-06-03 00:00:00-04:00,669.9348713872049,674.0555568287034,663.5293753010757,665.34521484375,11585000,0.0,0.0
2025-06-04 00:00:00-04:00,667.8096780088563,687.4452625248051,667.0613703936261,686.3976440429688,14031900,0.0,0.0
2025-06-05 00:00:00-04:00,690.0991647687987,692.8130584501095,680.7104262850396,683.0750732421875,13083100,0.0,0.0
2025-06-06 00:00:00-04:00,694.5989952947568,701.2240259866394,690.3087109186762,696.1355590820312,11728000,0.0,0.0
2025-06-09 00:00:00-04:00,696.883869686411,703.5986632099265,692.3740500791279,692.4937744140625,12773200,0.0,0.0
2025-06-10 00:00:00-04:00,699.7673231326536,701.6430856337115,689.9994369756769,700.8150024414062,10850100,0.0,0.0
2025-06-11 00:00:00-04:00,702.1220199077359,707.2703489833287,690.4284357601101,692.5736083984375,9582500,0.0,0.0
2025-06-12 00:00:00-04:00,691.7355479828731,693.8108714889893,685.4497761885773,691.79541015625,7322700,0.0,0.0
2025-06-13 00:00:00-04:00,686.3976556130428,693.00271273635,679.4733132608307,681.3291015625,9274400,0.0,0.0
2025-06-16 00:00:00-04:00,698.2888218186604,706.097186349852,692.4774795938313,701.0746459960938,13720300,0.525,0.0
2025-06-17 00:00:00-04:00,700.9548121157454,704.9188720421186,695.0236535754563,696.19189453125,10066100,0.0,0.0
2025-06-18 00:00:00-04:00,697.1404546983404,700.5454115912661,693.8653700649246,694.7340698242188,10068300,0.0,0.0
2025-06-20 00:00:00-04:00,699.7067372671455,700.7751515856344,677.6595924698036,681.3341064453125,22538600,0.0,0.0
2025-06-23 00:00:00-04:00,682.6721183845542,698.009235646563,677.7394706648903,697.4900512695312,11080100,0.0,0.0
2025-06-24 00:00:00-04:00,703.840534417847,712.1281647182683,701.0646441862544,711.1396484375,13823200,0.0,0.0
2025-06-25 00:00:00-04:00,712.2579843149763,715.5131404309827,704.329803307428,707.6248779296875,9320400,0.0,0.0
2025-06-26 00:00:00-04:00,713.296455236712,727.1358060173088,709.9913855606367,725.009033203125,13964800,0.0,0.0
2025-06-27 00:00:00-04:00,725.4383202717177,734.335027558332,724.7792688020234,732.5377197265625,18775700,0.0,0.0
2025-06-30 00:00:00-04:00,743.4414316060685,746.7864803769392,733.1567794055785,736.9910888671875,15402100,0.0,0.0
2025-07-01 00:00:00-04:00,735.7829112020786,736.6516110389775,714.3049263192432,718.149169921875,13431200,0.0,0.0
2025-07-02 00:00:00-04:00,714.2650188208597,719.227590127805,711.7387562844411,712.5076293945312,9336700,0.0,0.0
2025-07-03 00:00:00-04:00,725.5281745483136,727.9446154194361,713.3563211505465,717.9395141601562,8601700,0.0,0.0
2025-07-07 00:00:00-04:00,716.5315731843128,725.9176023238477,712.4476967305745,717.2804565429688,9457100,0.0,0.0
2025-07-08 00:00:00-04:00,720.4957303517299,721.8337012243448,713.7457849218606,719.5970458984375,7770700,0.0,0.0
2025-07-09 00:00:00-04:00,721.6439452565418,736.4319538163115,721.6439452565418,731.6890258789062,11418000,0.0,0.0
2025-07-10 00:00:00-04:00,730.4608071076664,734.704479422628,718.5285868802704,726.1572265625,9913600,0.0,0.0
2025-07-11 00:00:00-04:00,721.4242720797871,724.0802847988808,708.6433421473682,716.4417114257812,10873900,0.0,0.0
2025-07-14 00:00:00-04:00,716.5316151789124,726.9161560719408,715.4831906042045,719.8466796875,8939400,0.0,0.0
2025-07-15 00:00:00-04:00,722.82223154618,723.3913292594382,708.7631777682402,709.3323364257812,11529500,0.0,0.0
2025-07-16 00:00:00-04:00,712.3079132030501,712.9069955313189,698.2289299901618,701.8634643554688,13067600,0.0,0.0
2025-07-17 00:00:00-04:00,703.3412662167694,704.8490277671435,696.0720759709156,700.3656616210938,11803300,0.0,0.0
2025-07-18 00:00:00-04:00,701.1445302429636,703.6607977835126,690.6202449112741,703.2314453125,12779800,0.0,0.0
2025-07-21 00:00:00-04:00,705.7477111980942,715.9325377312456,704.7092814794039,711.9085083007812,9404400,0.0,0.0
2025-07-22 00:00:00-04:00,715.1237435600664,715.5331063393245,700.3657186718685,703.7606811523438,8921100,0.0,0.0
2025-07-23 00:00:00-04:00,705.3183514682154,713.5660637312985,703.8804929024444,712.5176391601562,8771600,0.0,0.0
2025-07-24 00:00:00-04:00,715.9823677348465,722.5425929354744,712.9369210871259,713.7357177734375,10920800,0.0,0.0
2025-07-25 00:00:00-04:00,715.8526352732038,719.5771235060619,710.8401504714777,711.6189575195312,8271700,0.0,0.0
2025-07-28 00:00:00-04:00,714.1352096135126,723.6609843506268,711.6189419324959,716.5615844726562,8715700,0.0,0.0
2025-07-29 00:00:00-04:00,718.9280482700893,723.3913639831756,698.8679318855118,698.9578247070312,13267000,0.0,0.0
2025-07-30 00:00:00-04:00,707.0358168226334,707.4451795959043,690.1709481616012,694.1749877929688,27077300,0.0,0.0
2025-07-31 00:00:00-04:00,774.0458414913344,783.5816106103192,764.3702661872821,772.2884521484375,38831100,0.0,0.0
2025-08-01 00:00:00-04:00,759.5973820600149,764.8595554226001,744.2003568990668,748.8933715820312,19028700,0.0,0.0
2025-08-04 00:00:00-04:00,758.8684286204626,775.6933161141383,757.280769171418,775.2140502929688,15801700,0.0,0.0
2025-08-05 00:00:00-04:00,775.2940146810766,781.9640620224704,761.8640271769766,762.3233642578125,11640300,0.0,0.0
2025-08-06 00:00:00-04:00,768.853609707056,772.488205034118,759.327834976083,770.8406372070312,9733900,0.0,0.0
2025-08-07 00:00:00-04:00,772.3383525306105,773.8461140652291,758.4191051508143,760.6957397460938,9019700,0.0,0.0
2025-08-08 00:00:00-04:00,761.6144268371896,768.7538063796192,757.4506521481833,768.1546630859375,7320800,0.0,0.0
2025-08-11 00:00:00-04:00,768.9334288760205,772.3084011990011,763.5314498091643,764.7296752929688,7612000,0.0,0.0
2025-08-12 00:00:00-04:00,771.849102319645,792.4883102810505,771.2799436630941,788.8237915039062,14563100,0.0,0.0
2025-08-13 00:00:00-04:00,789.9721665216805,794.2757473900336,777.0713578354987,778.9186401367188,8811800,0.0,0.0
2025-08-14 00:00:00-04:00,776.7218428333804,786.6370510429252,771.3598429397638,780.9655151367188,8116200,0.0,0.0
2025-08-15 00:00:00-04:00,782.9825648931883,795.0645257736991,779.6575056048304,784.0609130859375,13375400,0.0,0.0
2025-08-18 00:00:00-04:00,773.9360156125421,774.6549143701418,755.4335751910228,766.2274780273438,16513700,0.0,0.0
2025-08-19 00:00:00-04:00,765.977874147037,766.0277875160474,748.2443062415024,750.3611450195312,12286700,0.0,0.0
2025-08-20 00:00:00-04:00,746.4570103778062,749.083099657565,729.911672806752,746.6067504882812,11898200,0.0,0.0
2025-08-21 00:00:00-04:00,743.6012666698691,744.3900685450179,732.0185006665147,737.9995727539062,8876300,0.0,0.0
2025-08-22 00:00:00-04:00,738.1293678852983,755.7731035460037,733.2966081137474,753.6661987304688,10612700,0.0,0.0
2025-08-25 00:00:00-04:00,753.6961621486424,757.7501148109367,749.0131426125197,752.1784057617188,6861200,0.0,0.0
2025-08-26 00:00:00-04:00,749.6821592803592,753.7461069744401,746.8264320177999,752.9772338867188,7601800,0.0,0.0
2025-08-27 00:00:00-04:00,751.1799307743298,753.0272129802489,741.7340542390842,746.2672729492188,8315400,0.0,0.0
2025-08-28 00:00:00-04:00,742.8922995313089,751.9288132977724,739.6970516455432,749.99169921875,7468000,0.0,0.0
2025-08-29 00:00:00-04:00,744.1703787664815,746.0275947781304,734.2551099537487,737.6001586914062,9070500,0.0,0.0
2025-09-02 00:00:00-04:00,724.9589996576248,734.9041924629622,720.655419120511,734.0155029296875,9350900,0.0,0.0
2025-09-03 00:00:00-04:00,734.9042121918441,739.1478846127889,732.8971950134412,735.95263671875,7699300,0.0,0.0
2025-09-04 00:00:00-04:00,747.4555024338443,760.0267237435045,744.7095967582477,747.535400390625,11439100,0.0,0.0
2025-09-05 00:00:00-04:00,751.499502790698,756.8215846100361,743.9208368275713,751.3297729492188,9663400,0.0,0.0
2025-09-08 00:00:00-04:00,754.8744351124396,765.3687971294402,750.9003802075373,751.179931640625,13087800,0.0,0.0
2025-09-09 00:00:00-04:00,756.3621991005824,765.1590798691678,752.3082462809408,764.5599975585938,10999000,0.0,0.0
2025-09-10 00:00:00-04:00,763.990858904295,764.5600175863916,749.8818911499914,750.8604125976562,12478300,0.0,0.0
2025-09-11 00:00:00-04:00,753.5264602522736,755.9727638030715,747.2557810059183,749.7820434570312,7923300,0.0,0.0
2025-09-12 00:00:00-04:00,747.6152548910696,756.4421205211297,742.6526835890741,754.465087890625,8248600,0.0,0.0
2025-09-15 00:00:00-04:00,756.3421855933647,772.9175066813722,750.8703641812288,763.5614624023438,10533800,0.0,0.0
2025-09-16 00:00:00-04:00,765.8580156945753,780.1966205012909,763.960820221922,777.8401489257812,11782500,0.0,0.0
2025-09-17 00:00:00-04:00,778.828725718326,782.1238004242355,765.1691000860621,774.5650634765625,9400900,0.0,0.0
2025-09-18 00:00:00-04:00,779.5875734416616,787.6056471582369,772.2085614820411,779.0883178710938,10955000,0.0,0.0
2025-09-19 00:00:00-04:00,785.2490765825911,789.6225600448605,768.0447499547826,777.2210693359375,23696800,0.0,0.0
2025-09-22 00:00:00-04:00,781.2128396094075,785.0896826443245,763.8469978355404,764.5364379882812,11706900,0.525,0.0
2025-09-23 00:00:00-04:00,768.6231126086477,769.9719880546131,750.4579354131178,754.784423828125,10872600,0.0,0.0
2025-09-24 00:00:00-04:00,756.8827020619125,760.4897455830934,751.9167814613187,760.0401000976562,8828200,0.0,0.0
2025-09-25 00:00:00-04:00,752.8360219788784,756.1533238123261,743.9432502397539,748.2996826171875,10591100,0.0,0.0
2025-09-26 00:00:00-04:00,749.3888277967437,751.3172477286904,736.7491118404043,743.1439208984375,9696300,0.0,0.0
2025-09-29 00:00:00-04:00,748.1098002440084,750.1681799899285,738.5476529969768,742.794189453125,9246800,0.0,0.0
2025-09-30 00:00:00-04:00,741.6451369970716,742.3645209926972,725.7081225297242,733.7815551757812,16226800,0.0,0.0
2025-10-01 00:00:00-04:00,720.9020135039985,721.2617054862658,709.6212362201944,716.7554321289062,20419600,0.0,0.0
2025-10-02 00:00:00-04:00,721.9911913779041,727.176964520395,717.5548070653372,726.45751953125,11415300,0.0,0.0
2025-10-03 00:00:00-04:00,729.0354240673363,730.4043027655052,709.6012618171895,709.98095703125,16154300,0.0,0.0
2025-10-06 00:00:00-04:00,704.6153434967972,716.2958197616522,689.9473135389625,715.0767822265625,21654700,0.0,0.0
2025-10-07 00:00:00-04:00,717.135073707775,717.9144673294414,705.1748577839295,712.4989013671875,12062900,0.0,0.0
2025-10-08 00:00:00-04:00,712.8686286502683,719.063588526951,707.233209995552,717.2550659179688,10790600,0.0,0.0
2025-10-09 00:00:00-04:00,717.694662739213,732.9122314453125,711.8593952481671,732.9122314453125,12717200,0.0,0.0
2025-10-10 00:00:00-04:00,730.3243364156914,734.6708280741015,703.9358854737135,704.7252197265625,16980100,0.0,0.0
2025-10-13 00:00:00-04:00,712.4289500007787,719.353295154282,707.0633311027989,715.1167602539062,9251800,0.0,0.0
2025-10-14 00:00:00-04:00,707.2032236513401,714.966850016347,698.7600977854659,708.072509765625,8829800,0.0,0.0
2025-10-15 00:00:00-04:00,716.4756800447307,723.3101331023296,708.9318445822669,716.9652709960938,10246800,0.0,0.0
2025-10-16 00:00:00-04:00,716.9652609619593,724.898793146875,703.3064176322127,711.48974609375,9017000,0.0,0.0
2025-10-17 00:00:00-04:00,706.5038073054051,717.9544293541486,705.5445676686097,716.3357543945312,12232400,0.0,0.0
2025-10-20 00:00:00-04:00,720.602270855396,733.1720358988009,719.5930841941394,731.5733032226562,8900200,0.0,0.0
2025-10-21 00:00:00-04:00,735.4202444049121,737.898203963144,728.156149137632,732.6724853515625,7647300,0.0,0.0
2025-10-22 00:00:00-04:00,733.2320185457676,739.9964601984101,723.4400167690366,732.8123168945312,8734500,0.0,0.0
2025-10-23 00:00:00-04:00,734.1012972282697,741.8049752352916,732.5025644943078,733.40185546875,9856000,0.0,0.0
2025-10-24 00:00:00-04:00,736.1895728454068,740.6060149267306,730.5542151922721,737.75830078125,9151300,0.0,0.0
2025-10-27 00:00:00-04:00,749.1189913399045,755.1341048828856,747.4004223192904,750.2081298828125,11321100,0.0,0.0
2025-10-28 00:00:00-04:00,752.0166693998259,757.7819868095911,744.9124781386814,750.82763671875,12193800,0.0,0.0
2025-10-29 00:00:00-04:00,754.1349412128479,758.5413205942342,741.9049255575367,751.0574340820312,26818600,0.0,0.0
2025-10-30 00:00:00-04:00,668.6047496805471,680.405123547836,649.6401745693712,665.9268798828125,88440100,0.0,0.0
2025-10-31 00:00:00-04:00,673.9603724515775,674.3400676801817,645.0439523217459,647.8216552734375,56953200,0.0,0.0
2025-11-03 00:00:00-05:00,655.4654426520216,658.792746197499,635.6615861365713,637.1903686523438,33003600,0.0,0.0
2025-11-04 00:00:00-05:00,627.528160823027,641.2170082918374,625.4998468710925,626.8087768554688,27356600,0.0,0.0
2025-11-05 00:00:00-05:00,631.7947143740674,641.7066132741587,626.0293969573662,635.4317626953125,20219900,0.0,0.0
2025-11-06 00:00:00-05:00,635.3318005623231,635.4817027165644,617.4963715076051,618.4356079101562,23628800,0.0,0.0
2025-11-07 00:00:00-05:00,615.9875913853423,621.6230097922952,600.7100736857968,621.203369140625,29946800,0.0,0.0
2025-11-10 00:00:00-05:00,630.5757412925083,634.4825281361091,617.606277436272,631.2451782226562,19245000,0.0,0.0
2025-11-11 00:00:00-05:00,627.4882640088713,629.0469903781388,618.8852946435945,626.5690307617188,13302200,0.0,0.0
2025-11-12 00:00:00-05:00,627.6181473129036,628.4774318700306,607.2747531328254,608.5137329101562,24493300,0.0,0.0
2025-11-13 00:00:00-05:00,612.5704066192014,617.1466913787408,602.5086055074847,609.3930053710938,20973800,0.0,0.0
2025-11-14 00:00:00-05:00,601.2995852054279,613.1799107961393,594.7149894844074,608.96337890625,20724100,0.0,0.0
2025-11-17 00:00:00-05:00,608.54364845602,611.1915132655756,594.914810553651,601.5194091796875,16501300,0.0,0.0
2025-11-18 00:00:00-05:00,591.1178778321469,603.1680476389258,583.3043040560937,597.2029418945312,25500600,0.0,0.0
2025-11-19 00:00:00-05:00,593.236120814011,594.8448550993957,580.7763124672824,589.8389282226562,24744700,0.0,0.0
2025-11-20 00:00:00-05:00,603.0082035639184,606.225550290049,582.8745995478572,588.669921875,20603000,0.0,0.0
2025-11-21 00:00:00-05:00,588.0204327318114,597.6325885375659,581.38582901572,593.7657470703125,21052600,0.0,0.0
2025-11-24 00:00:00-05:00,598.2320754408486,616.1974650582393,597.1429978306941,612.5504150390625,23554900,0.0,0.0
2025-11-25 00:00:00-05:00,623.4914651316196,636.5308177101258,617.7960982049689,635.7014770507812,25213000,0.0,0.0
2025-11-26 00:00:00-05:00,637.1703200291516,637.8397569399452,631.1152610365342,633.0936279296875,15209500,0.0,0.0
2025-11-28 00:00:00-05:00,635.5616748244524,647.5218911860414,634.9821303911365,647.4219970703125,11033200,0.0,0.0
2025-12-01 00:00:00-05:00,639.028785702615,644.7941029489796,637.2402664201815,640.3477172851562,13029900,0.0,0.0
2025-12-02 00:00:00-05:00,641.8165621493692,647.3420238521164,637.5500224020741,646.5726318359375,11640900,0.0,0.0
2025-12-03 00:00:00-05:00,643.8848130159247,648.3211970895987,637.0304181904862,639.0787353515625,11134300,0.0,0.0
2025-12-04 00:00:00-05:00,675.4491463216154,675.5490404402168,659.512131337801,660.990966796875,29874600,0.0,0.0
2025-12-05 00:00:00-05:00,663.4589092143041,674.1402004180294,661.8502358329807,672.8712158203125,21207900,0.0,0.0
2025-12-08 00:00:00-05:00,668.7945609027437,676.1585499822719,664.528021142878,666.256591796875,13161000,0.0,0.0
2025-12-09 00:00:00-05:00,663.2291308887899,663.9385132978894,652.807637338328,656.4246826171875,12997100,0.0,0.0
2025-12-10 00:00:00-05:00,649.4203737252112,653.9766553823684,642.8757234590145,649.6002197265625,16910900,0.0,0.0
2025-12-11 00:00:00-05:00,642.7657334383907,654.7460135009795,640.2777724038347,652.1781005859375,13056700,0.0,0.0
2025-12-12 00:00:00-05:00,649.2704855848336,710.4206277669183,638.0896015354143,643.7050170898438,14016900,0.0,0.0
2025-12-15 00:00:00-05:00,645.7000122070312,653.0,638.7000122070312,647.510009765625,15549100,0.525,0.0
2025-12-16 00:00:00-05:00,643.5,662.5399780273438,643.2000122070312,657.1500244140625,14309100,0.0,0.0
2025-12-17 00:00:00-05:00,655.6099853515625,661.22998046875,649.2000122070312,649.5,15598500,0.0,0.0
2025-12-18 00:00:00-05:00,657.030029296875,670.5599975585938,656.4600219726562,664.4500122070312,20260300,0.0,0.0
2025-12-19 00:00:00-05:00,666.4199829101562,671.0,658.1799926757812,658.77001953125,49977100,0.0,0.0
2025-12-22 00:00:00-05:00,661.6500244140625,673.5800170898438,656.6500244140625,661.5,15659400,0.0,0.0
2025-12-23 00:00:00-05:00,660.0499877929688,666.0,658.25,664.9400024414062,8486800,0.0,0.0
2025-12-24 00:00:00-05:00,662.530029296875,668.1799926757812,662.2000122070312,667.5499877929688,5627500,0.0,0.0
2025-12-26 00:00:00-05:00,668.0599975585938,668.9500122070312,661.3200073242188,663.2899780273438,7062300,0.0,0.0
