Date,Open,High,Low,Close,Volume,Dividends,Stock Splits
2020-12-28 00:00:00-05:00,215.36873378700318,216.88480862933818,213.99659871863554,215.8581085205078,17933500,0.0,0.0
2020-12-29 00:00:00-05:00,217.1534351478008,217.98823003223873,214.53389577009193,215.08082580566406,17403200,0.0,0.0
2020-12-30 00:00:00-05:00,216.11715427573614,216.50097899696252,212.50928974470457,212.71078491210938,20272300,0.0,0.0
2020-12-31 00:00:00-05:00,212.7299675852491,213.97737223508196,210.79169311832163,213.42083740234375,20942100,0.0,0.0
2021-01-04 00:00:00-05:00,213.5263708383666,213.97735567410496,206.11872309394096,208.8822021484375,37130100,0.0,0.0
2021-01-05 00:00:00-05:00,208.4695896365908,209.67861902727174,206.97271004947524,209.0836944580078,23823000,0.0,0.0
2021-01-06 00:00:00-05:00,203.58554280387045,207.73076146630103,203.36485276551582,203.6623077392578,35930700,0.0,0.0
2021-01-07 00:00:00-05:00,205.37988746553668,210.46545121287744,205.06325222351228,209.4579315185547,27694500,0.0,0.0
2021-01-08 00:00:00-05:00,209.83217627824564,211.65531085549392,208.24894131509814,210.73414611816406,22956200,0.0,0.0
2021-01-11 00:00:00-05:00,209.63066780968265,210.0528676774654,207.961063234746,208.69032287597656,23031300,0.0,0.0
2021-01-12 00:00:00-05:00,207.74034052523803,208.3160701892637,204.68901137357724,206.23385620117188,23249300,0.0,0.0
2021-01-13 00:00:00-05:00,205.3606677504283,207.9897968641936,205.27429805960307,207.5867919921875,20087100,0.0,0.0
2021-01-14 00:00:00-05:00,207.17423821247684,208.66152780549393,204.13249885511956,204.4011688232422,29480800,0.0,0.0
2021-01-15 00:00:00-05:00,204.88093687983877,205.83087188668628,203.45121734402414,204.04612731933594,31746500,0.0,0.0
2021-01-19 00:00:00-05:00,205.10159063568324,208.2008994612492,204.02691096298452,207.68275451660156,30480900,0.0,0.0
2021-01-20 00:00:00-05:00,208.89182426038445,216.6544982014575,208.4984094044723,215.26316833496094,37777300,0.0,0.0
2021-01-21 00:00:00-05:00,215.6086111691637,217.1438808555298,213.42086138301298,215.86769104003906,30709400,0.0,0.0
2021-01-22 00:00:00-05:00,217.8922525651383,220.76128121950816,216.6640430572437,216.80796813964844,30172700,0.0,0.0
2021-01-25 00:00:00-05:00,219.8497492395992,220.48304900698852,215.14801018418993,220.2431640625,33152100,0.0,0.0
2021-01-26 00:00:00-05:00,222.4789162100641,224.70504110859784,220.770936402289,222.92990112304688,49169600,0.0,0.0
2021-01-27 00:00:00-05:00,228.37046532559663,230.71174470769552,220.8284821455737,223.476806640625,69870600,0.0,0.0
2021-01-28 00:00:00-05:00,226.07716818506384,232.8227316681534,225.57820339979344,229.26283264160156,49111200,0.0,0.0
2021-01-29 00:00:00-05:00,226.44183490991654,228.38969980990777,221.98957018973405,222.57489013671875,42503100,0.0,0.0
2021-02-01 00:00:00-05:00,225.54940574495873,232.68838365200105,223.02581157927415,229.9536895751953,33314200,0.0,0.0
2021-02-02 00:00:00-05:00,231.53695085313288,232.50608075588323,229.03255145237534,229.81936645507812,25916300,0.0,0.0
2021-02-03 00:00:00-05:00,229.87693764522302,235.17358635543027,229.57946803336847,233.16815185546875,27158100,0.0,0.0
2021-02-04 00:00:00-05:00,232.84189498215045,233.39842973611815,230.64454098446654,232.2181854248047,25296100,0.0,0.0
2021-02-05 00:00:00-05:00,232.42932823639254,233.4368479832068,230.6925634918369,232.40054321289062,18054800,0.0,0.0
2021-02-08 00:00:00-05:00,233.31211754611243,233.8206725146445,231.06679772564047,232.65963745117188,22211900,0.0,0.0
2021-02-09 00:00:00-05:00,232.08387859856478,234.85694793762076,231.61371348356542,233.90701293945312,23565000,0.0,0.0
2021-02-10 00:00:00-05:00,235.08724254171878,235.97001736898727,231.14353351995416,232.99545288085938,22186700,0.0,0.0
2021-02-11 00:00:00-05:00,234.8761299477972,235.23115495661315,232.35253581551774,234.59786987304688,15751100,0.0,0.0
2021-02-12 00:00:00-05:00,234.06052752923827,235.37510696165688,232.90908274109216,235.07765197753906,16561100,0.0,0.0
2021-02-16 00:00:00-05:00,235.11600274275108,236.17150222991458,233.09137346567442,233.83981323242188,26728500,0.0,0.0
2021-02-17 00:00:00-05:00,232.08948433430788,234.96510703693932,231.72401468977077,234.85931396484375,21653500,0.56,0.0
2021-02-18 00:00:00-05:00,232.55109320398296,234.5996101987233,231.64704608816618,234.4649658203125,16925600,0.0,0.0
2021-02-19 00:00:00-05:00,234.42650126233121,234.53229432170122,230.993047615162,231.75283813476562,25262600,0.0,0.0
2021-02-22 00:00:00-05:00,228.33862759094472,228.82911468835837,223.51063965852657,225.53993225097656,36446900,0.0,0.0
2021-02-23 00:00:00-05:00,221.51981974467014,225.84769358188825,219.98101428804915,224.3473663330078,30228700,0.0,0.0
2021-02-24 00:00:00-05:00,221.2120477133172,226.20353110586373,220.24068577960895,225.57839965820312,26339700,0.0,0.0
2021-02-25 00:00:00-05:00,223.20288228767947,225.61686886141217,219.16353629900811,220.2310791015625,39542200,0.0,0.0
2021-02-26 00:00:00-05:00,222.6739161526136,226.36703163258593,220.76002888675455,223.4914093017578,37819200,0.0,0.0
2021-03-01 00:00:00-05:00,226.87677089593706,228.38672511898815,224.23195895822414,227.8769989013672,25324000,0.0,0.0
2021-03-02 00:00:00-05:00,227.94431703214215,228.22323269493202,224.5204900588609,224.92442321777344,22812500,0.0,0.0
2021-03-03 00:00:00-05:00,223.279844277028,224.6455272759705,218.56726130025564,218.8557891845703,34029500,0.0,0.0
2021-03-04 00:00:00-05:00,218.0671220058217,223.59718252075484,215.68197229589236,218.0574951171875,44727800,0.0,0.0
2021-03-05 00:00:00-05:00,220.74084563782202,224.34740783603104,217.7978932321057,222.7412872314453,41872800,0.0,0.0
2021-03-08 00:00:00-05:00,222.5200514391749,224.443551081611,218.44224158929848,218.69229125976562,35267400,0.0,0.0
2021-03-09 00:00:00-05:00,223.97229118428092,226.37666560982453,222.8085675052576,224.83786010742188,33080500,0.0,0.0
2021-03-10 00:00:00-05:00,227.9346923560373,227.9346923560373,223.16440710536557,223.52987670898438,29746800,0.0,0.0
2021-03-11 00:00:00-05:00,225.97274282318187,230.0217013232755,225.34759663880936,228.0597381591797,29907600,0.0,0.0
2021-03-12 00:00:00-05:00,225.05903321453633,226.79981243058896,224.30886965187727,226.73248291015625,22653700,0.0,0.0
2021-03-15 00:00:00-04:00,225.9727472321897,226.1939455847543,222.94322645297672,225.82847595214844,26034900,0.0,0.0
2021-03-16 00:00:00-04:00,227.24221351806312,230.87762613927848,226.91522214846157,228.61752319335938,28092200,0.0,0.0
2021-03-17 00:00:00-04:00,227.1172182803652,229.42542669569994,224.30891051557515,227.97317504882812,29562100,0.0,0.0
2021-03-18 00:00:00-04:00,223.66451343079086,225.23217017671175,221.51981565564103,221.8948974609375,34833000,0.0,0.0
2021-03-19 00:00:00-04:00,222.18346368282081,223.5779980882051,220.57734312763878,221.53909301757812,46430700,0.0,0.0
2021-03-22 00:00:00-04:00,221.4621083916309,227.83849894840333,221.33707623409987,226.96331787109375,30127000,0.0,0.0
2021-03-23 00:00:00-04:00,228.4059539788877,231.82978074938532,228.002020843899,228.4925079345703,31638400,0.0,0.0
2021-03-24 00:00:00-04:00,228.75217929157247,228.8964358811069,226.31895364718338,226.45359802246094,25620100,0.0,0.0
2021-03-25 00:00:00-04:00,226.29971226671537,227.87698122201323,222.71238991673437,223.4529266357422,34061900,0.0,0.0
2021-03-26 00:00:00-04:00,222.69316616439068,227.65579858844697,222.69316616439068,227.43458557128906,25479900,0.0,0.0
2021-03-29 00:00:00-04:00,227.54037302898925,227.74234693638846,223.0105398608901,226.2420196533203,25227500,0.0,0.0
2021-03-30 00:00:00-04:00,224.59742201837378,224.90518898802316,222.2603771275382,222.981689453125,24792000,0.0,0.0
2021-03-31 00:00:00-04:00,224.00114974202836,229.9543833600764,223.50103573631569,226.7517547607422,43623500,0.0,0.0
2021-04-01 00:00:00-04:00,229.34843902978423,233.55128028262237,228.9445059398782,233.0800323486328,30338000,0.0,0.0
2021-04-05 00:00:00-04:00,233.4743613464268,240.39897120703446,233.41665871011114,239.5430145263672,36910600,0.0,0.0
2021-04-06 00:00:00-04:00,238.13881980138274,239.86034513380605,237.43674670018453,238.37925720214844,22931900,0.0,0.0
2021-04-07 00:00:00-04:00,238.3312395727266,241.33189455463196,237.73495933276817,240.34129333496094,22719800,0.0,0.0
2021-04-08 00:00:00-04:00,243.1015050665614,244.41909761825963,242.3609535993028,243.56314086914062,23625200,0.0,0.0
2021-04-09 00:00:00-04:00,243.19765015784952,246.1983193023005,242.7841048169457,246.0636749267578,24326800,0.0,0.0
2021-04-12 00:00:00-04:00,244.96728689441156,247.81407263023797,244.8807182632371,246.1213836669922,27148700,0.0,0.0
2021-04-13 00:00:00-04:00,247.41977338939648,249.27594353772244,247.0061986517212,248.6027069091797,23837500,0.0,0.0
2021-04-14 00:00:00-04:00,247.63135037006475,248.9296891266608,245.4000837782856,245.81362915039062,23070900,0.0,0.0
2021-04-15 00:00:00-04:00,248.0640816410756,249.98758095240146,247.87174932010515,249.57403564453125,25627500,0.0,0.0
2021-04-16 00:00:00-04:00,249.5452355913657,251.01671169279516,247.74676806187148,250.7666473388672,24878600,0.0,0.0
2021-04-19 00:00:00-04:00,250.23767328668572,251.4783386995464,247.95833104347497,248.84312438964844,23209300,0.0,0.0
2021-04-20 00:00:00-04:00,247.9582975398235,250.24726636347467,247.01577233294665,248.3814697265625,19722900,0.0,0.0
2021-04-21 00:00:00-04:00,249.03549280000607,250.7089280413718,247.41013330799765,250.6127471923828,24030400,0.0,0.0
2021-04-22 00:00:00-04:00,250.2568580859373,251.7668120194269,245.8616699942858,247.33316040039062,25606200,0.0,0.0
2021-04-23 00:00:00-04:00,248.01602341816627,251.50717961088,247.4293408246283,251.1609344482422,21462600,0.0,0.0
2021-04-26 00:00:00-04:00,251.65144677426986,252.40161041619083,250.21844901797465,251.54563903808594,19763300,0.0,0.0
2021-04-27 00:00:00-04:00,251.57445799551294,253.12289017853598,250.1703117387507,251.94955444335938,31014200,0.0,0.0
2021-04-28 00:00:00-04:00,246.2848623553483,246.72728837126857,243.2745956256258,244.82301330566406,46903100,0.0,0.0
2021-04-29 00:00:00-04:00,245.68859868614197,246.3041179418775,239.47568881641504,242.85142517089844,40589000,0.0,0.0
2021-04-30 00:00:00-04:00,240.18737020905894,243.3996106161242,240.0527258409525,242.53402709960938,30945100,0.0,0.0
2021-05-03 00:00:00-04:00,243.70737597050828,244.62104995508665,241.51458775779273,242.22628784179688,19626600,0.0,0.0
2021-05-04 00:00:00-04:00,241.37035325676896,241.60117849638647,236.3596302425455,238.31198120117188,32756100,0.0,0.0
2021-05-05 00:00:00-04:00,239.5333781544318,239.956550370843,236.41731851565086,237.04244995117188,21901300,0.0,0.0
2021-05-06 00:00:00-04:00,237.02322683491766,240.30279705816986,235.3305525302408,240.17776489257812,26491100,0.0,0.0
2021-05-07 00:00:00-04:00,242.5051899813875,244.57296071817902,241.56267934946032,242.8033447265625,27032900,0.0,0.0
2021-05-10 00:00:00-04:00,241.2741549439333,242.1012603154502,237.66759338356374,237.7252960205078,29299900,0.0,0.0
2021-05-11 00:00:00-04:00,235.19594322205515,237.1675334708773,233.29168251094148,236.81167602539062,33641600,0.0,0.0
2021-05-12 00:00:00-04:00,232.90692968884187,235.03240304314005,228.96376461216937,229.85818481445312,36684400,0.0,0.0
2021-05-13 00:00:00-04:00,232.5510912295652,236.20574319486232,232.18562163049452,233.73403930664062,29624300,0.0,0.0
2021-05-14 00:00:00-04:00,236.18648360868315,239.64877358465748,236.0999296611892,238.65817260742188,23901100,0.0,0.0
2021-05-17 00:00:00-04:00,237.1194261082235,237.15788964478247,234.2053252655451,235.80181884765625,24970200,0.0,0.0
2021-05-18 00:00:00-04:00,236.85011911302658,236.9847634933357,233.6090124207186,233.78213500976562,20168000,0.0,0.0
2021-05-19 00:00:00-04:00,230.6877638651082,234.46652622846455,230.0033530891012,234.36048889160156,25739800,0.56,0.0
2021-05-20 00:00:00-04:00,235.17029179981682,239.01652537037464,235.0738888489302,237.5994873046875,21800700,0.0,0.0
2021-05-21 00:00:00-04:00,238.6501927760456,239.38280508852012,235.92215439273173,236.33665466308594,21863100,0.0,0.0
2021-05-24 00:00:00-04:00,238.8622751429224,242.1108661573767,238.59236454414025,241.7445526123047,21411500,0.0,0.0
2021-05-25 00:00:00-04:00,242.6988667519636,243.64355376177159,241.78309768160725,242.65066528320312,17704300,0.0,0.0
2021-05-26 00:00:00-04:00,242.37111974560884,243.8267247584653,241.71562680105612,242.42897033691406,17771600,0.0,0.0
2021-05-27 00:00:00-04:00,242.12048523027423,242.41931375220793,240.26966350914816,240.32749938964844,24426200,0.0,0.0
2021-05-28 00:00:00-04:00,241.95659116393372,242.9976810503592,240.5684713153664,240.68414306640625,18270200,0.0,0.0
2021-06-01 00:00:00-04:00,242.17830641523153,242.23614229222227,238.06216293981552,238.48629760742188,23213300,0.0,0.0
2021-06-02 00:00:00-04:00,239.19000511781942,240.2889309005884,236.98250443349707,238.38990783691406,19406700,0.0,0.0
2021-06-03 00:00:00-04:00,236.38487261967325,237.46451498894615,234.2448567027044,236.8572235107422,25307700,0.0,0.0
2021-06-04 00:00:00-04:00,238.83335115960136,242.58319621464275,238.5923585089971,241.75418090820312,25281100,0.0,0.0
2021-06-07 00:00:00-04:00,240.97333554893908,244.9352547949257,240.80946233304937,244.66534423828125,23079200,0.0,0.0
2021-06-08 00:00:00-04:00,245.966711756898,246.78609255033888,243.41218115377325,243.47003173828125,22455000,0.0,0.0
2021-06-09 00:00:00-04:00,244.6653522763675,246.3233827268109,244.0869787969945,244.45327758789062,17937600,0.0,0.0
2021-06-10 00:00:00-04:00,245.12803093353816,248.18381539117556,244.53037398172262,247.97174072265625,24563600,0.0,0.0
2021-06-11 00:00:00-04:00,248.69474693138196,249.1767321950456,247.364462896783,248.59837341308594,18999700,0.0,0.0
2021-06-14 00:00:00-04:00,248.6079545784637,250.5841115039967,247.54758127915835,250.52627563476562,19150500,0.0,0.0
2021-06-15 00:00:00-04:00,250.4105934676479,250.62266814359123,248.39589875520807,249.0513916015625,18038900,0.0,0.0
2021-06-16 00:00:00-04:00,250.0539604529106,251.191438667356,245.2533911236505,248.10675048828125,27220000,0.0,0.0
2021-06-17 00:00:00-04:00,246.84394367477012,252.31928929132428,246.7861077957115,251.49990844726562,27565500,0.0,0.0
2021-06-18 00:00:00-04:00,250.27564581778176,252.8494303750151,249.42734713801974,250.0828399658203,37202200,0.0,0.0
2021-06-21 00:00:00-04:00,250.45884751555622,254.02552107281122,248.62730926528494,253.1676025390625,26696100,0.0,0.0
2021-06-22 00:00:00-04:00,253.25430100688712,256.2136971524737,252.94582342301248,255.94378662109375,24694100,0.0,0.0
2021-06-23 00:00:00-04:00,256.4065233683773,257.2162551197523,254.90273162753124,255.71246337890625,19518700,0.0,0.0
2021-06-24 00:00:00-04:00,256.5704260891659,258.1995388052665,255.90528400185622,257.0813293457031,21446900,0.0,0.0
2021-06-25 00:00:00-04:00,256.63792227468224,257.6211617683891,255.22088421190026,255.47149658203125,25611100,0.0,0.0
2021-06-28 00:00:00-04:00,256.5993028499447,259.2116545976608,256.32939229392287,259.03814697265625,19590000,0.0,0.0
2021-06-29 00:00:00-04:00,259.1827681299934,261.8626051966104,258.3248496012734,261.6216125488281,19937800,0.0,0.0
2021-06-30 00:00:00-04:00,260.93716184615096,261.5830055695424,259.8864375923306,261.13958740234375,21656500,0.0,0.0
2021-07-01 00:00:00-04:00,259.89610109622566,262.04576613920506,259.8864813944336,261.8144226074219,16725300,0.0,0.0
2021-07-02 00:00:00-04:00,262.99042843593526,267.98378836748816,262.6819508278436,267.6463928222656,26458000,0.0,0.0
2021-07-06 00:00:00-04:00,268.0127618499895,269.30447900628104,264.41714069196416,267.6560974121094,31565600,0.0,0.0
2021-07-07 00:00:00-04:00,269.3333960442315,270.576926430487,267.16446206306597,269.84429931640625,23260000,0.0,0.0
2021-07-08 00:00:00-04:00,266.92342963956736,268.687512155592,264.96657067142803,267.4247131347656,24618600,0.0,0.0
2021-07-09 00:00:00-04:00,265.7859789327302,268.0320175199491,265.40039657064716,267.9259948730469,23916700,0.0,0.0
2021-07-12 00:00:00-04:00,269.1020103084746,269.6900181971794,266.6149499259008,267.32830810546875,18931700,0.0,0.0
2021-07-13 00:00:00-04:00,267.5211464403446,272.65912690614584,267.39585495658895,270.85650634765625,26120100,0.0,0.0
2021-07-14 00:00:00-04:00,272.1770600273276,273.43985895218515,270.4418955818897,272.331298828125,23113700,0.0,0.0
2021-07-15 00:00:00-04:00,271.83971576724895,272.3313501989015,269.74788657077227,270.9046630859375,22604200,0.0,0.0
2021-07-16 00:00:00-04:00,271.9071833087747,273.86404237165414,269.3912048461886,270.6347351074219,26186800,0.0,0.0
2021-07-19 00:00:00-04:00,268.88028688273266,270.26840676845325,264.5617178320867,267.02947998046875,32935600,0.0,0.0
2021-07-20 00:00:00-04:00,268.01266512670304,270.8467402022699,266.30644826204104,269.2561950683594,26259700,0.0,0.0
2021-07-21 00:00:00-04:00,268.8513350191112,271.3769327258679,267.29935681688346,271.2612609863281,24364300,0.0,0.0
2021-07-22 00:00:00-04:00,273.61341633682554,276.1004770022266,273.20856515188495,275.83056640625,23384100,0.0,0.0
2021-07-23 00:00:00-04:00,277.01618768311425,279.5417855932777,276.1775380858662,279.23333740234375,22768100,0.0,0.0
2021-07-26 00:00:00-04:00,278.58749439112125,279.2526364370559,276.3125379693512,278.63568115234375,23176100,0.0,0.0
2021-07-27 00:00:00-04:00,279.00198503858365,279.14657473530417,272.7554747958883,276.21612548828125,33604100,0.0,0.0
2021-07-28 00:00:00-04:00,278.57784165912227,279.69605103462703,273.60375005831014,275.90765380859375,33566900,0.0,0.0
2021-07-29 00:00:00-04:00,275.9269095230165,278.22116404498746,275.7726707111648,276.17755126953125,18168300,0.0,0.0
2021-07-30 00:00:00-04:00,274.8955087129223,276.33181549192943,273.6808963441765,274.6448669433594,20944800,0.0,0.0
2021-08-02 00:00:00-04:00,276.04259896913004,276.4378304339473,273.51700077653703,274.55810546875,16267400,0.0,0.0
2021-08-03 00:00:00-04:00,275.1365359807182,276.8813206313262,273.7676846137069,276.7752685546875,17879000,0.0,0.0
2021-08-04 00:00:00-04:00,275.90766563142967,277.2283006433001,274.3942247328133,276.1872253417969,16191300,0.0,0.0
2021-08-05 00:00:00-04:00,276.5438479043771,279.19476664668434,275.7919521287353,279.0887145996094,13900200,0.0,0.0
2021-08-06 00:00:00-04:00,278.11515991153345,279.06948136668063,277.2572119794153,279.0309143066406,16589300,0.0,0.0
2021-08-09 00:00:00-04:00,279.31047101835446,281.04560626695286,277.44036577008546,277.9416198730469,16117600,0.0,0.0
2021-08-10 00:00:00-04:00,278.3946460159266,278.8284444729027,274.9243760322883,276.11968994140625,18616600,0.0,0.0
2021-08-11 00:00:00-04:00,276.861940433862,278.2597093320037,275.5605744628409,276.611328125,13955900,0.0,0.0
2021-08-12 00:00:00-04:00,276.3028670263916,279.5225249418082,276.0233073464592,279.3682861328125,14561300,0.0,0.0
2021-08-13 00:00:00-04:00,279.05019120849465,282.3469538476738,278.87665416060753,282.29876708984375,18249000,0.0,0.0
2021-08-16 00:00:00-04:00,282.62651582587677,284.19779246209333,279.5707163690693,283.9857177734375,22507600,0.0,0.0
2021-08-17 00:00:00-04:00,281.8553646766232,282.8578728727567,280.592536185062,282.5204772949219,20075300,0.0,0.0
2021-08-18 00:00:00-04:00,282.0568729168721,284.7418398373569,280.3473599755678,280.7916564941406,21813000,0.56,0.0
2021-08-19 00:00:00-04:00,278.82140335515624,287.3012660466153,278.7731243483728,286.62518310546875,29850500,0.0,0.0
2021-08-20 00:00:00-04:00,289.4744085607878,295.3851984971532,287.8711502652428,293.9557800292969,40817600,0.0,0.0
2021-08-23 00:00:00-04:00,292.88370333247155,294.9602018470455,291.53156682119305,294.23583984375,22830200,0.0,0.0
2021-08-24 00:00:00-04:00,294.5931598209611,295.2016285633885,291.6764063680512,292.27520751953125,18175800,0.0,0.0
2021-08-25 00:00:00-04:00,293.8977628351036,294.1778576953558,290.1504219493204,291.6860656738281,20006100,0.0,0.0
2021-08-26 00:00:00-04:00,290.70098099009647,292.09175854392464,288.7307373508136,288.8659362792969,17666100,0.0,0.0
2021-08-27 00:00:00-04:00,288.7693394050328,290.58507834553194,286.6831731419722,289.4743957519531,22605700,0.0,0.0
2021-08-30 00:00:00-04:00,290.82650002669567,293.82053542708803,290.76855342647343,293.2120666503906,16348100,0.0,0.0
2021-08-31 00:00:00-04:00,294.01375861015157,294.09101093165754,291.1935625480944,291.5605773925781,26285300,0.0,0.0
2021-09-01 00:00:00-04:00,292.51663322112495,294.7573330014589,291.183802671196,291.5121765136719,18983800,0.0,0.0
2021-09-02 00:00:00-04:00,291.86962381064285,292.9899444977672,289.9186565146118,290.8554992675781,16285600,0.0,0.0
2021-09-03 00:00:00-04:00,290.70092922538174,292.25590820944143,289.9959024554989,290.8458251953125,14747900,0.0,0.0
2021-09-07 00:00:00-04:00,290.7202227193549,290.79747501445877,288.0062826855624,289.9185791015625,17180400,0.0,0.0
2021-09-08 00:00:00-04:00,289.532246581357,290.33386069130086,287.301214539658,289.9475402832031,15046800,0.0,0.0
2021-09-09 00:00:00-04:00,290.5366836957276,291.81156748369074,286.847260676481,287.0887145996094,19927000,0.0,0.0
2021-09-10 00:00:00-04:00,288.21882300502165,289.66754700158504,285.2827341191642,285.6014404296875,19633400,0.0,0.0
2021-09-13 00:00:00-04:00,287.3784704397961,288.33464809421395,284.027088540484,286.8376159667969,23652900,0.0,0.0
2021-09-14 00:00:00-04:00,289.31981339850245,291.08727303017804,287.9097304141614,289.5419616699219,21853400,0.0,0.0
2021-09-15 00:00:00-04:00,292.89335389276897,294.88293238817874,291.50257656936515,294.4000244140625,28356300,0.0,0.0
2021-09-16 00:00:00-04:00,293.3762633965969,294.8732663344174,290.4788155367918,294.7863464355469,19550800,0.0,0.0
2021-09-17 00:00:00-04:00,293.77228951678643,294.0909958539162,289.2908887656017,289.6192626953125,41372500,0.0,0.0
2021-09-20 00:00:00-04:00,286.2002599629633,288.5085744930262,279.6230549552569,284.2396545410156,38278700,0.0,0.0
2021-09-21 00:00:00-04:00,285.58212453468485,287.3688899615911,284.0175073900998,284.7225341796875,22364100,0.0,0.0
2021-09-22 00:00:00-04:00,286.58652489770395,289.9572125132634,284.4424127029341,288.3732604980469,26626300,0.0,0.0
2021-09-23 00:00:00-04:00,288.6340727004144,290.61398340339673,287.35918870442185,289.3197937011719,18604600,0.0,0.0
2021-09-24 00:00:00-04:00,288.035295269375,289.55160387819416,286.77971687639047,289.11700439453125,14999000,0.0,0.0
2021-09-27 00:00:00-04:00,286.01673319852733,286.3354394750528,282.9261105458033,284.11407470703125,23571700,0.0,0.0
2021-09-28 00:00:00-04:00,279.89347912445993,280.83998946296117,273.0844877708486,273.8281555175781,43186200,0.0,0.0
2021-09-29 00:00:00-04:00,275.35415155742265,276.9670477955747,273.33559962456496,274.291748046875,26353700,0.0,0.0
2021-09-30 00:00:00-04:00,275.9432270985098,277.990751901862,271.99304396857866,272.2828063964844,32343600,0.0,0.0
2021-10-01 00:00:00-04:00,272.475971258081,280.06729939899645,271.6743570466697,279.2173767089844,30086300,0.0,0.0
2021-10-04 00:00:00-04:00,277.57548742469766,277.91352888902685,270.6699095435266,273.43212890625,31350700,0.0,0.0
2021-10-05 00:00:00-04:00,274.33999347653463,280.47293031117425,274.33999347653463,278.8890075683594,24993000,0.0,0.0
2021-10-06 00:00:00-04:00,276.01091325935647,283.5925752475216,275.75015353316195,283.09033203125,28002600,0.0,0.0
2021-10-07 00:00:00-04:00,285.0895803576917,286.4996930408869,283.8726721525356,284.7708740234375,20430500,0.0,0.0
2021-10-08 00:00:00-04:00,286.09403732292327,286.4996930408869,283.7181380444717,284.7708740234375,17685700,0.0,0.0
2021-10-11 00:00:00-04:00,282.90678071411924,287.7841387766023,282.74257905730633,284.1719970703125,19298600,0.0,0.0
2021-10-12 00:00:00-04:00,285.24406291153826,285.3406503959171,282.3562828170901,282.8681640625,17974100,0.0,0.0
2021-10-13 00:00:00-04:00,284.8287718321762,287.1177508091328,283.4573002795523,286.180908203125,23416300,0.0,0.0
2021-10-14 00:00:00-04:00,288.9817603776688,292.90297048133476,287.64892975117283,292.4007568359375,27262900,0.0,0.0
2021-10-15 00:00:00-04:00,292.00481133068763,294.0426984552366,290.2470191041672,293.8108825683594,25384800,0.0,0.0
2021-10-18 00:00:00-04:00,293.192747080356,297.6741176404027,292.3428243514602,296.78558349609375,22729300,0.0,0.0
2021-10-19 00:00:00-04:00,297.80937465142074,298.7268821826882,296.7179978366252,297.6934814453125,17682100,0.0,0.0
2021-10-20 00:00:00-04:00,298.6399155083311,299.11318532497563,295.64588043051015,296.9014587402344,16537100,0.0,0.0
2021-10-21 00:00:00-04:00,296.66971746103866,300.38808552882756,295.88737937467477,300.1369934082031,16918100,0.0,0.0
2021-10-22 00:00:00-04:00,299.78924655970684,300.45566188219726,297.2781193491711,298.5916442871094,17449300,0.0,0.0
2021-10-25 00:00:00-04:00,298.7848281449745,298.82346903838294,295.98396759735755,297.5968933105469,17554500,0.0,0.0
2021-10-26 00:00:00-04:00,300.36874557406037,301.72088194222226,298.05079330373104,299.5091552734375,28107300,0.0,0.0
2021-10-27 00:00:00-04:00,305.19788831248667,314.95263684013287,305.19788831248667,312.122802734375,52588700,0.0,0.0
2021-10-28 00:00:00-04:00,313.2431465023909,313.7646954887712,310.374671288855,313.2624816894531,26297900,0.0,0.0
2021-10-29 00:00:00-04:00,313.0499226160472,320.65088928161384,312.82777434101513,320.28387451171875,34766000,0.0,0.0
2021-11-01 00:00:00-04:00,320.03274302106945,320.1583038041811,315.2133311036617,318.11077880859375,27073200,0.0,0.0
2021-11-02 00:00:00-04:00,319.01870120060556,322.05137778411626,318.719300579223,321.7423095703125,26487100,0.0,0.0
2021-11-03 00:00:00-04:00,322.4859625521439,323.4517785702542,319.3470604932856,322.5825500488281,21500100,0.0,0.0
2021-11-04 00:00:00-04:00,321.5104524364955,325.0356743939293,318.2459901477775,324.9390869140625,23992200,0.0,0.0
2021-11-05 00:00:00-04:00,326.93837395712325,327.2088012501793,322.98819017045656,324.5721130371094,22570100,0.0,0.0
2021-11-08 00:00:00-05:00,325.76967643631485,326.10771788078415,323.0074572358713,325.47027587890625,20897000,0.0,0.0
2021-11-09 00:00:00-05:00,325.5861712932559,327.141150158709,323.09437933646785,324.4658508300781,21307400,0.0,0.0
2021-11-10 00:00:00-05:00,323.1330579322974,323.19100453286666,318.6420195419929,319.4919128417969,25500900,0.0,0.0
2021-11-11 00:00:00-05:00,319.92656727683465,322.36041311749693,319.2118728300362,321.06622314453125,16849800,0.0,0.0
2021-11-12 00:00:00-05:00,322.5052609389951,325.7021092362378,322.3797001550684,325.20953369140625,23831000,0.0,0.0
2021-11-15 00:00:00-05:00,326.0015990969875,326.3299730586914,322.6115748999374,324.58184814453125,16723000,0.0,0.0
2021-11-16 00:00:00-05:00,324.2051134719756,329.02455543876874,324.04094125475103,327.9042053222656,20886800,0.0,0.0
2021-11-17 00:00:00-05:00,327.95258165019357,331.0972263739965,327.04305127550737,328.1267395019531,19053400,0.62,0.0
2021-11-18 00:00:00-05:00,327.2172336418868,331.3488322251063,326.1915979558552,330.2070617675781,22463500,0.0,0.0
2021-11-19 00:00:00-05:00,331.53259961586156,333.91284514256006,331.10686080252884,331.9873352050781,21963400,0.0,0.0
2021-11-22 00:00:00-05:00,333.44838968512596,338.33470068678344,328.5427376570779,328.81365966796875,31031100,0.0,0.0
2021-11-23 00:00:00-05:00,326.1238164638615,328.44603913072973,322.74696146941744,326.7333984375,30427600,0.0,0.0
2021-11-24 00:00:00-05:00,325.37873743709275,327.1977977956203,323.08557096343446,326.9559020996094,21661300,0.0,0.0
2021-11-26 00:00:00-05:00,323.51139309197777,326.9753273587702,317.4833401642881,318.9927673339844,24217200,0.0,0.0
2021-11-29 00:00:00-05:00,324.08218990951724,328.0396000732596,323.8886615355074,325.7174072265625,28563500,0.0,0.0
2021-11-30 00:00:00-05:00,324.44993871925334,326.8301846318638,318.32512179204315,319.8732604980469,42885600,0.0,0.0
2021-12-01 00:00:00-05:00,324.26607225872357,328.28153551508353,318.71215568609364,319.3797607421875,33337600,0.0,0.0
2021-12-02 00:00:00-05:00,319.59266935097634,322.67926164029905,317.17371172788904,318.8089294433594,30766000,0.0,0.0
2021-12-03 00:00:00-05:00,321.22787810651,321.914883312674,307.7204273838724,312.53900146484375,41779300,0.0,0.0
2021-12-06 00:00:00-05:00,313.4484686429607,316.83500853773074,308.8814765180251,315.6158447265625,30032600,0.0,0.0
2021-12-07 00:00:00-05:00,320.88922581286494,324.914344926329,319.39913979218665,324.0628967285156,31021900,0.0,0.0
2021-12-08 00:00:00-05:00,324.44021120612,324.6240543144924,320.0764029941524,324.1112365722656,24761000,0.0,0.0
2021-12-09 00:00:00-05:00,323.5694417964225,325.58200148890126,321.35366840903873,322.3019104003906,22214200,0.0,0.0
2021-12-10 00:00:00-05:00,324.1209277504692,331.8809319131235,323.93708463875004,331.43585205078125,38095700,0.0,0.0
2021-12-13 00:00:00-05:00,329.63617965813285,332.6453782369156,328.08804090407773,328.3976745605469,28899400,0.0,0.0
2021-12-14 00:00:00-05:00,322.4180382281001,323.79201920748443,313.60334092903327,317.69622802734375,44438700,0.0,0.0
2021-12-15 00:00:00-05:00,317.957396355384,324.32410824827537,313.9806448880069,323.8016052246094,35381100,0.0,0.0
2021-12-16 00:00:00-05:00,324.82730754994316,325.8432875010157,312.5486759013055,314.36773681640625,35034800,0.0,0.0
2021-12-17 00:00:00-05:00,310.4780493148756,314.3870930482203,306.9657181696841,313.3033752441406,47750300,0.0,0.0
2021-12-20 00:00:00-05:00,309.6748749533144,312.33572775319794,307.2752884173399,309.5394287109375,28326500,0.0,0.0
2021-12-21 00:00:00-05:00,312.8099049572173,317.10597568318013,309.4330203308387,316.68023681640625,24740600,0.0,0.0
2021-12-22 00:00:00-05:00,317.6574710399496,322.7953341481106,315.19014632592007,322.3986511230469,24831500,0.0,0.0
2021-12-23 00:00:00-05:00,321.9632794729556,325.48529616278444,321.94393844096396,323.84039306640625,19617800,0.0,0.0
2021-12-27 00:00:00-05:00,324.5853307619091,331.3777811868385,324.55630445788313,331.3487548828125,19947000,0.0,0.0
2021-12-28 00:00:00-05:00,332.02608481270596,332.664693105843,329.2878380448936,330.18768310546875,15661500,0.0,0.0
2021-12-29 00:00:00-05:00,330.23606817534716,333.13881719368874,328.6685884299691,330.8650207519531,15042000,0.0,0.0
2021-12-30 00:00:00-05:00,330.82625699451927,332.0067092569597,327.8364295204996,328.3202209472656,15994500,0.0,0.0
2021-12-31 00:00:00-05:00,327.5364893328757,328.35891115617534,324.962715335164,325.41748046875,18000800,0.0,0.0
2022-01-03 00:00:00-05:00,324.4789626840154,327.04305171040653,319.0895183249568,323.8984069824219,28865100,0.0,0.0
2022-01-04 00:00:00-05:00,323.97569969376383,324.3337300934752,315.54806271634334,318.3443908691406,32674300,0.0,0.0
2022-01-05 00:00:00-05:00,315.2965689226274,315.4997826044344,305.73687408915134,306.1239013671875,40054300,0.0,0.0
2022-01-06 00:00:00-05:00,302.99851849634985,308.36862023193925,301.39232766090015,303.7048645019531,39646100,0.0,0.0
2022-01-07 00:00:00-05:00,303.9661611560191,306.23998686939547,300.037776956861,303.8597412109375,32720000,0.0,0.0
2022-01-10 00:00:00-05:00,299.4571700806818,304.517638395895,294.812784781449,304.08221435546875,44289500,0.0,0.0
2022-01-11 00:00:00-05:00,303.2210877642495,306.3463611573554,299.8442334063924,304.76922607421875,29386800,0.0,0.0
2022-01-12 00:00:00-05:00,309.3072459156857,312.9259965978094,306.8011801608075,307.9526062011719,34372200,0.0,0.0
2022-01-13 00:00:00-05:00,310.0813514078008,310.47806401473673,294.14525686930887,294.9193115234375,45366000,0.0,0.0
2022-01-14 00:00:00-05:00,294.38712596538153,300.74415332363384,293.90333446831437,300.1442565917969,39846400,0.0,0.0
2022-01-18 00:00:00-05:00,294.2129087897325,299.75713933010854,291.95842433213926,292.83892822265625,42333200,0.0,0.0
2022-01-19 00:00:00-05:00,296.36104609400576,303.7340248434242,292.88742618970235,293.4969787597656,45933900,0.0,0.0
2022-01-20 00:00:00-05:00,299.0508745044083,301.54722556520954,291.37794866784134,291.8230285644531,35380700,0.0,0.0
2022-01-21 00:00:00-05:00,292.8777000608215,294.25165138229846,286.0271958983454,286.43359375,57984400,0.0,0.0
2022-01-24 00:00:00-05:00,282.7277385199471,287.4785446299873,267.1012508783427,286.7625427246094,85731500,0.0,0.0
2022-01-25 00:00:00-05:00,282.0698065330309,285.42732097416655,275.9256776481644,279.1380310058594,72848600,0.0,0.0
2022-01-26 00:00:00-05:00,298.00582478261947,298.49930147235415,283.5307939904859,287.09149169921875,90428900,0.0,0.0
2022-01-27 00:00:00-05:00,292.8487086541634,297.3382789457668,288.2720298974532,290.1201171875,53481300,0.0,0.0
2022-01-28 00:00:00-05:00,290.49743069503995,298.4799897848547,284.9048025987013,298.2671203613281,49743700,0.0,0.0
2022-01-31 00:00:00-05:00,298.93470345552413,302.2535052126906,296.4383234160704,300.8988952636719,46444500,0.0,0.0
2022-02-01 00:00:00-05:00,300.347421459454,300.5602908856212,295.2385847597286,298.75091552734375,40950400,0.0,0.0
2022-02-02 00:00:00-05:00,299.5926633463742,304.90468340297207,298.8669762554386,303.2984924316406,36636000,0.0,0.0
2022-02-03 00:00:00-05:00,299.4572493683748,301.1408638459518,290.2361846781371,291.484375,43730000,0.0,0.0
2022-02-04 00:00:00-05:00,290.47798793100026,298.78951960411746,290.2457775369809,296.0222473144531,35096500,0.0,0.0
2022-02-07 00:00:00-05:00,296.24484477716817,297.860691549558,290.17808160206255,291.1940612792969,28533300,0.0,0.0
2022-02-08 00:00:00-05:00,291.48431505090974,295.6545945073007,290.2264692371071,294.68701171875,32421200,0.0,0.0
2022-02-09 00:00:00-05:00,299.8249328306882,301.81815140418445,297.4253459420539,301.1214904785156,31284700,0.0,0.0
2022-02-10 00:00:00-05:00,294.18391946316234,299.0992277076315,290.95219605157683,292.5777282714844,45386200,0.0,0.0
2022-02-11 00:00:00-05:00,293.36153522818614,294.4258825902008,284.6823132620439,285.4757385253906,39175600,0.0,0.0
2022-02-14 00:00:00-05:00,284.2467523258243,287.13984460860996,281.90521878386704,285.4368896484375,36359500,0.0,0.0
2022-02-15 00:00:00-05:00,290.28456489456636,291.04893415052186,287.3914718484893,290.7296447753906,27058300,0.0,0.0
2022-02-16 00:00:00-05:00,289.29468550260657,291.7186447665817,284.7473355562415,290.39031982421875,29982100,0.62,0.0
2022-02-17 00:00:00-05:00,287.34575422063546,287.77237333129176,281.1792173127968,281.88702392578125,32461600,0.0,0.0
2022-02-18 00:00:00-05:00,284.13641208123676,284.92177229171386,277.60142923724896,279.1721496582031,34264000,0.0,0.0
2022-02-22 00:00:00-05:00,276.331359038796,282.6724448259665,275.8465671808332,278.9686279296875,41736100,0.0,0.0
2022-02-23 00:00:00-05:00,281.35375501257334,282.8275409854315,271.5803655847503,271.74517822265625,37811200,0.0,0.0
2022-02-24 00:00:00-05:00,264.2212450912512,286.1823084436964,263.2613371745761,285.629638671875,56989700,0.0,0.0
2022-02-25 00:00:00-05:00,286.16292683070213,288.57718060139933,282.7790598404249,288.26690673828125,32546700,0.0,0.0
2022-02-28 00:00:00-05:00,285.35818899427073,290.041295042324,284.08803665827065,289.7019348144531,34627500,0.0,0.0
2022-03-01 00:00:00-05:00,287.3845772168943,290.84599781965625,283.26384685818056,285.97869873046875,31217800,0.0,0.0
2022-03-02 00:00:00-05:00,286.37622044505133,292.3003920940344,284.7667375809277,291.059326171875,31873000,0.0,0.0
2022-03-03 00:00:00-05:00,293.67721950670733,293.90991012485733,285.1060736064637,286.9192199707031,27314500,0.0,0.0
2022-03-04 00:00:00-05:00,285.33873439242245,286.6670590433166,278.43530465770755,281.04345703125,32356500,0.0,0.0
2022-03-07 00:00:00-05:00,279.75393295465517,280.8786533930493,270.0580977160932,270.4265441894531,43157200,0.0,0.0
2022-03-08 00:00:00-05:00,269.35029539224405,275.3229335452845,261.7875556211475,267.4596252441406,48159500,0.0,0.0
2022-03-09 00:00:00-05:00,274.8187631313371,280.79140133597923,272.2396673436956,279.724853515625,35204500,0.0,0.0
2022-03-10 00:00:00-05:00,274.4116350819061,277.882762144941,272.045847909475,276.9034729003906,30628000,0.0,0.0
2022-03-11 00:00:00-05:00,279.2012996634574,280.7041720750728,270.93075230973267,271.5513000488281,27209300,0.0,0.0
2022-03-14 00:00:00-04:00,271.81307809759875,276.7191690212427,267.43057063229696,268.0317077636719,30660700,0.0,0.0
2022-03-15 00:00:00-04:00,271.8227376508679,279.0655275130415,270.2520171295623,278.4158935546875,34245100,0.0,0.0
2022-03-16 00:00:00-04:00,280.3163001707601,285.61024792688795,274.58608713792756,285.43572998046875,37826300,0.0,0.0
2022-03-17 00:00:00-04:00,284.3692195417673,286.61863130022596,280.5684383130834,286.2405090332031,30816600,0.0,0.0
2022-03-18 00:00:00-04:00,286.3859015665902,291.8446619377946,283.8262162636274,291.2919921875,43390600,0.0,0.0
2022-03-21 00:00:00-04:00,289.79883101325805,291.01081040705833,285.93017266749587,290.06060791015625,28351200,0.0,0.0
2022-03-22 00:00:00-04:00,290.6812090841878,295.72305663968604,289.68253896173263,294.8116455078125,27599700,0.0,0.0
2022-03-23 00:00:00-04:00,291.3694870676302,294.0067548282539,288.6643413745393,290.3804931640625,25715400,0.0,0.0
2022-03-24 00:00:00-04:00,290.0412760670834,294.9473671178432,289.2462103485092,294.85040283203125,24484500,0.0,0.0
2022-03-25 00:00:00-04:00,295.9459874387846,296.20776433611707,290.18665898274526,294.443115234375,22566500,0.0,0.0
2022-03-28 00:00:00-04:00,295.07342123843944,301.3466295315579,295.07342123843944,301.24969482421875,29578200,0.0,0.0
2022-03-29 00:00:00-04:00,304.3620002900689,306.21390857071964,299.64980847038635,305.8163757324219,30393400,0.0,0.0
2022-03-30 00:00:00-04:00,304.21657238754335,306.3399629265181,302.10285756421536,304.3135070800781,28163600,0.0,0.0
2022-03-31 00:00:00-04:00,304.3522806882295,305.55458445151703,298.5251034770213,298.93231201171875,33422100,0.0,0.0
2022-04-01 00:00:00-04:00,299.9600479924089,300.6969409340958,296.2465561407123,300.008544921875,27110500,0.0,0.0
2022-04-04 00:00:00-04:00,300.6581674070127,305.52546630436024,300.28972091399,305.3897399902344,24289600,0.0,0.0
2022-04-05 00:00:00-04:00,303.741391804676,305.29273121739135,300.4448140459923,301.4241027832031,23156700,0.0,0.0
2022-04-06 00:00:00-04:00,295.9072534761738,297.6621976161441,287.6851730006055,290.39031982421875,40110400,0.0,0.0
2022-04-07 00:00:00-04:00,287.63669930817355,294.414079792204,287.3361307332164,292.20343017578125,31411200,0.0,0.0
2022-04-08 00:00:00-04:00,291.3016814124939,291.9609911189032,287.26821033138873,287.9372253417969,24361900,0.0,0.0
2022-04-11 00:00:00-04:00,282.9148461789771,283.7098823533749,276.33136433660695,276.5834655761719,34569300,0.0,0.0
2022-04-12 00:00:00-04:00,280.44234644172155,281.89672181810613,271.95849007947834,273.4807434082031,30966700,0.0,0.0
2022-04-13 00:00:00-04:00,274.130364433045,279.80240446057144,272.74383748539003,278.8716125488281,21907200,0.0,0.0
2022-04-14 00:00:00-04:00,279.3273117976379,279.5406213549025,270.824075007664,271.31854248046875,28221600,0.0,0.0
2022-04-18 00:00:00-04:00,270.42659430347726,273.8686046152855,269.8739244910196,271.98760986328125,20778000,0.0,0.0
2022-04-19 00:00:00-04:00,270.88224409138223,277.46572436879006,269.94174690889537,276.6221618652344,22297700,0.0,0.0
2022-04-20 00:00:00-04:00,280.59747515624474,280.8883679766164,276.690054609588,277.6499328613281,22906700,0.0,0.0
2022-04-21 00:00:00-04:00,279.8024222293234,284.37885800425323,271.5415806106492,272.2687683105469,29454600,0.0,0.0
2022-04-22 00:00:00-04:00,273.11225361487504,274.58603936648194,265.06472297707495,265.6949462890625,29405800,0.0,0.0
2022-04-25 00:00:00-04:00,264.9774895553303,272.5596102250069,262.5341201377057,272.1814880371094,35678900,0.0,0.0
2022-04-26 00:00:00-04:00,269.05948386646486,269.8933116676329,261.787605924128,262.00091552734375,46518400,0.0,0.0
2022-04-27 00:00:00-04:00,273.5196006446066,282.1198043655611,270.66902185598894,274.60552978515625,63477700,0.0,0.0
2022-04-28 00:00:00-04:00,276.515542164648,282.129439349792,272.898984777169,280.82049560546875,33646600,0.0,0.0
2022-04-29 00:00:00-04:00,279.8315053530754,281.0628954479974,268.08986229591125,269.0788269042969,37073900,0.0,0.0
2022-05-02 00:00:00-04:00,269.2630493387839,276.27314931657503,267.8183792644711,275.81744384765625,35151100,0.0,0.0
2022-05-03 00:00:00-04:00,275.3228826214126,275.48772481192094,271.6287723869484,273.2091979980469,25978600,0.0,0.0
2022-05-04 00:00:00-04:00,273.99458463090093,282.03243974710455,268.3128397950904,281.1598205566406,33599300,0.0,0.0
2022-05-05 00:00:00-04:00,276.85486162734134,277.6402218405938,265.9955153465754,268.9139709472656,43260400,0.0,0.0
2022-05-06 00:00:00-04:00,266.4512719319163,270.7562255668046,263.0189376361337,266.37371826171875,37780300,0.0,0.0
2022-05-09 00:00:00-04:00,261.8458006190257,264.0758315399629,255.31081522674663,256.532470703125,47726000,0.0,0.0
2022-05-10 00:00:00-04:00,263.4261244537658,265.42346395234233,257.0074868817055,261.302734375,39336400,0.0,0.0
2022-05-11 00:00:00-04:00,257.5989686979002,263.106196550313,251.4130204767044,252.625,48975900,0.0,0.0
2022-05-12 00:00:00-04:00,249.8520131079963,251.9754036684089,242.41530828868,247.58319091796875,51033800,0.0,0.0
2022-05-13 00:00:00-04:00,249.52232362114918,255.0392561912561,247.5831565902319,253.17764282226562,34925100,0.0,0.0
2022-05-16 00:00:00-04:00,252.05299053442474,257.7347668574991,248.0001374455881,253.54615783691406,32550900,0.0,0.0
2022-05-17 00:00:00-04:00,258.015919929837,260.1683970586015,254.47694512701054,258.704345703125,28828800,0.0,0.0
2022-05-18 00:00:00-04:00,255.5943947492182,256.1775057639479,245.65245723489335,246.92556762695312,31356000,0.62,0.0
2022-05-19 00:00:00-04:00,246.75063363367587,250.41449629814898,244.78752382257517,246.0120391845703,32692300,0.0,0.0
2022-05-20 00:00:00-04:00,249.99660787697098,251.26002017736235,239.50072692589913,245.44839477539062,39199300,0.0,0.0
2022-05-23 00:00:00-04:00,248.2958696586072,254.136633604883,246.29386307125506,253.31056213378906,33175400,0.0,0.0
2022-05-24 00:00:00-04:00,250.6282877764163,253.97139617261885,246.36188817908726,252.30955505371094,29043900,0.0,0.0
2022-05-25 00:00:00-04:00,250.8712569903347,257.1298909092702,249.8896872797265,255.12789916992188,28547900,0.0,0.0
2022-05-26 00:00:00-04:00,254.88495947054466,259.5886706159191,254.0686158494394,258.4127502441406,25002100,0.0,0.0
2022-05-27 00:00:00-04:00,260.92010410159867,265.643241139635,260.0259965721128,265.5460510253906,26910800,0.0,0.0
2022-05-31 00:00:00-04:00,264.8560798770332,267.03299630860687,261.3574429989598,264.21466064453125,37827700,0.0,0.0
2022-06-01 00:00:00-04:00,267.4508644163128,269.8707409098893,262.436157371953,264.7491455078125,25292200,0.0,0.0
2022-06-02 00:00:00-04:00,257.00362379745957,266.9163942109657,254.2338682193242,266.8483581542969,44008200,0.0,0.0
2022-06-03 00:00:00-04:00,262.69855996137693,265.75015751179075,260.8520664352407,262.4167175292969,28059000,0.0,0.0
2022-06-06 00:00:00-04:00,264.39932013596905,266.4596203370496,259.6956086286452,261.1825256347656,22400300,0.0,0.0
2022-06-07 00:00:00-04:00,259.13195514945534,265.439199996227,258.45165391231484,264.8269348144531,22860700,0.0,0.0
2022-06-08 00:00:00-04:00,264.0591589961378,265.3128433735348,262.01828503853517,262.7957763671875,17372300,0.0,0.0
2022-06-09 00:00:00-04:00,260.23981256874225,265.03098582947564,257.1785166356976,257.3340148925781,26439700,0.0,0.0
2022-06-10 00:00:00-04:00,253.2425174195424,253.2425174195424,245.4192029712448,245.8662567138672,31422800,0.0,0.0
2022-06-13 00:00:00-04:00,238.20817089954593,242.00807632258994,234.728975085956,235.43841552734375,46135800,0.0,0.0
2022-06-14 00:00:00-04:00,236.99335622167607,238.82042366109098,234.70952192240742,237.60562133789062,28651500,0.0,0.0
2022-06-15 00:00:00-04:00,241.31804702603347,248.11122688546928,239.4812665255515,244.6708984375,33111700,0.0,0.0
2022-06-16 00:00:00-04:00,239.05369866765116,240.4531535651539,236.1770545597911,238.0721435546875,33169200,0.0,0.0
2022-06-17 00:00:00-04:00,237.8096900838926,243.44637559850622,237.15855784482125,240.67662048339844,43084800,0.0,0.0
2022-06-21 00:00:00-04:00,243.21316362761155,247.57673936751254,242.48428215744224,246.59518432617188,29928300,0.0,0.0
2022-06-22 00:00:00-04:00,244.79726053472527,249.92859951301043,243.32005666477755,246.00234985351562,25939900,0.0,0.0
2022-06-23 00:00:00-04:00,248.37363027538592,252.0666174651717,246.48825470193722,251.5709686279297,25861400,0.0,0.0
2022-06-24 00:00:00-04:00,254.43791604246806,260.43419339301283,254.35045383369882,260.1620788574219,33923200,0.0,0.0
2022-06-27 00:00:00-04:00,260.6577368247863,260.7451990465694,255.8665628403259,257.4312438964844,24615100,0.0,0.0
2022-06-28 00:00:00-04:00,256.546824812342,259.39431434341117,249.1025126077075,249.2580108642578,27295500,0.0,0.0
2022-06-29 00:00:00-04:00,250.33676379812957,254.5934362752121,248.55829125399416,252.9315948486328,20069800,0.0,0.0
2022-06-30 00:00:00-04:00,249.81193566577983,252.22211413062385,245.77879792014835,249.59812927246094,31730900,0.0,0.0
2022-07-01 00:00:00-04:00,249.17052767325666,252.4553279696424,247.44063566578578,252.2706756591797,22837700,0.0,0.0
2022-07-05 00:00:00-04:00,248.94694014570504,255.57490677149835,247.5669268957141,255.4485626220703,22941000,0.0,0.0
2022-07-06 00:00:00-04:00,256.3232970437693,260.4438971435167,255.0113045680069,258.7140197753906,23824400,0.0,0.0
2022-07-07 00:00:00-04:00,257.65473625946805,261.4837959629939,257.55754613160065,260.8423767089844,20859900,0.0,0.0
2022-07-08 00:00:00-04:00,257.3340784115117,260.55087339545304,255.87631525897277,260.1232604980469,19658800,0.0,0.0
2022-07-11 00:00:00-04:00,258.1698045515523,259.0250302011665,254.79751184488788,257.0619201660156,19455200,0.0,0.0
2022-07-12 00:00:00-04:00,258.39329412629985,258.45160225974297,244.9429927815693,246.527099609375,35868500,0.0,0.0
2022-07-13 00:00:00-04:00,243.1451381645319,246.4105276871535,241.12370514299172,245.60389709472656,29497400,0.0,0.0
2022-07-14 00:00:00-04:00,243.51440822943295,247.95571756773037,239.01477592635922,246.92556762695312,25102800,0.0,0.0
2022-07-15 00:00:00-04:00,248.5194148023389,253.03847375929305,247.5961679522132,249.4912567138672,29774100,0.0,0.0
2022-07-18 00:00:00-04:00,252.4359355465149,253.4952396670065,246.16755820714366,247.09080505371094,20975000,0.0,0.0
2022-07-19 00:00:00-04:00,250.32704894938806,252.4068050623558,246.53687108650638,252.22215270996094,25012600,0.0,0.0
2022-07-20 00:00:00-04:00,252.58167319380988,257.4117280363677,251.61955932033453,254.8849334716797,22788300,0.0,0.0
2022-07-21 00:00:00-04:00,252.474749395198,257.4311477190251,249.79245696290846,257.3825378417969,22404700,0.0,0.0
2022-07-22 00:00:00-04:00,257.7713097746288,257.8587719777169,251.77506247182694,253.02871704101562,21881300,0.0,0.0
2022-07-25 00:00:00-04:00,253.65071891343598,254.13663983089467,249.5786992524714,251.54180908203125,21056000,0.0,0.0
2022-07-26 00:00:00-04:00,252.54279829754145,252.56225411501038,242.5425674350256,244.80694580078125,39348000,0.0,0.0
2022-07-27 00:00:00-04:00,253.80621209782652,262.4458704154243,251.56125987665692,261.1727600097656,45994000,0.0,0.0
2022-07-28 00:00:00-04:00,262.1543304686785,270.01652721920226,260.32726310507684,268.6268005371094,33459300,0.0,0.0
2022-07-29 00:00:00-04:00,269.880521724503,274.0594302515586,268.84064371868607,272.83489990234375,32152800,0.0,0.0
2022-08-01 00:00:00-04:00,269.99714086754074,273.3597057500872,268.07288310675597,270.1817932128906,21539600,0.0,0.0
2022-08-02 00:00:00-04:00,268.22833970476506,270.0651349626204,264.71027709598764,267.0815734863281,22754200,0.0,0.0
2022-08-03 00:00:00-04:00,268.96696554077175,275.5171702565812,268.8211655336045,274.51617431640625,23518900,0.0,0.0
2022-08-04 00:00:00-04:00,273.8650200050531,275.8087036946795,272.2809427109455,275.6629333496094,18098700,0.0,0.0
2022-08-05 00:00:00-04:00,271.2896517042955,275.6629401132576,270.83288483969574,274.94378662109375,16774600,0.0,0.0
2022-08-08 00:00:00-04:00,276.05174043155336,277.86911009644814,271.4549462167359,272.4267883300781,18739200,0.0,0.0
2022-08-09 00:00:00-04:00,271.7659090647991,275.10901823396375,269.79304134775583,274.3509826660156,23405200,0.0,0.0
2022-08-10 00:00:00-04:00,280.05567781115093,281.6494830162943,278.8603016635988,281.0177917480469,24687800,0.0,0.0
2022-08-11 00:00:00-04:00,282.6602203734145,283.0100692187593,278.44243011883435,278.93804931640625,20065900,0.0,0.0
2022-08-12 00:00:00-04:00,280.35689778158826,283.6903076171875,278.8602532940369,283.6903076171875,22619700,0.0,0.0
2022-08-15 00:00:00-04:00,282.8060309314532,285.89648147107107,281.9410772881699,285.20648193359375,18085700,0.0,0.0
2022-08-16 00:00:00-04:00,283.7681375602767,285.76043146556236,282.2423681526486,284.4678649902344,18102900,0.0,0.0
2022-08-17 00:00:00-04:00,282.1791095942932,285.69492065907355,281.91616605164813,283.7178955078125,18253400,0.62,0.0
2022-08-18 00:00:00-04:00,282.61739830194875,284.2925155216381,281.53634866422476,282.5979309082031,17186200,0.0,0.0
2022-08-19 00:00:00-04:00,281.3610379905131,281.7019105508063,278.10820013531355,278.68280029296875,20570000,0.0,0.0
2022-08-22 00:00:00-04:00,274.71907016692614,275.08915876957286,269.9859068077309,270.5020751953125,25061100,0.0,0.0
2022-08-23 00:00:00-04:00,269.2261962890625,271.5830288322253,268.21332715946977,269.2261962890625,17527400,0.0,0.0
2022-08-24 00:00:00-04:00,268.22305117026946,269.995564554544,267.9308619774594,268.5931396484375,18137000,0.0,0.0
2022-08-25 00:00:00-04:00,270.09294921143464,271.73885036051576,267.3562796674805,271.57330322265625,16583400,0.0,0.0
2022-08-26 00:00:00-04:00,271.79731971202773,273.02444918596143,260.98700095652805,261.0941162109375,27549300,0.0,0.0
2022-08-29 00:00:00-04:00,258.91256247792984,260.4221028280278,256.9647531378231,258.3087463378906,20338500,0.0,0.0
2022-08-30 00:00:00-04:00,259.711155479428,260.08121426548763,253.8579792613374,256.1076965332031,22767100,0.0,0.0
2022-08-31 00:00:00-04:00,258.46453892458584,260.1396261931701,254.51045916721912,254.64682006835938,24791800,0.0,0.0
2022-09-01 00:00:00-04:00,252.11473941611692,254.0820462007677,248.7450370151719,253.6048126220703,23263400,0.0,0.0
2022-09-02 00:00:00-04:00,254.87085770904451,257.83150643317526,247.82951641986838,249.37802124023438,22855400,0.0,0.0
2022-09-06 00:00:00-04:00,249.51438808388207,251.10182772851883,245.36554468319423,246.641357421875,21328200,0.0,0.0
2022-09-07 00:00:00-04:00,248.05352047263693,252.07573671931658,246.61214569878825,251.3550567626953,24126700,0.0,0.0
2022-09-08 00:00:00-04:00,250.79016508705007,253.63394967140843,248.14112871540686,251.77378845214844,20319900,0.0,0.0
2022-09-09 00:00:00-04:00,253.7021534014361,258.30873295170056,253.4976417532625,257.5588073730469,22084700,0.0,0.0
2022-09-12 00:00:00-04:00,258.8444189971821,260.47085310586147,258.24060277088006,259.69171142578125,18747700,0.0,0.0
2022-09-13 00:00:00-04:00,252.08548374554073,253.60477266828747,245.02467481719648,245.41424560546875,33353300,0.0,0.0
2022-09-14 00:00:00-04:00,246.91404207019949,247.59577234574667,243.33981382641142,245.6382293701172,23913000,0.0,0.0
2022-09-15 00:00:00-04:00,243.252171211811,244.83962570319943,237.65221941398767,238.9767303466797,31530900,0.0,0.0
2022-09-16 00:00:00-04:00,237.8859696087846,238.89883887380557,235.7433821243887,238.35345458984375,39791800,0.0,0.0
2022-09-19 00:00:00-04:00,236.14265272727343,238.74297626097857,234.5649320094446,238.13916015625,26826900,0.0,0.0
2022-09-20 00:00:00-04:00,235.7530952999418,237.15550545081834,233.3864993779155,236.1231689453125,26660300,0.0,0.0
2022-09-21 00:00:00-04:00,237.89570341294743,241.1972397263064,232.66582510868037,232.7145233154297,28625600,0.0,0.0
2022-09-22 00:00:00-04:00,231.66271451815115,237.49640922958957,231.37055498618827,234.69155883789062,31061200,0.0,0.0
2022-09-23 00:00:00-04:00,233.28911605979133,234.83763576552224,229.06237339573931,231.71139526367188,34176000,0.0,0.0
2022-09-26 00:00:00-04:00,230.8641214166978,235.14929632525457,230.71802678944272,231.25367736816406,27694200,0.0,0.0
2022-09-27 00:00:00-04:00,233.71766175746237,235.49017556599165,228.38066779678476,230.24082946777344,27018700,0.0,0.0
2022-09-28 00:00:00-04:00,230.6303619280171,236.00631985347113,228.60463843638797,234.77920532226562,29029700,0.0,0.0
2022-09-29 00:00:00-04:00,232.65609511384054,233.68843172668625,228.29300618270508,231.3023681640625,27484200,0.0,0.0
2022-09-30 00:00:00-04:00,232.0717487914595,234.26303440769513,226.65684093525877,226.82240295410156,35694800,0.0,0.0
2022-10-03 00:00:00-04:00,229.26688098923591,235.3050864195647,228.53645255345572,234.45779418945312,28880400,0.0,0.0
2022-10-04 00:00:00-04:00,238.6943143855835,243.8267966387145,238.58718426741393,242.3854217529297,34888400,0.0,0.0
2022-10-05 00:00:00-04:00,239.57085631326893,244.04107595060205,237.7301767649195,242.69708251953125,20347100,0.0,0.0
2022-10-06 00:00:00-04:00,241.46018055206,243.8072944010288,239.65846580764227,240.3499298095703,20239900,0.0,0.0
2022-10-07 00:00:00-04:00,234.61365108204038,235.02270415917158,227.08537143722725,228.12745666503906,37769600,0.0,0.0
2022-10-10 00:00:00-04:00,226.9685107950048,228.43910165549525,220.8134254836655,223.26766967773438,29743600,0.0,0.0
2022-10-11 00:00:00-04:00,221.68018361933272,223.08260876857707,218.26178346350437,219.52786254882812,30474000,0.0,0.0
2022-10-12 00:00:00-04:00,219.5181209293946,221.91393311184666,218.1157105964302,219.85899353027344,21903900,0.0,0.0
2022-10-13 00:00:00-04:00,214.1129677426173,229.93892011570614,213.4117551255457,228.12745666503906,42551800,0.0,0.0
2022-10-14 00:00:00-04:00,229.39352376407572,231.04917376716926,222.38141236844757,222.59567260742188,30198600,0.0,0.0
2022-10-17 00:00:00-04:00,229.66620483401337,232.72426488237133,229.00394193544997,231.33157348632812,28142300,0.0,0.0
2022-10-18 00:00:00-04:00,236.89262047978178,237.56460234171377,229.22797922396435,232.27630615234375,26329600,0.0,0.0
2022-10-19 00:00:00-04:00,230.85434416945628,233.35728617142914,228.17610646929035,230.3089599609375,19985700,0.0,0.0
2022-10-20 00:00:00-04:00,229.61753614885927,235.0129621385581,228.74101292283225,229.98760986328125,21811000,0.0,0.0
2022-10-21 00:00:00-04:00,228.6144117292178,236.65885980316088,228.3806692339145,235.80181884765625,26299700,0.0,0.0
2022-10-24 00:00:00-04:00,237.3990102771564,241.37254333610227,235.00321297699924,240.79794311523438,24911200,0.0,0.0
2022-10-25 00:00:00-04:00,240.8076725980602,244.4890312031249,239.41499599959158,244.11895751953125,34775500,0.0,0.0
2022-10-26 00:00:00-04:00,225.13753575748976,232.0814806550544,224.05650100348495,225.28363037109375,82543200,0.0,0.0
2022-10-27 00:00:00-04:00,225.01093027224846,227.59178658537854,219.8881970156547,220.8328857421875,40424600,0.0,0.0
2022-10-28 00:00:00-04:00,220.33619766891604,230.4258506343881,220.1511534041053,229.7148895263672,40647700,0.0,0.0
2022-10-31 00:00:00-04:00,227.65994900462596,228.7896819818967,225.11805723606972,226.07249450683594,28357300,0.0,0.0
2022-11-01 00:00:00-04:00,228.47806626370723,229.58831711329057,221.3977743852499,222.21585083007812,30592300,0.0,0.0
2022-11-02 00:00:00-04:00,223.47217862480318,225.26415970324368,214.2979832888999,214.35643005371094,38407000,0.0,0.0
2022-11-03 00:00:00-04:00,214.3467038588331,214.65836052791528,208.3961449365926,208.6591033935547,36633900,0.0,0.0
2022-11-04 00:00:00-04:00,211.87297194348153,215.80754042041704,207.86047444612015,215.61276245117188,36789100,0.0,0.0
2022-11-07 00:00:00-05:00,216.1970958555256,222.44956184578618,215.50561702414757,221.92364501953125,33498000,0.0,0.0
2022-11-08 00:00:00-05:00,222.73199048300697,225.60500622838748,219.94662258958112,222.89755249023438,28192500,0.0,0.0
2022-11-09 00:00:00-05:00,221.43673558494748,222.663865176789,218.47607145187024,218.6513671875,27852900,0.0,0.0
2022-11-10 00:00:00-05:00,229.2863898892027,236.98024638861136,228.8676179766348,236.63937377929688,46268000,0.0,0.0
2022-11-11 00:00:00-05:00,236.64910797482275,241.5186314660159,235.61675651178047,240.66159057617188,34620200,0.0,0.0
2022-11-14 00:00:00-05:00,235.67522458522933,237.54511999164188,232.9677704681792,235.2467041015625,31123300,0.0,0.0
2022-11-15 00:00:00-05:00,239.24944207060548,240.5544708560725,233.76635362727728,235.65573120117188,31390100,0.0,0.0
2022-11-16 00:00:00-05:00,237.1206951717324,238.10712057795988,234.80604092204587,236.08544921875,24093300,0.68,0.0
2022-11-17 00:00:00-05:00,232.22766434937833,237.5699370972691,232.0811729185345,236.03659057617188,23123500,0.0,0.0
2022-11-18 00:00:00-05:00,237.82387701389203,238.0485170933891,233.44849211403692,235.5873565673828,27613500,0.0,0.0
2022-11-21 00:00:00-05:00,235.7924165621614,238.95676543381867,235.5580302844358,236.39794921875,26394700,0.0,0.0
2022-11-22 00:00:00-05:00,237.90197239269472,239.58181019012017,235.08923286181812,239.308349609375,19665700,0.0,0.0
2022-11-23 00:00:00-05:00,239.38651834176036,242.48249493563225,238.56613647954853,241.79884338378906,19508500,0.0,0.0
2022-11-25 00:00:00-05:00,241.53513287897812,242.8926747923449,240.9686745039961,241.7109375,9200800,0.0,0.0
2022-11-28 00:00:00-05:00,240.33386298973988,240.89054534482318,235.17715584666723,236.11473083496094,24778200,0.0,0.0
2022-11-29 00:00:00-05:00,235.76314670175077,237.12068869969116,232.64764779898533,234.7181396484375,17956300,0.0,0.0
2022-11-30 00:00:00-05:00,234.95252448977655,249.36786250056446,234.25909694374434,249.1822967529297,47594200,0.0,0.0
2022-12-01 00:00:00-05:00,247.9419383198584,250.13939911455438,245.0608260361984,248.7427978515625,26041500,0.0,0.0
2022-12-02 00:00:00-05:00,243.98653586131007,250.08081797025935,243.85956668321174,249.0651092529297,21528500,0.0,0.0
2022-12-05 00:00:00-05:00,246.12538359731664,247.8931313402829,242.2676218605377,244.35765075683594,23435300,0.0,0.0
2022-12-06 00:00:00-05:00,244.9632148903564,245.97892373094408,238.08759462219157,239.39630126953125,22463700,0.0,0.0
2022-12-07 00:00:00-05:00,239.11305308285705,240.41199845740607,236.5542366516699,238.66378784179688,20481500,0.0,0.0
2022-12-08 00:00:00-05:00,239.12281178477338,242.93175300820135,237.38437721752427,241.62303161621094,22611800,0.0,0.0
2022-12-09 00:00:00-05:00,238.98609654359035,242.51180134599122,238.4587124437862,239.6892852783203,20609700,0.0,0.0
2022-12-12 00:00:00-05:00,241.67188039318714,246.64302204339194,241.39841976544412,246.6137237548828,30665100,0.0,0.0
2022-12-13 00:00:00-05:00,255.57936772226543,257.75730647644866,247.16065519497627,250.92076110839844,42196900,0.0,0.0
2022-12-14 00:00:00-05:00,251.125865506393,256.45836289594854,248.37170703954448,251.21376037597656,35410900,0.0,0.0
2022-12-15 00:00:00-05:00,247.7954592877002,248.26424677465207,241.56443204275277,243.1954345703125,35560400,0.0,0.0
2022-12-16 00:00:00-05:00,242.74618523388142,244.00605626723987,237.82386444207205,238.976318359375,86102000,0.0,0.0
2022-12-19 00:00:00-05:00,239.14233870840474,239.48417191084002,233.13595171264518,234.83531188964844,29696400,0.0,0.0
2022-12-20 00:00:00-05:00,233.80985639122517,237.2379052640561,232.8527441683276,236.15382385253906,25150800,0.0,0.0
2022-12-21 00:00:00-05:00,236.04637204350925,239.88459664487903,234.5032643589745,238.72238159179688,23690600,0.0,0.0
2022-12-22 00:00:00-05:00,235.62640311504308,236.33936782887625,228.40896543431774,232.6280975341797,28651700,0.0,0.0
2022-12-23 00:00:00-05:00,230.5966857124809,233.2922326364392,228.47735834613724,233.15550231933594,21207000,0.0,0.0
2022-12-27 00:00:00-05:00,233.126225161703,233.35085036677214,230.32324595576895,231.42686462402344,16688600,0.0,0.0
2022-12-28 00:00:00-05:00,231.35846669812094,234.12238618004355,228.7019792420853,229.05357360839844,17457100,0.0,0.0
2022-12-29 00:00:00-05:00,230.14740695846007,236.27100238515564,230.14740695846007,235.3822479248047,19770700,0.0,0.0
2022-12-30 00:00:00-05:00,232.6476561526492,234.3567925734217,231.133846628039,234.22006225585938,21938500,0.0,0.0
2023-01-03 00:00:00-05:00,237.40389855359157,240.01155023066832,231.85652313264055,233.98562622070312,25740000,0.0,0.0
2023-01-04 00:00:00-05:00,226.85611938033796,227.43233894450995,220.6837029776662,223.75038146972656,50623400,0.0,0.0
2023-01-05 00:00:00-05:00,221.89474199984065,222.23657525283872,216.58176684830784,217.11892700195312,39585600,0.0,0.0
2023-01-06 00:00:00-05:00,217.79279312709332,220.4883398206325,214.22802915573828,219.67771911621094,43613600,0.0,0.0
2023-01-09 00:00:00-05:00,221.1622513114738,225.8404102334112,221.12319189298108,221.8166046142578,27369800,0.0,0.0
2023-01-10 00:00:00-05:00,222.4416360207006,225.90874396659487,222.02168398090183,223.50619506835938,27033900,0.0,0.0
2023-01-11 00:00:00-05:00,225.88921816868051,230.44040764705468,225.71342844154773,230.26461791992188,28669300,0.0,0.0
2023-01-12 00:00:00-05:00,229.76648760410552,234.2981393389428,228.10618692887127,232.9405975341797,27269500,0.0,0.0
2023-01-13 00:00:00-05:00,231.46587514607086,233.78052912873633,229.43444289235566,233.643798828125,21333300,0.0,0.0
2023-01-17 00:00:00-05:00,232.41322563168038,235.28457684093857,231.5537695139473,234.73765563964844,29831300,0.0,0.0
2023-01-18 00:00:00-05:00,235.9291745717664,236.7202581070154,230.0204434260072,230.3036651611328,30028700,0.0,0.0
2023-01-19 00:00:00-05:00,228.32105876899536,230.02043381620862,225.29344015559448,226.51425170898438,28623000,0.0,0.0
2023-01-20 00:00:00-05:00,229.37587644436226,235.11857962918376,229.03404319669926,234.6107177734375,35389800,0.0,0.0
2023-01-23 00:00:00-05:00,235.47018192267205,239.44513732627786,234.05402833687268,236.91561889648438,31934000,0.0,0.0
2023-01-24 00:00:00-05:00,236.83747939221803,238.25361804107612,234.82558401353157,236.38821411132812,40234400,0.0,0.0
2023-01-25 00:00:00-05:00,229.00472733419514,237.61878145041626,225.5083209962778,234.99159240722656,66526600,0.0,0.0
2023-01-26 00:00:00-05:00,237.96058467842803,242.51177377679628,236.3491193709835,242.20901489257812,33454500,0.0,0.0
2023-01-27 00:00:00-05:00,243.1759314324478,243.99631332473226,241.0663652215849,242.3653106689453,26498900,0.0,0.0
2023-01-30 00:00:00-05:00,238.8005289422948,239.86508806743547,236.54447131176642,237.04257202148438,25867400,0.0,0.0
2023-01-31 00:00:00-05:00,237.765276343828,242.16019832764178,237.2769516789598,242.02346801757812,26541100,0.0,0.0
2023-02-01 00:00:00-05:00,242.20902977404796,249.22136469253888,239.7381082028261,246.84811401367188,31259900,0.0,0.0
2023-02-02 00:00:00-05:00,252.7764151835844,258.5093426268986,251.2430684097747,258.42144775390625,39940400,0.0,0.0
2023-02-03 00:00:00-05:00,253.47955201576713,258.03074104934103,251.0965254865144,252.3173370361328,29077300,0.0,0.0
2023-02-06 00:00:00-05:00,251.42859910463446,252.26850319934903,248.83070838044688,250.77423095703125,22518000,0.0,0.0
2023-02-07 00:00:00-05:00,254.44644293620124,262.49402369384705,254.00693882575916,261.3122863769531,50841400,0.0,0.0
2023-02-08 00:00:00-05:00,266.82056937089936,270.2974380864951,259.9937712976358,260.50164794921875,54686000,0.0,0.0
2023-02-09 00:00:00-05:00,267.4065458729489,267.58236538521874,256.66340439835324,257.4642639160156,42375100,0.0,0.0
2023-02-10 00:00:00-05:00,255.42310477455004,257.9233247404557,254.57342460398476,256.9564514160156,25818500,0.0,0.0
2023-02-13 00:00:00-05:00,261.3903745672154,268.18784383135824,260.911796249743,264.98443603515625,44630900,0.0,0.0
2023-02-14 00:00:00-05:00,266.3029302758452,268.54921134345,262.99207543262935,265.8146057128906,37047900,0.0,0.0
2023-02-15 00:00:00-05:00,262.7109069591907,265.07053065688496,260.61562828503037,263.69000244140625,28922400,0.68,0.0
2023-02-16 00:00:00-05:00,258.50082598261054,261.1639673790336,256.42514795944504,256.669921875,29603600,0.0,0.0
2023-02-17 00:00:00-05:00,253.96758846436245,254.6529373660176,250.6484404767677,252.66537475585938,30000100,0.0,0.0
2023-02-21 00:00:00-05:00,249.16023738002588,250.14913347081608,246.33065176998883,247.38807678222656,28397400,0.0,0.0
2023-02-22 00:00:00-05:00,248.77838767780975,249.0231615682259,245.10677932156742,246.2523193359375,22491100,0.0,0.0
2023-02-23 00:00:00-05:00,250.21766227886485,251.47090341728688,245.24385497458428,249.44418334960938,29219100,0.0,0.0
2023-02-24 00:00:00-05:00,244.73471364848396,245.75296637788725,242.91359545143786,244.0101776123047,24990900,0.0,0.0
2023-02-27 00:00:00-05:00,247.18246470486716,247.5349396941545,244.17663424902608,244.9305419921875,21190000,0.0,0.0
2023-02-28 00:00:00-05:00,243.86331919707501,246.23272847388787,243.53041537849572,244.20599365234375,22491000,0.0,0.0
2023-03-01 00:00:00-05:00,245.51798599082042,245.6844304356118,240.6518800855354,241.12185668945312,27565300,0.0,0.0
2023-03-02 00:00:00-05:00,241.3960138819759,246.14461839541934,240.47566166300976,245.86068725585938,24808200,0.0,0.0
2023-03-03 00:00:00-05:00,246.91806042804103,250.27635033084186,246.1347811546192,249.9532470703125,30760100,0.0,0.0
2023-03-06 00:00:00-05:00,251.06947021639408,254.68233526542298,250.62888019720313,251.50027465820312,24109800,0.0,0.0
2023-03-07 00:00:00-05:00,250.94219252685468,252.30314976499983,248.09303566014898,248.83714294433594,21473200,0.0,0.0
2023-03-08 00:00:00-05:00,248.7294190422308,249.21896680166975,245.56694469940246,248.3965301513672,17340200,0.0,0.0
2023-03-09 00:00:00-05:00,250.47221383190455,254.13402137976527,246.320843602342,247.04537963867188,26653400,0.0,0.0
2023-03-10 00:00:00-05:00,245.83132500399927,247.5055701134534,242.42407649965673,243.39337158203125,28333900,0.0,0.0
2023-03-13 00:00:00-04:00,242.22824622027488,252.51855056988012,240.59315835594796,248.61195373535156,33339700,0.0,0.0
2023-03-14 00:00:00-04:00,251.38280884404745,255.61250923504636,250.51141431069084,255.33836364746094,33620300,0.0,0.0
2023-03-15 00:00:00-04:00,254.5452601893461,260.9093809729157,253.79133752741032,259.89111328125,46028000,0.0,0.0
2023-03-16 00:00:00-04:00,259.66586925269934,270.7786074445107,257.77622239943224,270.4261474609375,54768800,0.0,0.0
2023-03-17 00:00:00-04:00,272.44312854039293,277.4071201106938,270.54368084412533,273.5886535644531,69527400,0.0,0.0
2023-03-20 00:00:00-04:00,271.18988829736253,271.6794360581046,264.20893244844024,266.5391845703125,43466600,0.0,0.0
2023-03-21 00:00:00-04:00,269.13374307260864,269.2512297375731,263.8857762937758,268.0567321777344,34558700,0.0,0.0
2023-03-22 00:00:00-04:00,267.68471260704814,275.16501681749725,266.49021486222443,266.5979309082031,34873300,0.0,0.0
2023-03-23 00:00:00-04:00,272.1297973919541,275.1845704783979,269.4470853649454,271.85565185546875,36610900,0.0,0.0
2023-03-24 00:00:00-04:00,271.4444895193037,274.7636383727218,269.52547026260805,274.70489501953125,28172000,0.0,0.0
2023-03-27 00:00:00-04:00,274.6362856404628,275.5762089469485,269.7603793312512,270.6024169921875,26840200,0.0,0.0
2023-03-28 00:00:00-04:00,270.02476204854537,270.3674514567512,266.3629244825979,269.4764709472656,21878600,0.0,0.0
2023-03-29 00:00:00-04:00,273.12847169713626,275.26292259083164,272.58998112520123,274.6460876464844,25087000,0.0,0.0
2023-03-30 00:00:00-04:00,278.28828990575926,278.5134627196295,275.5957776176123,278.1120300292969,25053400,0.0,0.0
2023-03-31 00:00:00-04:00,277.7988101339081,283.22297833808955,277.0840595769203,282.27325439453125,32766000,0.0,0.0
2023-04-03 00:00:00-04:00,280.5304066816727,282.24382365262437,278.01415418141534,281.2255859375,24883300,0.0,0.0
2023-04-04 00:00:00-04:00,281.2256084444779,284.37829711852913,279.6982218699312,281.1766357421875,25824300,0.0,0.0
2023-04-05 00:00:00-04:00,279.87447046132644,281.14728273137956,277.00572765537777,278.3960266113281,22064800,0.0,0.0
2023-04-06 00:00:00-04:00,277.2896463361067,285.9742192087345,276.1343207416053,285.5042724609375,29770300,0.0,0.0
2023-04-10 00:00:00-04:00,283.16419420739436,283.5460557851989,278.75826456602096,283.3404541015625,23103000,0.0,0.0
2023-04-11 00:00:00-04:00,279.77654407914395,280.00174680479614,275.75247584510697,276.9175720214844,27276600,0.0,0.0
2023-04-12 00:00:00-04:00,278.83665451028776,281.01024801713993,276.0657971281388,277.5638122558594,27403400,0.0,0.0
2023-04-13 00:00:00-04:00,277.66165963721517,283.8397491927381,277.25045630367333,283.781005859375,24222700,0.0,0.0
2023-04-14 00:00:00-04:00,281.0004245840228,282.4494967636299,277.7596206838942,280.1584167480469,20987900,0.0,0.0
2023-04-17 00:00:00-04:00,283.8692002700218,285.50430318502544,280.1780203528942,282.7628173828125,23836200,0.0,0.0
2023-04-18 00:00:00-04:00,285.47488392928074,285.6609144658387,281.0102108111372,282.3417663574219,20161800,0.0,0.0
2023-04-19 00:00:00-04:00,280.01156908541924,283.0075995306708,278.5918982512192,282.420166015625,17150300,0.0,0.0
2023-04-20 00:00:00-04:00,279.2870204448904,282.988000624926,279.12056104553,280.1290283203125,23244400,0.0,0.0
2023-04-21 00:00:00-04:00,279.0520247927153,280.28566483452795,277.14277656950355,279.7863464355469,21676400,0.0,0.0
2023-04-24 00:00:00-04:00,276.19304795792937,278.9932766450886,272.8935008803915,275.8797302246094,26611000,0.0,0.0
2023-04-25 00:00:00-04:00,273.6670032666064,275.7133093545648,269.6135333988626,269.6625061035156,45772200,0.0,0.0
2023-04-26 00:00:00-04:00,290.49764832472823,293.30764764371935,286.61063797416637,289.1954345703125,64599200,0.0,0.0
2023-04-27 00:00:00-04:00,289.7829594762134,298.8200236671266,289.0780093674142,298.4577331542969,46462600,0.0,0.0
2023-04-28 00:00:00-04:00,297.6548232687838,302.47195624653347,296.96944448822813,300.8368835449219,36469600,0.0,0.0
2023-05-01 00:00:00-04:00,300.5529832417884,302.14891388087307,298.7710220447965,299.1724548339844,21294100,0.0,0.0
2023-05-02 00:00:00-04:00,301.3264234827943,302.71672228103625,297.5569000465208,299.0255432128906,26404400,0.0,0.0
2023-05-03 00:00:00-04:00,300.2103062048158,302.1586970048939,297.7331953825414,298.0367126464844,22360800,0.0,0.0
2023-05-04 00:00:00-04:00,299.8381792845817,301.3264234827943,297.05755180847615,299.0255432128906,22519900,0.0,0.0
2023-05-05 00:00:00-04:00,299.32913236517106,305.4484803627257,297.9094316778868,304.15606689453125,28197100,0.0,0.0
2023-05-08 00:00:00-04:00,303.6468870133391,303.7154308682789,299.69133289455476,302.19781494140625,21318600,0.0,0.0
2023-05-09 00:00:00-04:00,301.5614626011553,303.558826109355,299.9067885491099,300.5823669433594,21340800,0.0,0.0
2023-05-10 00:00:00-04:00,302.1684462755373,306.4568893157109,301.23832348494085,305.78131103515625,30078000,0.0,0.0
2023-05-11 00:00:00-04:00,303.61751818157876,304.6161848272032,299.85779507616377,303.6272888183594,31680200,0.0,0.0
2023-05-12 00:00:00-04:00,304.05809666453393,304.1560121908101,300.19068735342637,302.5111389160156,19774700,0.0,0.0
2023-05-15 00:00:00-04:00,302.6384761819386,303.4217407624871,301.16003216555265,302.9909362792969,16336500,0.0,0.0
2023-05-16 00:00:00-04:00,303.35309934354046,307.151994084785,303.35309934354046,305.2231750488281,26730300,0.0,0.0
2023-05-17 00:00:00-04:00,306.4301577933981,308.5299869808576,304.90922423008425,308.1080627441406,24315000,0.68,0.0
2023-05-18 00:00:00-04:00,308.6281218082049,313.0535052333268,307.83332313670064,312.5432434082031,27276000,0.0,0.0
2023-05-19 00:00:00-04:00,310.79659399922207,312.76888738913846,310.43354157210945,312.3665771484375,27546700,0.0,0.0
2023-05-22 00:00:00-04:00,312.62177529023154,316.53689709363704,312.04284968121516,315.1533508300781,24115700,0.0,0.0
2023-05-23 00:00:00-04:00,314.0249365560636,316.664463629214,309.33462996251853,309.3444519042969,30797200,0.0,0.0
2023-05-24 00:00:00-04:00,308.82436880109975,310.56114546951807,306.7441236524187,307.96087646484375,23384900,0.0,0.0
2023-05-25 00:00:00-04:00,317.1746779116198,320.76600484441417,313.99548322633484,319.8044128417969,43301700,0.0,0.0
2023-05-26 00:00:00-04:00,317.940028599587,327.14402564243557,317.80267115227514,326.64361572265625,36630600,0.0,0.0
2023-05-30 00:00:00-04:00,328.93970446554357,329.44011438601143,324.318062056043,324.9951171875,29503100,0.0,0.0
2023-05-31 00:00:00-04:00,326.05487171947954,329.63637661307075,321.1879203022461,322.2280578613281,45950600,0.0,0.0
2023-06-01 00:00:00-04:00,319.81420387671255,327.27160256990936,318.626916843916,326.33941650390625,26773900,0.0,0.0
2023-06-02 00:00:00-04:00,327.9780910808691,331.16710767327845,326.30997811609336,329.10650634765625,25873800,0.0,0.0
2023-06-05 00:00:00-04:00,328.92992247927083,332.20724701987933,328.3804327326386,329.63641357421875,21307100,0.0,0.0
2023-06-06 00:00:00-04:00,329.0378566628356,329.0771144876542,325.9371772359314,327.4188232421875,20396200,0.0,0.0
2023-06-07 00:00:00-04:00,325.4268516357255,328.21355775333575,316.44854992905215,317.3120422363281,40717100,0.0,0.0
2023-06-08 00:00:00-04:00,317.8615607379673,320.51090965341575,317.28263514872793,319.15679931640625,23277700,0.0,0.0
2023-06-09 00:00:00-04:00,318.8918385067795,323.79801789828633,318.32273487313944,320.6580810546875,22529000,0.0,0.0
2023-06-12 00:00:00-04:00,322.4144778795906,325.8684474019989,319.05866788081994,325.6231384277344,24260300,0.0,0.0
2023-06-13 00:00:00-04:00,328.19394924698327,330.6568607625825,324.1905202364905,328.017333984375,22951300,0.0,0.0
2023-06-14 00:00:00-04:00,328.06639373925447,332.678214257829,326.5651040717086,331.0101013183594,26003800,0.0,0.0
2023-06-15 00:00:00-04:00,331.14745722165407,343.2755169206702,330.8727124048623,341.56817626953125,38899100,0.0,0.0
2023-06-16 00:00:00-04:00,344.7277944942439,344.87497388637837,335.5336191446204,335.9064636230469,46552000,0.0,0.0
2023-06-20 00:00:00-04:00,332.94318456860884,335.6611975068298,329.55790839262113,331.7068176269531,26375400,0.0,0.0
2023-06-21 00:00:00-04:00,330.05835726315127,331.39285382983815,325.83905432947427,327.30108642578125,25117800,0.0,0.0
2023-06-22 00:00:00-04:00,327.8504673190165,333.7378815194871,327.0851046707528,333.3355712890625,23556800,0.0,0.0
2023-06-23 00:00:00-04:00,328.0860842014297,331.6185401092795,327.1931857123841,328.73370361328125,23146900,0.0,0.0
2023-06-26 00:00:00-04:00,327.4580354070177,329.8031735626045,322.326161031866,322.4341125488281,21520600,0.0,0.0
2023-06-27 00:00:00-04:00,325.63294331118817,329.8424538607447,323.120981710903,328.2921142578125,24354100,0.0,0.0
2023-06-28 00:00:00-04:00,328.3804225415333,331.6381330418555,327.54636600540425,329.548095703125,20259500,0.0,0.0
2023-06-29 00:00:00-04:00,328.4294449258427,329.8031691350396,326.37866558051627,328.7630615234375,16997000,0.0,0.0
2023-06-30 00:00:00-04:00,331.41236833839434,336.2989330617999,330.87270066400504,334.1500244140625,26832800,0.0,0.0
2023-07-03 00:00:00-04:00,332.8254137820231,334.5033188190337,330.25458046527325,331.6479187011719,12508700,0.0,0.0
2023-07-05 00:00:00-04:00,328.80235201893055,335.23925747739463,328.4491214492935,331.804931640625,18172400,0.0,0.0
2023-07-06 00:00:00-04:00,330.97085581956964,336.5540904646997,329.20464318433727,334.8663635253906,28161200,0.0,0.0
2023-07-07 00:00:00-04:00,332.952965838011,335.3766196583141,330.6764914106529,330.8923645019531,21214800,0.0,0.0
2023-07-10 00:00:00-04:00,328.32149685592424,328.93968018640373,321.4430244792303,325.60345458984375,32791400,0.0,0.0
2023-07-11 00:00:00-04:00,324.8479297238825,326.6141422303351,320.8641146712657,326.2314758300781,26698200,0.0,0.0
2023-07-12 00:00:00-04:00,330.2839941982709,335.23922327928665,329.37145204151966,330.87274169921875,29995300,0.0,0.0
2023-07-13 00:00:00-04:00,333.18844846906484,337.2900072046909,332.6585727165139,336.23028564453125,20567200,0.0,0.0
2023-07-14 00:00:00-04:00,341.06781240904763,344.8357549977922,337.8493595762692,338.76190185546875,28352700,0.0,0.0
2023-07-17 00:00:00-04:00,339.19362653573205,340.4790431987355,335.77894468986676,339.2427062988281,20363900,0.0,0.0
2023-07-18 00:00:00-04:00,339.3408199849451,359.8977253924033,335.74952271110794,352.7445068359375,64738600,0.0,0.0
2023-07-19 00:00:00-04:00,354.96209307208494,355.6587621887617,345.82678907790546,348.417236328125,39732900,0.0,0.0
2023-07-20 00:00:00-04:00,346.9355591197213,351.25299077675766,338.8894133468808,340.36126708984375,33778400,0.0,0.0
2023-07-21 00:00:00-04:00,342.59854299009623,343.7269583997206,333.45341629454475,337.3194885253906,69405400,0.0,0.0
2023-07-24 00:00:00-04:00,339.3604427915747,340.4103723937978,335.8868593129291,338.6343078613281,26678100,0.0,0.0
2023-07-25 00:00:00-04:00,340.59675719404197,345.2870932446145,338.5950576458234,344.3941650390625,41637700,0.0,0.0
2023-07-26 00:00:00-04:00,335.0331554134673,338.2025578415129,326.85944439453834,331.4320068359375,58383700,0.0,0.0
2023-07-27 00:00:00-04:00,334.09118396383514,334.9252104578534,322.8756357431296,324.5143127441406,39635300,0.0,0.0
2023-07-28 00:00:00-04:00,327.40896167261354,333.629993034326,326.91834377394594,332.020751953125,28484900,0.0,0.0
2023-07-31 00:00:00-04:00,330.59799610493667,331.3633588709427,327.10476892592203,329.61676025390625,25446000,0.0,0.0
2023-08-01 00:00:00-04:00,328.9004847782133,332.1876312426991,327.4384527759718,330.0289001464844,18311900,0.0,0.0
2023-08-02 00:00:00-04:00,327.36968570591614,327.36968570591614,320.23608269003284,321.3547058105469,27761300,0.0,0.0
2023-08-03 00:00:00-04:00,319.88292875697346,323.6901291419594,319.8338789360626,320.5305480957031,18253700,0.0,0.0
2023-08-04 00:00:00-04:00,325.65258996189004,328.85142872245865,321.0996408070944,321.6295166015625,23741500,0.0,0.0
2023-08-07 00:00:00-04:00,322.20843058542397,324.89700739318704,321.374374073945,323.915771484375,17741500,0.0,0.0
2023-08-08 00:00:00-04:00,320.8248128369707,322.5812331067579,316.93912788892106,319.931884765625,22327600,0.0,0.0
2023-08-09 00:00:00-04:00,320.3440854180899,320.9720608226161,315.0257736651899,316.18365478515625,22373300,0.0,0.0
2023-08-10 00:00:00-04:00,319.9025909868191,322.10058027140866,315.15341173084107,316.8705749511719,20113700,0.0,0.0
2023-08-11 00:00:00-04:00,314.25061483261044,316.3602660012063,313.22029918403376,314.9865417480469,24355500,0.0,0.0
2023-08-14 00:00:00-04:00,315.35938689096906,317.9792696974629,314.0739404486972,317.95965576171875,18836100,0.0,0.0
2023-08-15 00:00:00-04:00,316.9391798843772,318.9899592196478,314.87857860821487,315.820556640625,16966300,0.0,0.0
2023-08-16 00:00:00-04:00,315.44693875811095,319.0065586089997,314.46362532057526,315.0536193847656,20698900,0.68,0.0
2023-08-17 00:00:00-04:00,315.19127673474406,316.4990703161301,310.93351302834594,311.59234619140625,21257200,0.0,0.0
2023-08-18 00:00:00-04:00,309.24222157279775,313.0673251029197,306.35127777604174,311.19903564453125,24755000,0.0,0.0
2023-08-21 00:00:00-04:00,312.62487161890374,317.3841056283608,311.74973815851166,316.50897216796875,24040000,0.0,0.0
2023-08-22 00:00:00-04:00,320.06850470582657,320.638813261693,316.09591025429995,317.0792236328125,16084600,0.0,0.0
2023-08-23 00:00:00-04:00,318.41658830372705,323.70681979373916,318.0625798354603,321.54351806640625,21166400,0.0,0.0
2023-08-24 00:00:00-04:00,327.29588007700687,327.42371562381226,314.62095560290663,314.63079833984375,23281400,0.0,0.0
2023-08-25 00:00:00-04:00,316.1057936940379,319.93086762464804,313.4803334316719,317.5906066894531,21684100,0.0,0.0
2023-08-28 00:00:00-04:00,320.2258392914253,320.70765324549666,316.35158216920695,318.2985534667969,14808500,0.0,0.0
2023-08-29 00:00:00-04:00,316.50895667061496,323.4904885771926,316.50895667061496,322.92999267578125,19284600,0.0,0.0
2023-08-30 00:00:00-04:00,323.18565708519924,324.30661885641814,321.0026999429876,323.30364990234375,15222100,0.0,0.0
2023-08-31 00:00:00-04:00,323.7067756652974,325.3882331373902,321.32714408962795,322.2908020019531,26411000,0.0,0.0
2023-09-01 00:00:00-04:00,325.7815864865364,326.4502324505812,321.3271776248165,323.1758117675781,14942000,0.0,0.0
2023-09-05 00:00:00-04:00,323.5100975629304,329.2624867583471,323.17577461933763,327.9841613769531,18553900,0.0,0.0
2023-09-06 00:00:00-04:00,327.8170045681073,328.87896976670504,324.67038989138393,327.3253479003906,17535800,0.0,0.0
2023-09-07 00:00:00-04:00,325.7619150807658,327.5220245169093,323.5396171232003,324.4049377441406,18381000,0.0,0.0
2023-09-08 00:00:00-04:00,324.58186598530614,330.55058459446576,323.9623738385832,328.6921081542969,19530100,0.0,0.0
2023-09-11 00:00:00-04:00,331.6126024523964,332.7729350743732,329.83280759348713,332.3009338378906,16583300,0.0,0.0
2023-09-12 00:00:00-04:00,330.2162623454097,331.1700773968811,325.948686447505,326.23382568359375,17565500,0.0,0.0
2023-09-13 00:00:00-04:00,325.7815924302143,331.22915760826913,325.64394414491534,330.45233154296875,16544400,0.0,0.0
2023-09-14 00:00:00-04:00,333.4907212996785,335.1721787492822,330.9537860249842,333.0482482910156,20267000,0.0,0.0
2023-09-15 00:00:00-04:00,331.29795899971333,331.7699302193474,324.1492514827947,324.7097473144531,37679800,0.0,0.0
2023-09-18 00:00:00-04:00,322.33013776149687,324.8867587399462,320.91416398907404,323.5691223144531,16834200,0.0,0.0
2023-09-19 00:00:00-04:00,320.7273261877417,323.89359635152607,319.095022437881,323.1659240722656,16505900,0.0,0.0
2023-09-20 00:00:00-04:00,324.0115673587357,324.0902192171902,315.1617478697836,315.4173889160156,21436500,0.0,0.0
2023-09-21 00:00:00-04:00,313.93263631012064,319.92101113625847,309.74371174856566,314.1981201171875,35560400,0.0,0.0
2023-09-22 00:00:00-04:00,315.9582935275562,316.0861290808594,310.87454964946875,311.72021484375,21447900,0.0,0.0
2023-09-25 00:00:00-04:00,311.3072037379406,312.36919907613066,309.7437389423757,312.2413635253906,17836000,0.0,0.0
2023-09-26 00:00:00-04:00,309.87158577781963,310.60907089739686,304.8468382254269,306.9314880371094,26297600,0.0,0.0
2023-09-27 00:00:00-04:00,307.08871274751345,309.05533922686567,304.5222795959613,307.570556640625,19410100,0.0,0.0
2023-09-28 00:00:00-04:00,305.8006285556267,310.2157261834966,304.2863475063599,308.40643310546875,19683600,0.0,0.0
2023-09-29 00:00:00-04:00,312.44779723009606,314.13909728561697,309.7240302256166,310.4811706542969,24147300,0.0,0.0
2023-10-02 00:00:00-04:00,311.0023577080208,316.51876142882526,309.9207069776333,316.43023681640625,20570000,0.0,0.0
2023-10-03 00:00:00-04:00,315.47637593083107,316.0270589569964,306.0169072930421,308.1605529785156,21033500,0.0,0.0
2023-10-04 00:00:00-04:00,308.78990640782996,314.69962955610083,308.7604082061058,313.63763427734375,20720100,0.0,0.0
2023-10-05 00:00:00-04:00,313.76549150792954,314.6406549001424,309.6454056684001,314.0309753417969,16965600,0.0,0.0
2023-10-06 00:00:00-04:00,311.26785534059786,323.6969515428258,311.022026982247,321.7991638183594,25673600,0.0,0.0
2023-10-09 00:00:00-04:00,319.3310305664322,324.7884080000268,317.78722130749577,324.3164367675781,19891200,0.0,0.0
2023-10-10 00:00:00-04:00,325.4374015243932,325.57507980738603,322.202321974192,322.9103088378906,20557100,0.0,0.0
2023-10-11 00:00:00-04:00,325.6831856730943,327.26633567090187,323.6477499735418,326.8730163574219,20063200,0.0,0.0
2023-10-12 00:00:00-04:00,325.05394288857616,328.0628797237766,323.23480695672527,325.63409423828125,19313100,0.0,0.0
2023-10-13 00:00:00-04:00,326.8336925301548,328.25947886718836,320.9141270220076,322.26129150390625,21072400,0.0,0.0
2023-10-16 00:00:00-04:00,325.52592163414295,330.53101374822336,325.0834485648815,327.08941650390625,22158000,0.0,0.0
2023-10-17 00:00:00-04:00,324.09025768703805,327.8956757176601,321.9466416917106,326.51904296875,18338500,0.0,0.0
2023-10-18 00:00:00-04:00,326.9418838619396,329.9901616003234,322.8217980493897,324.6015930175781,23153600,0.0,0.0
2023-10-19 00:00:00-04:00,326.60754929555145,331.2586326156587,325.38825024680347,325.7914123535156,25052100,0.0,0.0
2023-10-20 00:00:00-04:00,326.18471469225653,326.381389371038,320.019350620081,321.218994140625,25027700,0.0,0.0
2023-10-23 00:00:00-04:00,320.0390357293436,327.1779011119036,318.97707038724695,323.8247985839844,24374700,0.0,0.0
2023-10-24 00:00:00-04:00,325.77169735313146,326.3026949587647,322.13345600220845,325.0145568847656,31153600,0.0,0.0
2023-10-25 00:00:00-04:00,339.26283308723094,340.42316589238874,331.9863187573611,334.9854431152344,55053800,0.0,0.0
2023-10-26 00:00:00-04:00,334.8575801473551,335.9293882372037,321.4845108470067,322.4186706542969,37828500,0.0,0.0
2023-10-27 00:00:00-04:00,324.91622907683893,331.1012785656195,322.92010413957604,324.30657958984375,29856500,0.0,0.0
2023-10-30 00:00:00-04:00,327.846541065036,333.7857627071757,326.29288900889105,331.68145751953125,22828100,0.0,0.0
2023-10-31 00:00:00-04:00,333.1957815178894,333.3432725394677,329.105193805489,332.4681091308594,20265300,0.0,0.0
2023-11-01 00:00:00-04:00,334.120080906605,341.6227672265474,333.9824026215242,340.2952880859375,28158800,0.0,0.0
2023-11-02 00:00:00-04:00,341.44572570080203,343.00919036132757,339.0169404715558,342.5077209472656,24348100,0.0,0.0
2023-11-03 00:00:00-04:00,343.7959073621998,348.47648927328174,341.53426828379986,346.9129943847656,23637700,0.0,0.0
2023-11-06 00:00:00-05:00,347.5521874881877,351.57393632100406,347.453850131168,350.5807800292969,23828300,0.0,0.0
2023-11-07 00:00:00-05:00,353.40279769132025,356.4117340199255,351.66234393523393,354.5139465332031,25833900,0.0,0.0
2023-11-08 00:00:00-05:00,355.64484003786134,357.7982991280208,354.53369091729024,357.1394958496094,26767800,0.0,0.0
2023-11-09 00:00:00-05:00,356.2544152579837,358.7028859089797,354.3467849553374,354.6712951660156,24847300,0.0,0.0
2023-11-10 00:00:00-05:00,355.45793871169803,363.92428238869843,355.0449639030692,363.50146484375,28042100,0.0,0.0
2023-11-13 00:00:00-05:00,362.0756513284613,362.3214796716584,359.79435710159004,360.56134033203125,19986500,0.0,0.0
2023-11-14 00:00:00-05:00,364.81910296344984,365.7434199318085,361.22017242867213,364.0914306640625,27683900,0.0,0.0
2023-11-15 00:00:00-05:00,365.8255911591098,367.64841915601704,361.71683864791095,364.2392578125,26860100,0.75,0.0
2023-11-16 00:00:00-05:00,365.51031591616425,370.821147278909,364.74177589351456,370.643798828125,27182300,0.0,0.0
2023-11-17 00:00:00-05:00,368.12133741912425,368.8701819959366,361.60845836518695,364.4165954589844,40157000,0.0,0.0
2023-11-20 00:00:00-05:00,365.766486587499,373.304096039392,365.54971735826314,371.8951110839844,52465100,0.0,0.0
2023-11-21 00:00:00-05:00,370.15113498600977,370.69304303967186,365.66795990773056,367.5893249511719,28423100,0.0,0.0
2023-11-22 00:00:00-05:00,372.44683209614044,374.2105437680483,369.4613467876635,372.2990417480469,23345300,0.0,0.0
2023-11-24 00:00:00-05:00,371.786716969812,372.41732930761407,369.6289174288519,371.88525390625,10176600,0.0,0.0
2023-11-27 00:00:00-05:00,371.24480993983406,375.0481191981454,370.67334381773094,373.04791259765625,22179200,0.0,0.0
2023-11-28 00:00:00-05:00,372.79174922299154,377.3734310799554,372.60453806574077,377.0778503417969,20453100,0.0,0.0
2023-11-29 00:00:00-05:00,378.12223413728344,378.65427940747446,371.89507333786327,373.28436279296875,28963400,0.0,0.0
2023-11-30 00:00:00-05:00,372.9296932561048,374.50619409044,369.95407010737097,373.3435363769531,30554400,0.0,0.0
2023-12-01 00:00:00-05:00,371.22509383375666,372.6045206628206,365.85514681042775,369.0081481933594,33040500,0.0,0.0
2023-12-04 00:00:00-05:00,363.67758971521135,364.0914026926199,357.56866135332547,363.7170104980469,32063300,0.0,0.0
2023-12-05 00:00:00-05:00,361.06658945811125,367.5991645775178,360.2487659355607,367.0473937988281,23065000,0.0,0.0
2023-12-06 00:00:00-05:00,368.05240507377636,368.6829873224875,362.6233417878435,363.38201904296875,21182100,0.0,0.0
2023-12-07 00:00:00-05:00,362.82041555159645,365.99311236097066,360.93847138160504,365.5004577636719,23118900,0.0,0.0
2023-12-08 00:00:00-05:00,363.7761351529084,368.95884062033406,362.820384114192,368.73223876953125,20154400,0.0,0.0
2023-12-11 00:00:00-05:00,363.06672692464986,366.140886665869,360.7216863332907,365.84527587890625,27708800,0.0,0.0
2023-12-12 00:00:00-05:00,365.40189538840474,368.9194561848198,365.01761039602826,368.8800354003906,24838300,0.0,0.0
2023-12-13 00:00:00-05:00,370.4959935952551,372.092219925607,365.32311975023094,368.8702392578125,30955500,0.0,0.0
2023-12-14 00:00:00-05:00,367.8258172782938,368.26921849690297,358.78068500039916,360.5542297363281,43277500,0.0,0.0
2023-12-15 00:00:00-05:00,361.46071708829936,366.9291715904146,360.89908357942716,365.2837219238281,78502300,0.0,0.0
2023-12-18 00:00:00-05:00,364.0224743454713,367.52030977000646,363.26376706221674,367.1754455566406,21802900,0.0,0.0
2023-12-19 00:00:00-05:00,366.0324728829278,367.7764892578125,364.40671885980896,367.7764892578125,20603700,0.0,0.0
2023-12-20 00:00:00-05:00,369.49095210036234,370.5058193793613,365.086618748556,365.17529296875,26316700,0.0,0.0
2023-12-21 00:00:00-05:00,367.08678486250125,368.90961285521604,364.60381655946395,368.0523986816406,17708000,0.0,0.0
2023-12-22 00:00:00-05:00,368.190345627308,369.66830947141494,367.23459447201543,369.0771179199219,17107500,0.0,0.0
2023-12-26 00:00:00-05:00,369.49091579531864,371.40241787190627,368.0129521321374,369.1559143066406,12673100,0.0,0.0
2023-12-27 00:00:00-05:00,368.20025414883673,369.55012314997543,367.33317710800907,368.5746765136719,14905400,0.0,0.0
2023-12-28 00:00:00-05:00,369.8554894003956,370.92947276145065,368.66327375287557,369.7668151855469,14327000,0.0,0.0
2023-12-29 00:00:00-05:00,370.4762957614539,371.61925815456027,367.9933271573456,370.5157165527344,18730800,0.0,0.0
2024-01-02 00:00:00-05:00,368.3676035564916,370.3776423099596,361.3817664448865,365.4215393066406,25258600,0.0,0.0
2024-01-03 00:00:00-05:00,363.58897105283376,367.7765353087628,363.09631643448915,365.1556091308594,23083500,0.0,0.0
2024-01-04 00:00:00-05:00,365.2245421546535,367.6188360826796,361.7759602590735,362.5346374511719,20901500,0.0,0.0
2024-01-05 00:00:00-05:00,363.54952100172824,366.59412268972636,361.11580618022657,362.3474426269531,21004600,0.0,0.0
2024-01-08 00:00:00-05:00,363.8746551165755,369.6880031258094,363.5889371144665,369.18548583984375,23134000,0.0,0.0
2024-01-09 00:00:00-05:00,366.5448504063893,370.46636140674497,365.73688972227416,370.2693176269531,20830000,0.0,0.0
2024-01-10 00:00:00-05:00,370.8407867125645,378.5262158492707,370.7915332845255,377.1467590332031,25514200,0.0,0.0
2024-01-11 00:00:00-05:00,380.3293610152563,384.9406009736396,374.79192797943045,378.9794921875,27850800,0.0,0.0
2024-01-12 00:00:00-05:00,379.82685960129345,382.9699985676337,378.9992034255686,382.7630920410156,21661200,0.0,0.0
2024-01-16 00:00:00-05:00,387.8768338056293,388.24139340844187,381.925557656747,384.53662109375,27202300,0.0,0.0
2024-01-17 00:00:00-05:00,382.28028145481545,384.37896483224864,379.1568380014038,383.7483825683594,22234100,0.0,0.0
2024-01-18 00:00:00-05:00,385.965331411229,388.201972530476,384.38883063496286,388.083740234375,23392100,0.0,0.0
2024-01-19 00:00:00-05:00,389.9459487436234,392.8132019042969,387.7191405000406,392.8132019042969,29331100,0.0,0.0
2024-01-22 00:00:00-05:00,394.14338194370225,394.73457348742886,387.8078508984798,390.6849670410156,27016900,0.0,0.0
2024-01-23 00:00:00-05:00,389.9361075398463,393.51278467024315,388.1428376176736,393.0398254394531,20525900,0.0,0.0
2024-01-24 00:00:00-05:00,395.641022160032,399.6709327475664,394.56703885551275,396.6460266113281,24867000,0.0,0.0
2024-01-25 00:00:00-05:00,398.38024160054783,401.03072587810215,396.6165296306349,398.9221496582031,21021200,0.0,0.0
2024-01-26 00:00:00-05:00,398.42947961915996,400.2030542350716,396.51797735014173,397.9959411621094,17803300,0.0,0.0
2024-01-29 00:00:00-05:00,400.09466184188676,403.9570872376775,398.39006605624104,403.7008972167969,24510200,0.0,0.0
2024-01-30 00:00:00-05:00,406.20362278573214,406.9819954850648,400.47897814212786,402.5875244140625,33477600,0.0,0.0
2024-01-31 00:00:00-05:00,400.98143260936786,409.21863334219495,391.3746676938224,391.7392272949219,47871100,0.0,0.0
2024-02-01 00:00:00-05:00,395.9267795782407,402.00615052622754,395.89722150523676,397.84814453125,30657700,0.0,0.0
2024-02-02 00:00:00-05:00,397.87768854138443,406.587817886619,397.6313612519742,405.1788330078125,28256700,0.0,0.0
2024-02-05 00:00:00-05:00,403.8782071207988,405.1197062490565,398.05502654340927,399.6906433105469,25352300,0.0,0.0
2024-02-06 00:00:00-05:00,399.91727449589274,401.97656696928505,396.9909051770198,399.5329895019531,18382600,0.0,0.0
2024-02-07 00:00:00-05:00,401.4543453507497,408.21355139808253,401.41492456704214,407.96722412109375,22340500,0.0,0.0
2024-02-08 00:00:00-05:00,407.9672815558181,409.4551081404497,406.4696223258111,408.0263977050781,21225300,0.0,0.0
2024-02-09 00:00:00-05:00,409.1496384913206,414.6378178606117,408.9919854136341,414.37176513671875,22032800,0.0,0.0
2024-02-12 00:00:00-05:00,414.3815803930293,414.55892880914683,408.65693709745693,409.1594543457031,21202900,0.0,0.0
2024-02-13 00:00:00-05:00,398.9910681954345,404.0457086747665,397.4638511225893,400.3507995605469,27824900,0.0,0.0
2024-02-14 00:00:00-05:00,402.81865792132635,404.5658693954015,399.3636985334278,404.2203674316406,20401200,0.75,0.0
2024-02-15 00:00:00-05:00,402.8877787891035,403.86502912534854,399.08731730113595,401.3280944824219,21825500,0.0,0.0
2024-02-16 00:00:00-05:00,402.71009676405504,403.03586697919485,398.24827391084835,398.86029052734375,22296500,0.0,0.0
2024-02-20 00:00:00-05:00,398.05078888046796,399.284702922107,392.8881118101571,397.6065979003906,24307900,0.0,0.0
2024-02-21 00:00:00-05:00,395.0203117904289,397.1130251474651,392.10826265454955,397.0044250488281,18518900,0.0,0.0
2024-02-22 00:00:00-05:00,404.91139681164196,407.51740782025877,403.3122489001272,406.35260009765625,27009900,0.0,0.0
2024-02-23 00:00:00-05:00,410.3208439519873,410.5083711673126,403.70705278478863,405.0594177246094,16295900,0.0,0.0
2024-02-26 00:00:00-05:00,406.165070377653,406.8560743956345,402.1178256827456,402.2955322265625,16193500,0.0,0.0
2024-02-27 00:00:00-05:00,402.7397141163555,403.0654843352299,398.65300594895484,402.2362976074219,14835800,0.0,0.0
2024-02-28 00:00:00-05:00,402.9272470121027,404.0328292486966,400.10406595257604,402.4731750488281,13183100,0.0,0.0
2024-02-29 00:00:00-05:00,403.38135996606263,408.8698077347499,400.69636155135646,408.3170166015625,31947300,0.0,0.0
2024-03-01 00:00:00-05:00,405.9774393001269,410.5182488621106,405.5924737956083,410.15301513671875,17823400,0.0,0.0
2024-03-04 00:00:00-05:00,408.11954029802524,411.97922704270553,407.0139581345592,409.58050537109375,17596000,0.0,0.0
2024-03-05 00:00:00-05:00,408.6329297162564,408.9192062738957,395.48436159710565,397.4684753417969,26919200,0.0,0.0
2024-03-06 00:00:00-05:00,397.7842686719228,399.9460884523173,393.2632209421736,396.91558837890625,22344100,0.0,0.0
2024-03-07 00:00:00-05:00,400.8937526863445,404.5066568048068,397.0636784801651,403.8749084472656,18718500,0.0,0.0
2024-03-08 00:00:00-05:00,402.7100915611558,405.13845633858756,399.1267999900611,400.99249267578125,18002200,0.0,0.0
2024-03-11 00:00:00-04:00,398.56416223358286,400.4594375495643,396.0963338665231,399.3143615722656,16120800,0.0,0.0
2024-03-12 00:00:00-04:00,402.37445324131755,410.22215907857986,401.5551475222323,409.9358825683594,22457000,0.0,0.0
2024-03-13 00:00:00-04:00,412.7195723945268,412.7985296378199,406.1551557542081,409.7581787109375,17115900,0.0,0.0
2024-03-14 00:00:00-04:00,414.83206096573,422.3145333258251,412.6110154706253,419.74798583984375,34157300,0.0,0.0
2024-03-15 00:00:00-04:00,413.8942494694405,417.16165133292435,407.4778966665496,411.0611877441406,45079900,0.0,0.0
2024-03-18 00:00:00-04:00,408.9191456409196,415.31576738207366,408.45519271968817,411.94964599609375,20106000,0.0,0.0
2024-03-19 00:00:00-04:00,412.45302237396163,416.24363275003464,410.20236440839864,415.9869689941406,19837900,0.0,0.0
2024-03-20 00:00:00-04:00,416.569367867818,420.4783989986328,415.2466156701396,419.7578125,17860100,0.0,0.0
2024-03-21 00:00:00-04:00,424.29858485051125,425.275865210535,421.6629614511562,423.8445129394531,21296200,0.0,0.0
2024-03-22 00:00:00-04:00,424.1703545566299,424.32826906328035,420.58706292422704,423.2226867675781,17648500,0.0,0.0
2024-03-25 00:00:00-04:00,419.7676816300529,421.90976968993664,416.18439038520984,417.4183044433594,18060500,0.0,0.0
2024-03-26 00:00:00-04:00,420.1329081875438,420.5080228747841,415.9277496341745,416.223876953125,16725600,0.0,0.0
2024-03-27 00:00:00-04:00,418.9780192938283,418.987900246969,413.61790346357526,416.0067443847656,16705000,0.0,0.0
2024-03-28 00:00:00-04:00,415.5427795552794,416.4410726444904,413.7264615959985,415.3058776855469,21871200,0.0,0.0
2024-04-01 00:00:00-04:00,418.49430668541237,422.38360623153415,416.78655877307597,419.1063232421875,16316000,0.0,0.0
2024-04-02 00:00:00-04:00,414.7037001138204,416.94450735898084,412.4629229935154,416.0166015625,17912000,0.0,0.0
2024-04-03 00:00:00-04:00,414.32863193386083,417.8132042224073,413.6968534411064,415.03936767578125,16502300,0.0,0.0
2024-04-04 00:00:00-04:00,419.5209306414664,423.15359679910677,412.19643310660484,412.50244140625,19370900,0.0,0.0
2024-04-05 00:00:00-04:00,414.6049948261761,421.0213477789878,412.9367406484567,420.0440673828125,16554800,0.0,0.0
2024-04-08 00:00:00-04:00,419.69865168894506,421.78148438919783,417.8526907492084,419.1260986328125,14272400,0.0,0.0
2024-04-09 00:00:00-04:00,420.95222561069284,422.235484103292,416.19424606146305,420.7942810058594,12496900,0.0,0.0
2024-04-10 00:00:00-04:00,416.75696418781513,418.5732821571219,414.29901690120346,417.8132019042969,16216600,0.0,0.0
2024-04-11 00:00:00-04:00,420.340202357621,423.8445059638332,416.9247068169411,422.42303466796875,17966400,0.0,0.0
2024-04-12 00:00:00-04:00,418.59302946474156,419.70849269035864,414.3681085669582,416.470703125,19253800,0.0,0.0
2024-04-15 00:00:00-04:00,421.110230165818,421.3274002627743,408.1096973329742,408.3170166015625,20273500,0.0,0.0
2024-04-16 00:00:00-04:00,409.23502221897127,413.0157217686464,408.4058355582689,409.244873046875,16765600,0.0,0.0
2024-04-17 00:00:00-04:00,411.88051429574114,413.4895430541291,405.04955278693666,406.5401306152344,15855500,0.0,0.0
2024-04-18 00:00:00-04:00,405.34570574936373,406.5895007512514,398.7516762985985,399.0675354003906,21029900,0.0,0.0
2024-04-19 00:00:00-04:00,398.83067470294037,400.2620271980646,392.65122286516964,393.9838562011719,30565800,0.0,0.0
2024-04-22 00:00:00-04:00,394.93146005470254,397.6658329165628,390.65719496673063,395.8001403808594,20286900,0.0,0.0
2024-04-23 00:00:00-04:00,399.0379699896353,402.9470318520377,397.87316221870356,402.32513427734375,15734500,0.0,0.0
2024-04-24 00:00:00-04:00,404.28949460726244,407.16205031795823,401.5452707861117,403.7959289550781,15065300,0.0,0.0
2024-04-25 00:00:00-04:00,388.959309192893,394.7439137442764,383.0365219371324,393.90484619140625,40586500,0.0,0.0
2024-04-26 00:00:00-04:00,406.8659105019104,407.68521620447916,400.53839541992835,401.0911865234375,29694700,0.0,0.0
2024-04-29 00:00:00-04:00,400.03497187375575,401.09120962785465,394.0529584180936,397.0735778808594,19582100,0.0,0.0
2024-04-30 00:00:00-04:00,396.3232817640103,396.98467289944216,384.1618487070766,384.31976318359375,28781400,0.0,0.0
2024-05-01 00:00:00-04:00,387.5575723765422,396.55035342207367,385.28718262896496,389.85760498046875,23562500,0.0,0.0
2024-05-02 00:00:00-04:00,392.54256898779425,394.7833458091865,389.5712946448992,392.7202453613281,17709400,0.0,0.0
2024-05-03 00:00:00-04:00,397.1031487364524,401.9104729912864,396.68854036623503,401.4267883300781,17446700,0.0,0.0
2024-05-06 00:00:00-04:00,403.49977559314374,408.603227237703,401.1405174679132,408.21826171875,16996600,0.0,0.0
2024-05-07 00:00:00-04:00,409.32384154303776,409.33372249534176,403.8255133338143,404.0722961425781,20018200,0.0,0.0
2024-05-08 00:00:00-04:00,402.91740058487204,406.92515129872777,401.47616718048914,405.25689697265625,11792300,0.0,0.0
2024-05-09 00:00:00-04:00,405.28649730886616,407.40882353824776,403.83541312066325,407.01397705078125,14689700,0.0,0.0
2024-05-10 00:00:00-04:00,407.6259469435492,410.0345494035734,406.5006029520457,409.40277099609375,13402300,0.0,0.0
2024-05-13 00:00:00-04:00,412.6307673185676,412.96638834799694,405.53329081056893,408.3959655761719,15440200,0.0,0.0
2024-05-14 00:00:00-04:00,406.71781742817865,412.117426712038,406.25386452353786,411.19940185546875,15109300,0.0,0.0
2024-05-15 00:00:00-04:00,413.2662078851203,419.1106798585564,412.64318866360406,418.3887634277344,22239500,0.75,0.0
2024-05-16 00:00:00-04:00,417.1229765763839,420.7028625691673,415.6890726034355,416.32196044921875,17530100,0.0,0.0
2024-05-17 00:00:00-04:00,417.8547794230839,418.2305707168696,413.39477777187733,415.55059814453125,15352200,0.0,0.0
2024-05-20 00:00:00-04:00,415.55062632751003,422.03788543513167,415.3330645205205,420.6237487792969,16272100,0.0,0.0
2024-05-21 00:00:00-04:00,422.09719809997813,428.1691308622737,420.1391721073256,424.28271484375,21453300,0.0,0.0
2024-05-22 00:00:00-04:00,425.3210520448661,427.6153345538536,422.39388170740824,425.74627685546875,18073700,0.0,0.0
2024-05-23 00:00:00-04:00,428.1691242148773,428.792143449846,420.7028525285379,422.26531982421875,17211700,0.0,0.0
2024-05-24 00:00:00-04:00,422.45322015153533,426.28030386108634,419.704046646492,425.3902893066406,11855300,0.0,0.0
2024-05-28 00:00:00-04:00,424.86614094038555,426.0429482844811,421.8697396793398,425.5484924316406,15718000,0.0,0.0
2024-05-29 00:00:00-04:00,420.9698312429892,426.1616177574726,420.9698312429892,424.4112548828125,15517100,0.0,0.0
2024-05-30 00:00:00-04:00,419.59527810803877,419.59527810803877,409.64682749572347,410.07208251953125,28394500,0.0,0.0
2024-05-31 00:00:00-04:00,412.1290098934204,412.1290098934204,400.0247386123212,410.5269775390625,47995300,0.0,0.0
2024-06-03 00:00:00-04:00,410.92250624898264,411.81252080542527,404.38581394057536,408.9347839355469,17484700,0.0,0.0
2024-06-04 00:00:00-04:00,407.856889503619,411.8224355088356,405.13738203313136,411.45654296875,14348900,0.0,0.0
2024-06-05 00:00:00-04:00,413.17720689100315,419.37767256450087,411.68394052355205,419.3084716796875,16988000,0.0,0.0
2024-06-06 00:00:00-04:00,419.3084807052153,420.5940539083252,415.9164904670929,419.81280517578125,14861300,0.0,0.0
2024-06-07 00:00:00-04:00,421.47421729884104,421.55331696325794,418.30968749669245,419.1502685546875,13621700,0.0,0.0
2024-06-10 00:00:00-04:00,419.99086828849937,423.33336493941925,419.18985211669025,423.1257019042969,13982900,0.0,0.0
2024-06-11 00:00:00-04:00,420.76220781136936,428.0208168757502,420.53474723054455,427.8823547363281,14551100,0.0,0.0
2024-06-12 00:00:00-04:00,430.493059431206,438.48345289149796,428.4460049171592,436.1694030761719,22366200,0.0,0.0
2024-06-13 00:00:00-04:00,435.96176849341106,438.47361288924054,434.498168180252,436.68365478515625,15960600,0.0,0.0
2024-06-14 00:00:00-04:00,433.42024926631433,438.2263761607837,431.877549319742,437.6626892089844,13582000,0.0,0.0
2024-06-17 00:00:00-04:00,437.68246749988464,445.9398870196781,435.8332072728674,443.39837646484375,20790000,0.0,0.0
2024-06-18 00:00:00-04:00,444.7235276745664,445.1487826948382,439.95699562171353,441.3908996582031,17112500,0.0,0.0
2024-06-20 00:00:00-04:00,441.3513490930651,441.5788096843686,436.37712366644695,440.7580261230469,19877400,0.0,0.0
2024-06-21 00:00:00-04:00,442.4193728058131,445.58387250760194,441.5590243550793,444.7927551269531,34187100,0.0,0.0
2024-06-24 00:00:00-04:00,444.812502964026,447.72980476303803,441.4601077502006,442.7061462402344,15913700,0.0,0.0
2024-06-25 00:00:00-04:00,443.27969425576566,446.4145577985047,441.79632662300793,445.94976806640625,16413400,0.0,0.0
2024-06-26 00:00:00-04:00,444.0213670965085,448.5703670936918,443.2203510089548,447.1463317871094,16507000,0.0,0.0
2024-06-27 00:00:00-04:00,447.1660901912602,451.11186843959626,446.7606327682888,447.82867431640625,14806300,0.0,0.0
2024-06-28 00:00:00-04:00,448.04624507062687,450.33062875420535,441.46008932267114,441.9941101074219,28362300,0.0,0.0
2024-07-01 00:00:00-04:00,443.68512479077776,452.2985372058129,440.7183897051721,451.6656494140625,17662800,0.0,0.0
2024-07-02 00:00:00-04:00,448.1748078930114,454.4939381515054,448.085779279666,454.1873779296875,13979800,0.0,0.0
2024-07-03 00:00:00-04:00,453.1095094538045,455.90811662700247,452.8029492037819,455.660888671875,9932800,0.0,0.0
2024-07-05 00:00:00-04:00,454.5137192746822,463.15682857412344,453.88083144181417,462.3755798339844,16000300,0.0,0.0
2024-07-08 00:00:00-04:00,461.37678118625774,462.5140538822785,459.30995917726233,461.0702209472656,12962300,0.0,0.0
2024-07-09 00:00:00-04:00,461.8217923289273,462.14811993117183,452.9215864810465,454.44451904296875,17207200,0.0,0.0
2024-07-10 00:00:00-04:00,456.10588369109234,461.28777166224876,453.7720362415662,461.0801086425781,18196100,0.0,0.0
2024-07-11 00:00:00-04:00,457.84642261488483,459.6264518865709,446.5431371483352,449.6582336425781,23111200,0.0,0.0
2024-07-12 00:00:00-04:00,449.2922850558392,451.2997748037469,445.65309687289607,448.52093505859375,16324300,0.0,0.0
2024-07-15 00:00:00-04:00,448.2737061930426,452.18981864416236,446.4244459584992,448.9263916015625,14429400,0.0,0.0
2024-07-16 00:00:00-04:00,449.1835423040314,449.26264197328965,441.7073711225493,444.53564453125,17175700,0.0,0.0
2024-07-17 00:00:00-04:00,437.6824616204732,439.9174119033302,434.3102688250729,438.6021423339844,21778000,0.0,0.0
2024-07-18 00:00:00-04:00,439.4130413837652,439.7196016105417,429.5832562189407,435.487060546875,20794800,0.0,0.0
2024-07-19 00:00:00-04:00,428.2976983913284,436.2485575608238,427.20988939637874,432.2632141113281,20940400,0.0,0.0
2024-07-22 00:00:00-04:00,436.8913524368939,439.670192179698,434.04328162510484,438.0285949707031,15808800,0.0,0.0
2024-07-23 00:00:00-04:00,438.9779107012884,443.4181448887154,438.186793389343,439.9173889160156,13107100,0.0,0.0
2024-07-24 00:00:00-04:00,435.5662057633114,436.58478368998954,422.8487845737653,424.1442565917969,26805800,0.0,0.0
2024-07-25 00:00:00-04:00,424.0453575896341,425.0342693658965,412.88056536465024,413.76068115234375,29943800,0.0,0.0
2024-07-26 00:00:00-04:00,413.5629210032518,424.1640565570156,412.64321010602674,420.55450439453125,23583800,0.0,0.0
2024-07-29 00:00:00-04:00,426.7945193727036,427.3582063126635,419.9908318898155,421.9983215332031,15125800,0.0,0.0
2024-07-30 00:00:00-04:00,422.9773862421971,424.292625750447,412.73224357584877,418.2306213378906,32687600,0.0,0.0
2024-07-31 00:00:00-04:00,415.83742760783406,417.1032335524809,407.63934002598563,413.7112731933594,42891400,0.0,0.0
2024-08-01 00:00:00-04:00,416.1242037023935,422.72022849108816,408.5095707902921,412.4849853515625,30296400,0.0,0.0
2024-08-02 00:00:00-04:00,407.91621848675555,410.3983967606497,399.8565933572946,403.9605712890625,29437900,0.0,0.0
2024-08-05 00:00:00-04:00,384.8548203739987,396.59319866894845,381.30460043688157,390.76849365234375,40709200,0.0,0.0
2024-08-06 00:00:00-04:00,395.5647367351895,401.17188015725634,394.08136897243253,395.1790466308594,24946500,0.0,0.0
2024-08-07 00:00:00-04:00,404.10895783773424,405.53296315438047,393.0627990585979,394.01214599609375,20650900,0.0,0.0
2024-08-08 00:00:00-04:00,397.97762559147657,401.35968669348046,395.5053463499925,398.224853515625,20203000,0.0,0.0
2024-08-09 00:00:00-04:00,399.55004994709526,403.52546468375385,397.7996868528818,401.5179748535156,19276700,0.0,0.0
2024-08-12 00:00:00-04:00,402.54639174185724,404.2275536933188,399.75765352179553,402.2991638183594,16762900,0.0,0.0
2024-08-13 00:00:00-04:00,405.0483994374045,410.3489826258754,405.02863206499177,409.4194030761719,19414300,0.0,0.0
2024-08-14 00:00:00-04:00,410.200606537794,413.0882423005823,407.87668792866015,412.2377624511719,18267000,0.0,0.0
2024-08-15 00:00:00-04:00,415.89340426982346,417.191211225686,413.77333444813155,417.1119689941406,20752100,0.75,0.0
2024-08-16 00:00:00-04:00,416.6859891605723,417.4190931983878,413.4166801400684,414.5758056640625,22775600,0.0,0.0
2024-08-19 00:00:00-04:00,415.06120860773046,417.8252537249248,412.58447325666395,417.6072998046875,15234000,0.0,0.0
2024-08-20 00:00:00-04:00,417.7757654099591,421.8970267669262,417.7163261753405,420.8468933105469,16387600,0.0,0.0
2024-08-21 00:00:00-04:00,420.1336152453366,422.43203322162,417.7955912661998,420.1930847167969,16067300,0.0,0.0
2024-08-22 00:00:00-04:00,420.410997320223,422.8184073246916,410.75172838496667,411.6829833984375,19361900,0.0,0.0
2024-08-23 00:00:00-04:00,413.0996723021897,415.3584538355035,408.255163223579,412.91143798828125,18493800,0.0,0.0
2024-08-26 00:00:00-04:00,412.4953243921623,413.396859709793,407.51213395459416,409.6421203613281,13152800,0.0,0.0
2024-08-27 00:00:00-04:00,409.01800038370646,410.5040417108967,406.43230298651787,409.9888916015625,13492900,0.0,0.0
2024-08-28 00:00:00-04:00,411.0192227861693,411.13810125518216,403.5196602855256,406.779052734375,14882700,0.0,0.0
2024-08-29 00:00:00-04:00,411.07861373737535,418.12243430135214,406.7790049560858,409.2755432128906,17045200,0.0,0.0
2024-08-30 00:00:00-04:00,411.7325012306554,413.60489748199507,408.29479126700903,413.2581787109375,24308300,0.0,0.0
2024-09-03 00:00:00-04:00,414.02103372225025,415.97270258559973,403.24227554701594,405.6298522949219,20313600,0.0,0.0
2024-09-04 00:00:00-04:00,402.13271297104455,407.41310010382534,400.60703533664076,405.0948791503906,15135800,0.0,0.0
2024-09-05 00:00:00-04:00,403.8267457621573,409.25576060406553,402.35062114910426,404.589599609375,14195500,0.0,0.0
2024-09-06 00:00:00-04:00,405.2533474753259,406.8285475492744,397.0702041035056,397.96185302734375,19609500,0.0,0.0
2024-09-09 00:00:00-04:00,403.45033296201285,404.84721553886465,398.4077026542291,401.9444885253906,15295100,0.0,0.0
2024-09-10 00:00:00-04:00,404.4014154009755,412.4557344655397,403.90606826316616,410.3455810546875,19594300,0.0,0.0
2024-09-11 00:00:00-04:00,411.6334589269,420.0444433948456,405.76853569187716,419.1033020019531,19266900,0.0,0.0
2024-09-12 00:00:00-04:00,419.37076416429335,423.39298024346107,415.84389519077274,423.02642822265625,17395700,0.0,0.0
2024-09-13 00:00:00-04:00,421.8672937914901,427.8114589338371,421.5007417784194,426.5830078125,15874600,0.0,0.0
2024-09-16 00:00:00-04:00,426.5929152766965,429.49564193620427,424.2350583167788,427.3260192871094,13834700,0.0,0.0
2024-09-17 00:00:00-04:00,436.13332953102315,437.73824933805764,428.24738173228826,431.1005859375,18874200,0.0,0.0
2024-09-18 00:00:00-04:00,430.95197545729616,431.9723892702998,426.40469272360485,426.80096435546875,18898000,0.0,0.0
2024-09-19 00:00:00-04:00,437.1240071994986,437.3914837460106,432.8342844371603,434.6076354980469,21706600,0.0,0.0
2024-09-20 00:00:00-04:00,433.15134833465663,435.15253986855333,430.17926553566315,431.219482421875,55167100,0.0,0.0
2024-09-23 00:00:00-04:00,430.23868426031646,432.3983904018878,426.38489946949306,429.4758605957031,15128900,0.0,0.0
2024-09-24 00:00:00-04:00,428.9705844602765,429.31733347364775,422.1348005929618,425.1762390136719,17015800,0.0,0.0
2024-09-25 00:00:00-04:00,425.8300855631319,429.08947802981356,424.58183139807875,428.0888671875,13396400,0.0,0.0
2024-09-26 00:00:00-04:00,431.0411178765214,431.2491551844422,425.1365891561316,427.2962951660156,14492000,0.0,0.0
2024-09-27 00:00:00-04:00,427.5043560158928,427.8313020370733,423.49205654568107,424.03692626953125,14896100,0.0,0.0
2024-09-30 00:00:00-04:00,424.2251680181162,426.4146240359172,421.4116000312542,426.29571533203125,16807300,0.0,0.0
2024-10-01 00:00:00-04:00,424.4629431708175,424.49266278755016,414.91263654622963,416.775146484375,19092900,0.0,0.0
2024-10-02 00:00:00-04:00,418.6475873716458,418.88537456440747,412.8322166210633,413.2483215332031,16582300,0.0,0.0
2024-10-03 00:00:00-04:00,413.74364093705873,415.64575695003026,410.43472579830313,412.6637878417969,13686400,0.0,0.0
2024-10-04 00:00:00-04:00,414.34793855319174,415.8438964916741,411.1083793562167,412.188232421875,19169700,0.0,0.0
2024-10-07 00:00:00-04:00,412.1287574404014,413.2284134108737,405.19389854116383,405.7288818359375,20919800,0.0,0.0
2024-10-08 00:00:00-04:00,407.0762569270798,411.79197118142247,404.37168100298584,410.8507995605469,19229300,0.0,0.0
2024-10-09 00:00:00-04:00,411.99010893472126,416.4680664316237,410.4446282759856,413.5752258300781,14974300,0.0,0.0
2024-10-10 00:00:00-04:00,411.3659669240718,413.46623380792397,409.3053060403614,411.97027587890625,13848400,0.0,0.0
2024-10-11 00:00:00-04:00,412.2674830881502,413.2482606337857,409.4043624478393,412.44580078125,14144900,0.0,0.0
2024-10-14 00:00:00-04:00,413.8823170164031,420.09398917949596,413.6346434592421,415.2395935058594,16653100,0.0,0.0
2024-10-15 00:00:00-04:00,418.25128280655105,418.5485092157335,411.3956956650851,414.8432922363281,18900200,0.0,0.0
2024-10-16 00:00:00-04:00,411.3065088320687,412.48540707078536,406.660150790306,412.2476501464844,15508900,0.0,0.0
2024-10-17 00:00:00-04:00,418.429601804324,418.5683135090887,411.722612729939,412.84210205078125,14820000,0.0,0.0
2024-10-18 00:00:00-04:00,413.2582100340754,415.7448320191293,412.38639426497724,414.2687072753906,17145300,0.0,0.0
2024-10-21 00:00:00-04:00,412.24765392774344,415.0612217475957,409.89971357797583,414.8829040527344,14206100,0.0,0.0
2024-10-22 00:00:00-04:00,414.59559642085827,426.57308539168537,414.14980218140033,423.53167724609375,25482200,0.0,0.0
2024-10-23 00:00:00-04:00,426.8504984713963,427.06845240983137,418.59802889539156,420.6487731933594,19654400,0.0,0.0
2024-10-24 00:00:00-04:00,421.3719497046553,422.01592511987707,418.4692229621463,420.7775573730469,13581600,0.0,0.0
2024-10-25 00:00:00-04:00,422.78866124967664,428.4950392124222,422.6004269353124,424.16571044921875,16899100,0.0,0.0
2024-10-28 00:00:00-04:00,427.6430970369736,427.920490226357,422.3329599684467,422.6202697753906,14882400,0.0,0.0
2024-10-29 00:00:00-04:00,424.01710482121905,429.1390069836367,421.8375655534697,427.93035888671875,17644100,0.0,0.0
2024-10-30 00:00:00-04:00,433.3692866656604,434.4194201314416,428.0789831021246,428.5049743652344,29749100,0.0,0.0
2024-10-31 00:00:00-04:00,411.4947379049696,412.2873114234298,402.5190506643278,402.568603515625,53971000,0.0,0.0
2024-11-01 00:00:00-04:00,405.20384836550784,411.63344411141696,403.7078904341815,406.5511779785156,24230400,0.0,0.0
2024-11-04 00:00:00-05:00,405.98649273527667,406.600748568275,401.795875395107,404.6589660644531,19672300,0.0,0.0
2024-11-05 00:00:00-05:00,404.5698009147436,411.0390330760231,404.28249112047496,407.63104248046875,17626000,0.0,0.0
2024-11-06 00:00:00-05:00,408.5821307366994,416.53740425456203,406.69978749855915,416.2698974609375,26681800,0.0,0.0
2024-11-07 00:00:00-05:00,417.3596335925896,422.87780730764854,415.97266781837374,421.47100830078125,19901800,0.0,0.0
2024-11-08 00:00:00-05:00,421.3620693729889,422.5310812867246,417.8550033981939,418.6079406738281,16891400,0.0,0.0
2024-11-11 00:00:00-05:00,418.58812774007396,420.8568260602772,412.1288120506796,414.1201171875,24503300,0.0,0.0
2024-11-12 00:00:00-05:00,414.35783635110096,420.49023567836724,413.3176195666668,419.0933532714844,19401200,0.0,0.0
2024-11-13 00:00:00-05:00,417.71629531230195,425.33470549985367,414.3181914052048,421.2431640625,21502200,0.0,0.0
2024-11-14 00:00:00-05:00,421.04505383486753,424.1855678921326,416.0915826132808,422.91748046875,30246900,0.0,0.0
2024-11-15 00:00:00-05:00,415.91324532993855,418.86549468955633,409.79076244428035,411.1380920410156,28247600,0.0,0.0
2024-11-18 00:00:00-05:00,411.0093198489206,414.50646935219214,408.2651076525754,411.89105224609375,24727000,0.0,0.0
2024-11-19 00:00:00-05:00,409.26565838479394,414.0507282073073,407.72017788193654,413.9021301269531,18133500,0.0,0.0
2024-11-20 00:00:00-05:00,412.9906674094557,413.4067722571845,406.75919271133495,411.6235046386719,19191700,0.0,0.0
2024-11-21 00:00:00-05:00,416.428073141663,416.70602153771694,407.2855248811401,409.84661865234375,20780200,0.83,0.0
2024-11-22 00:00:00-05:00,408.35760329128635,414.3434454251094,408.04987579157546,413.9463806152344,24814600,0.0,0.0
2024-11-25 00:00:00-05:00,415.3162958278843,417.99650611752486,411.812146489521,415.7232971191406,27691100,0.0,0.0
2024-11-26 00:00:00-05:00,416.5174436728799,425.89825580258685,415.78287220202776,424.8559265136719,23458900,0.0,0.0
2024-11-27 00:00:00-05:00,421.9969878965425,424.10148899734514,418.929618998767,419.89251708984375,18332400,0.0,0.0
2024-11-29 00:00:00-05:00,417.0138131267751,421.7687459879258,414.74057357397544,420.359130859375,16271900,0.0,0.0
2024-12-02 00:00:00-05:00,418.48293944626425,429.82923270647603,418.22483367708463,427.82403564453125,20207200,0.0,0.0
2024-12-03 00:00:00-05:00,426.69236269283573,429.30310856781665,424.6077345204632,428.04241943359375,18302000,0.0,0.0
2024-12-04 00:00:00-05:00,429.8590208353051,436.45041220115866,429.4619560010729,434.2168884277344,26009400,0.0,0.0
2024-12-05 00:00:00-05:00,434.71321944433936,441.4038541812057,432.9760343176013,439.3787841796875,21697800,0.0,0.0
2024-12-06 00:00:00-05:00,439.06108850071894,442.83327982289535,438.53497082637017,440.3218078613281,18821000,0.0,0.0
2024-12-09 00:00:00-05:00,439.35893665859504,445.0469576507044,437.2743084708553,442.7538757324219,19144400,0.0,0.0
2024-12-10 00:00:00-05:00,441.1358228013123,446.3275050202344,438.3662450103701,440.08355712890625,18469500,0.0,0.0
2024-12-11 00:00:00-05:00,440.79832040277716,447.05220524938716,440.79832040277716,445.7021484375,19200200,0.0,0.0
2024-12-12 00:00:00-05:00,445.8212579806136,452.8196506561494,445.8212579806136,446.2679748535156,20834800,0.0,0.0
2024-12-13 00:00:00-05:00,445.15616611270633,448.124261247401,442.3170935669994,443.9947204589844,20177800,0.0,0.0
2024-12-16 00:00:00-05:00,443.99470839545216,448.8687569516414,442.0192905147007,448.2830810546875,23598800,0.0,0.0
2024-12-17 00:00:00-05:00,447.70736185197006,451.9560191338881,446.2779042343056,451.132080078125,22733500,0.0,0.0
2024-12-18 00:00:00-05:00,448.0151211482652,449.3353686126572,433.8198177452418,434.1871337890625,24444500,0.0,0.0
2024-12-19 00:00:00-05:00,438.38609658906347,439.9346705847199,433.12491959024413,433.8297119140625,22963700,0.0,0.0
2024-12-20 00:00:00-05:00,429.93845914028344,440.4906238895222,425.49128413888167,433.4029235839844,64263700,0.0,0.0
2024-12-23 00:00:00-05:00,433.54185407205193,434.44519400818086,429.6604823749245,432.0627746582031,19152500,0.0,0.0
2024-12-24 00:00:00-05:00,431.4671622449362,436.3809267682004,431.0105391906017,436.1128845214844,7164500,0.0,0.0
2024-12-26 00:00:00-05:00,435.86472311645826,437.7111185947039,433.4326819773249,434.9018249511719,8194200,0.0,0.0
2024-12-27 00:00:00-05:00,431.4175228637617,432.0329778888151,423.2279358558446,427.3773193359375,18117700,0.0,0.0
2024-12-30 00:00:00-05:00,422.9400284711836,424.4191077458383,418.810487849265,421.7190246582031,13158700,0.0,0.0
2024-12-31 00:00:00-05:00,422.97977346202197,423.6051649635355,417.5796069111211,418.4134521484375,13246500,0.0,0.0
2025-01-02 00:00:00-05:00,422.4139505741353,422.9500047735069,411.81216477472935,415.51483154296875,16896500,0.0,0.0
2025-01-03 00:00:00-05:00,417.99651176266025,420.9249216883709,416.46781065088146,420.2499084472656,16662900,0.0,0.0
2025-01-06 00:00:00-05:00,424.8658449852562,431.1395722098291,422.36430932720185,424.7169494628906,20573600,0.0,0.0
2025-01-07 00:00:00-05:00,425.85852385294453,427.49643519355806,417.7185585987197,419.2770690917969,18139100,0.0,0.0
2025-01-08 00:00:00-05:00,420.35909877353964,423.84340560662326,418.4531754229048,421.4510498046875,15054600,0.0,0.0
2025-01-10 00:00:00-05:00,421.52050962504774,421.59991046888086,411.98086631184646,415.8821105957031,20201100,0.0,0.0
2025-01-13 00:00:00-05:00,412.19927707865725,415.4354144937977,409.2708974707551,414.135009765625,17604800,0.0,0.0
2025-01-14 00:00:00-05:00,414.7504731982745,416.6663329915462,407.7123952362894,412.62615966796875,16935900,0.0,0.0
2025-01-15 00:00:00-05:00,416.06078709453215,425.0147242617403,415.2070689754285,423.1882019042969,19637800,0.0,0.0
2025-01-16 00:00:00-05:00,425.56071106349873,426.34490420898106,421.2822749228641,421.4708557128906,15300000,0.0,0.0
2025-01-17 00:00:00-05:00,430.91124996405387,431.29840862027794,425.0346177976779,425.8883056640625,26197500,0.0,0.0
2025-01-21 00:00:00-05:00,427.0497766230712,427.7446325404098,422.48345509069117,425.3622131347656,26085700,0.0,0.0
2025-01-22 00:00:00-05:00,434.3558409675422,443.9947282693763,432.8072669314077,442.9325866699219,27803800,0.0,0.0
2025-01-23 00:00:00-05:00,438.76331124507635,443.4785278251988,438.266972657695,443.4388122558594,18389300,0.0,0.0
2025-01-24 00:00:00-05:00,441.9001784993804,443.37925780820444,438.1677025965132,440.8082275390625,15549500,0.0,0.0
2025-01-27 00:00:00-05:00,420.90507512895306,432.01313557520695,420.39880005578783,431.3778076171875,35647800,0.0,0.0
2025-01-28 00:00:00-05:00,431.4175234893937,445.0966142937209,428.2211016468738,443.9252624511719,23491700,0.0,0.0
2025-01-29 00:00:00-05:00,443.41900040059096,443.60761150041753,437.17505205552743,439.0909118652344,23581400,0.0,0.0
2025-01-30 00:00:00-05:00,415.7034295288443,419.7634757332681,410.1345248522129,411.95111083984375,54586300,0.0,0.0
2025-01-31 00:00:00-05:00,415.911907348454,417.60937689111034,411.87170384291437,412.0205993652344,34161900,0.0,0.0
2025-02-03 00:00:00-05:00,408.5859629677824,412.36806087424213,405.6674894234756,407.91094970703125,25679100,0.0,0.0
2025-02-04 00:00:00-05:00,409.6679752687522,410.8889791877868,406.739565274027,409.3503112792969,20532100,0.0,0.0
2025-02-05 00:00:00-05:00,409.33046130378085,410.7996042139957,407.39472859021873,410.2635803222656,16316700,0.0,0.0
2025-02-06 00:00:00-05:00,410.96837509421607,415.13763159687187,410.96837509421607,412.7750549316406,16309800,0.0,0.0
2025-02-07 00:00:00-05:00,413.4302096384315,415.58430218979566,405.1115698860282,406.7494812011719,22886800,0.0,0.0
2025-02-10 00:00:00-05:00,410.6804647918203,412.4176498447071,407.91091729068654,409.2013854980469,20817900,0.0,0.0
2025-02-11 00:00:00-05:00,406.6402867338733,409.4693924071674,406.3027498403555,408.4270935058594,18140600,0.0,0.0
2025-02-12 00:00:00-05:00,404.22806155020925,407.7421472112012,401.40886202523427,406.044677734375,19121700,0.0,0.0
2025-02-13 00:00:00-05:00,404.0196057632089,407.99031441935836,403.38427783705555,407.53369140625,23891700,0.0,0.0
2025-02-14 00:00:00-05:00,404.80385028408716,405.91564391864586,402.9078331667541,405.43914794921875,22758500,0.0,0.0
2025-02-18 00:00:00-05:00,405.01228421128855,407.59325090478893,403.52326846051176,406.6402893066406,21423100,0.0,0.0
2025-02-19 00:00:00-05:00,404.8931666240703,412.4474253032674,404.66483997040297,411.7326965332031,24114200,0.0,0.0
2025-02-20 00:00:00-05:00,413.0755545581438,417.07410775463984,410.3402184035009,413.91107177734375,23508700,0.83,0.0
2025-02-21 00:00:00-05:00,415.11458446579724,415.8207899827264,405.71499358869687,406.03326416015625,27524800,0.0,0.0
2025-02-24 00:00:00-05:00,406.3316944915949,407.1870941067446,397.1906962904959,401.8457336425781,26443700,0.0,0.0
2025-02-25 00:00:00-05:00,398.9611771958944,399.7768119064437,394.5846458623518,395.7782287597656,29387400,0.0,0.0
2025-02-26 00:00:00-05:00,395.8876811696496,401.4478696916858,392.1477210913464,397.5985107421875,19619000,0.0,0.0
2025-02-27 00:00:00-05:00,399.13030635306495,403.5764722898777,390.0788543559985,390.4369201660156,21127400,0.0,0.0
2025-02-28 00:00:00-05:00,390.5662102627109,395.50970978817173,384.50868780557136,394.87310791015625,32845700,0.0,0.0
2025-03-03 00:00:00-05:00,396.693360360252,396.693360360252,384.1008642400347,386.4184265136719,23007700,0.0,0.0
2025-03-04 00:00:00-05:00,381.3555708063787,390.48661254503907,378.9683745181786,386.53778076171875,29342900,0.0,0.0
2025-03-05 00:00:00-05:00,387.2639110911412,399.52818059067016,386.73673843465946,398.8816223144531,23433100,0.0,0.0
2025-03-06 00:00:00-05:00,392.17758313531544,400.00561314926756,390.586108729763,394.773681640625,23304600,0.0,0.0
2025-03-07 00:00:00-05:00,390.2280267594304,392.6947831487431,383.4841811851977,391.2127380371094,22034100,0.0,0.0
2025-03-10 00:00:00-04:00,383.7825787420743,384.3395902213564,375.20854809150063,378.13287353515625,32840100,0.0,0.0
2025-03-11 00:00:00-04:00,376.9790454259089,383.9417190881288,374.900193646485,378.42132568359375,30380200,0.0,0.0
2025-03-12 00:00:00-04:00,380.9080172396425,383.1659020465141,376.92934634163805,381.2262878417969,24253600,0.0,0.0
2025-03-13 00:00:00-04:00,381.1168495701804,383.2653352756173,375.43730594967485,376.750244140625,20473000,0.0,0.0
2025-03-14 00:00:00-04:00,377.7548866940246,388.1491759928466,377.48633735073093,386.4880676269531,19952800,0.0,0.0
2025-03-17 00:00:00-04:00,384.6379840789578,390.61591588488574,383.5140048019888,386.6273193359375,22474300,0.0,0.0
2025-03-18 00:00:00-04:00,385.0060028133576,385.30439095730634,379.06783591000334,381.47491455078125,19486900,0.0,0.0
2025-03-19 00:00:00-04:00,383.47424708645485,387.60211207726394,381.95240668028214,385.7520446777344,19185500,0.0,0.0
2025-03-20 00:00:00-04:00,383.68308121761453,389.7008385815923,381.2362073514129,384.7772216796875,18470500,0.0,0.0
2025-03-21 00:00:00-04:00,381.1765391094654,389.65109658333733,380.7587653391681,389.1736755371094,39675900,0.0,0.0
2025-03-24 00:00:00-04:00,393.29158399443577,393.29158399443577,387.73139545576913,390.98394775390625,21004500,0.0,0.0
2025-03-25 00:00:00-04:00,391.8195087441688,394.2464699747621,390.54633531859656,393.0528869628906,15775000,0.0,0.0
2025-03-26 00:00:00-04:00,392.89374127883343,393.2020858372719,386.49803525659746,387.89056396484375,16108400,0.0,0.0
2025-03-27 00:00:00-04:00,388.04970169840396,390.1484359049866,385.33424804034394,388.4972839355469,13766800,0.0,0.0
2025-03-28 00:00:00-04:00,386.01060482786494,387.05502406399853,374.920066699825,376.78009033203125,21632000,0.0,0.0
2025-03-31 00:00:00-04:00,370.5534967757106,375.0593400396717,365.28173999012597,373.3883056640625,35184700,0.0,0.0
2025-04-01 00:00:00-04:00,372.65223585591366,380.80852287787553,371.2398247656492,380.15203857421875,19689500,0.0,0.0
2025-04-02 00:00:00-04:00,375.95454781806535,383.0266205201498,374.6117403662579,380.1023254394531,16092600,0.0,0.0
2025-04-03 00:00:00-04:00,372.79148704012755,375.4671453752222,367.38049274092737,371.12042236328125,30198000,0.0,0.0
2025-04-04 00:00:00-04:00,362.1883672134991,372.5925832225619,357.5631683165765,357.9212341308594,49209900,0.0,0.0
2025-04-07 00:00:00-04:00,349.00902084094025,369.021730877009,342.9514979578054,355.9517822265625,50425000,0.0,0.0
2025-04-08 00:00:00-04:00,366.2963320079612,371.65757505461033,348.38235725741856,352.66937255859375,35868900,0.0,0.0
2025-04-09 00:00:00-04:00,351.6547953803853,391.1331552543464,351.21713920354574,388.4077453613281,50199700,0.0,0.0
2025-04-10 00:00:00-04:00,380.02273387837465,381.85291877896515,365.838762955237,379.3165283203125,38024400,0.0,0.0
2025-04-11 00:00:00-04:00,378.61034006862997,387.9701367142302,376.86967153767677,386.3786926269531,23839200,0.0,0.0
2025-04-14 00:00:00-04:00,391.1232211496066,392.54558862795363,382.1612557582716,385.7420654296875,19251200,0.0,0.0
2025-04-15 00:00:00-04:00,386.43836227942796,389.80034400082167,382.1115516637576,383.6731872558594,17199900,0.0,0.0
2025-04-16 00:00:00-04:00,378.6401657518634,379.5751254610235,366.0377126687907,369.6284484863281,21967800,0.0,0.0
2025-04-17 00:00:00-04:00,371.75704543823275,372.3240133010547,364.9336397230584,365.8188781738281,21120200,0.0,0.0
2025-04-21 00:00:00-04:00,360.88533011613976,362.5364820854384,353.7734623702264,357.2050476074219,20807300,0.0,0.0
2025-04-22 00:00:00-04:00,361.44235434917846,365.80892977570767,357.94110461161955,364.864013671875,19485000,0.0,0.0
2025-04-23 00:00:00-04:00,374.05469360875344,378.36162129682754,371.0308956184831,372.39361572265625,20545500,0.0,0.0
2025-04-24 00:00:00-04:00,373.69665118177875,386.3786638188774,373.1893609627435,385.2347717285156,22232300,0.0,0.0
2025-04-25 00:00:00-04:00,384.93638434344297,390.068873110604,382.54918803088736,389.7605285644531,18973200,0.0,0.0
2025-04-28 00:00:00-04:00,389.86991018310994,390.6457497092271,384.5783015368256,389.0741882324219,16579400,0.0,0.0
2025-04-29 00:00:00-04:00,389.21346312193106,392.9932186361511,388.29838582664536,391.9388732910156,14974000,0.0,0.0
2025-04-30 00:00:00-04:00,388.21877036685504,394.54487238441686,382.39003252749313,393.15234375,36461100,0.0,0.0
2025-05-01 00:00:00-04:00,428.81116623183453,434.65981700987567,422.6342884776108,423.1316223144531,58938100,0.0,0.0
2025-05-02 00:00:00-04:00,429.4378217113229,437.09677511877317,427.6971532418887,432.9589538574219,30757400,0.0,0.0
2025-05-05 00:00:00-04:00,430.5617862640975,437.15643772408293,429.80582912695047,433.8442077636719,20136100,0.0,0.0
2025-05-06 00:00:00-04:00,429.8953841273505,435.39589519237757,428.8708776295015,430.99945068359375,15104200,0.0,0.0
2025-05-07 00:00:00-04:00,431.5266230555768,435.7837995157977,428.8111693588705,431.03924560546875,23295300,0.0,0.0
2025-05-08 00:00:00-04:00,435.5948162408885,441.30422944958144,433.3369315017373,435.83355712890625,23491300,0.0,0.0
2025-05-09 00:00:00-04:00,437.6537809958818,438.38982536855053,433.55575499424157,436.39056396484375,15324200,0.0,0.0
2025-05-12 00:00:00-04:00,443.5620761346614,446.97377874951286,437.4349200185842,446.8643798828125,22821900,0.0,0.0
2025-05-13 00:00:00-04:00,445.392292323668,448.2668964878236,442.9851831830833,446.74505615234375,23618800,0.0,0.0
2025-05-14 00:00:00-04:00,445.75038756339603,451.4796527444761,445.75038756339603,450.5247802734375,19902800,0.0,0.0
2025-05-15 00:00:00-04:00,449.1894577663049,454.5904670438241,448.8506535548848,451.54119873046875,21992300,0.83,0.0
2025-05-16 00:00:00-04:00,450.4649981824022,452.7668963665248,447.1566619661563,452.6772155761719,23849800,0.0,0.0
2025-05-19 00:00:00-04:00,449.29907263869796,457.9785240250479,449.2193361148497,457.26104736328125,21336500,0.0,0.0
2025-05-20 00:00:00-04:00,453.9925667897047,456.73292449884485,452.72703072274504,456.56353759765625,15441800,0.0,0.0
2025-05-21 00:00:00-04:00,452.97614166677727,456.17487788050977,450.2258093649285,450.983154296875,19216900,0.0,0.0
2025-05-22 00:00:00-04:00,453.3548479183862,458.63625267798704,452.30851122486644,453.26513671875,18025600,0.0,0.0
2025-05-23 00:00:00-04:00,448.40228199038245,452.0992653985463,447.3360263474386,448.6015625,16883500,0.0,0.0
2025-05-27 00:00:00-04:00,454.87944662996904,459.3337746022176,454.52069309116933,459.0746765136719,20974300,0.0,0.0
2025-05-28 00:00:00-04:00,459.60285995745147,460.89828970025724,455.3278931492698,455.7563781738281,17086300,0.0,0.0
2025-05-29 00:00:00-04:00,459.93167902845283,460.10109634693043,453.71356774793736,457.0717468261719,13974800,0.0,0.0
2025-05-30 00:00:00-04:00,458.1080789456966,460.06119805700706,453.942742633105,458.7458190917969,34770500,0.0,0.0
2025-06-02 00:00:00-04:00,455.53716828611505,460.48971303831235,455.2880448481698,460.3502197265625,16626500,0.0,0.0
2025-06-03 00:00:00-04:00,459.85196958801225,462.5126212670428,459.24409259023946,461.3467102050781,15743800,0.0,0.0
2025-06-04 00:00:00-04:00,462.3730793208357,464.05715611586317,461.3965045417047,462.2435302734375,14162700,0.0,0.0
2025-06-05 00:00:00-04:00,463.3296970825432,468.00325491639626,462.4029652503908,466.0401611328125,20131700,0.0,0.0
2025-06-06 00:00:00-04:00,468.4417212017894,471.6803257365932,467.1363168836836,468.730712890625,15285600,0.0,0.0
2025-06-09 00:00:00-04:00,468.05311353771793,471.77001565920176,466.9768832876908,471.0924072265625,16469900,0.0,0.0
2025-06-10 00:00:00-04:00,469.53787169847936,471.14221196784314,465.3226923748716,469.2688293457031,15375900,0.0,0.0
2025-06-11 00:00:00-04:00,468.37197033665615,473.80287330978865,468.01324719222674,470.9628601074219,16399200,0.0,0.0
2025-06-12 00:00:00-04:00,473.3544415367432,478.73553201697933,471.8597009390277,477.1909484863281,18950600,0.0,0.0
2025-06-13 00:00:00-04:00,474.7395752703882,477.4998519181197,471.1023792861798,473.2946472167969,16814500,0.0,0.0
2025-06-16 00:00:00-04:00,473.5437784887318,479.00457509504827,473.3345233196989,477.46002197265625,15626100,0.0,0.0
2025-06-17 00:00:00-04:00,473.7331030955977,477.06138843382047,472.4177241014044,476.3638610839844,15414100,0.0,0.0
2025-06-18 00:00:00-04:00,476.3239856832242,479.313466764918,472.7963894918646,478.5561218261719,17526500,0.0,0.0
2025-06-20 00:00:00-04:00,480.53918652379775,481.76485435953526,475.1979642712812,475.7261047363281,37576200,0.0,0.0
2025-06-23 00:00:00-04:00,476.53323466530253,486.0397928967888,470.8532389300749,484.2959289550781,24864000,0.0,0.0
2025-06-24 00:00:00-04:00,487.23560408546166,490.1254297173699,485.0931183138473,488.3915100097656,22305600,0.0,0.0
2025-06-25 00:00:00-04:00,490.314771223071,492.82592441237585,487.6740689863978,490.5439453125,17495100,0.0,0.0
2025-06-26 00:00:00-04:00,491.2514824256969,496.29373818928514,491.08206511354325,495.705810546875,21578900,0.0,0.0
2025-06-27 00:00:00-04:00,495.80545117387857,497.54931522943417,491.30131038962224,494.20111083984375,34539200,0.0,0.0
2025-06-30 00:00:00-04:00,495.2972567719388,499.0042146991214,493.5932305818623,495.66595458984375,28369000,0.0,0.0
2025-07-01 00:00:00-04:00,494.7292533047111,496.30370004913976,489.2585123483102,490.3247375488281,19945400,0.0,0.0
2025-07-02 00:00:00-04:00,488.2719538404123,491.76965656989233,486.98649882219644,489.36810302734375,16319600,0.0,0.0
2025-07-03 00:00:00-04:00,492.07857999859937,498.3764278450543,491.7098821739863,497.0909423828125,13984800,0.0,0.0
2025-07-07 00:00:00-04:00,495.6360493014733,497.0012408266234,493.4935938943106,495.974853515625,13981600,0.0,0.0
2025-07-08 00:00:00-04:00,495.4965138505155,496.4531696907806,492.3774837277821,494.8786926269531,11846600,0.0,0.0
2025-07-09 00:00:00-04:00,498.54580110123976,505.003091421344,497.98776704512187,501.74456787109375,18659500,0.0,0.0
2025-07-10 00:00:00-04:00,501.2861517097084,502.67129257213526,496.0047471787155,499.7216796875,16492100,0.0,0.0
2025-07-11 00:00:00-04:00,496.72223609239006,503.25923259786794,496.054571905536,501.55523681640625,16459500,0.0,0.0
2025-07-14 00:00:00-04:00,499.7615155353931,502.2029372942231,499.273243347857,501.2562561035156,12058800,0.0,0.0
2025-07-15 00:00:00-04:00,501.2562471634966,506.51773265302506,501.027073076573,504.04644775390625,14927200,0.0,0.0
2025-07-16 00:00:00-04:00,503.40867779230757,504.94328659833275,500.13023542973804,503.8471374511719,15154400,0.0,0.0
2025-07-17 00:00:00-04:00,503.9069415603956,511.5699807689203,503.84715436950415,509.9058532714844,17503100,0.0,0.0
2025-07-18 00:00:00-04:00,512.6760872301095,512.8355602906365,505.6508184267905,508.2616271972656,21209700,0.0,0.0
2025-07-21 00:00:00-04:00,504.9333159392007,510.29448733980524,503.77737959397786,508.2715759277344,14066800,0.0,0.0
2025-07-22 00:00:00-04:00,509.1784090675831,509.40761357627605,503.4983825683594,503.4983825683594,13868600,0.0,0.0
2025-07-23 00:00:00-04:00,504.97320231513,505.01307057965715,498.9444273574923,504.0962829589844,16396600,0.0,0.0
2025-07-24 00:00:00-04:00,506.98609704492156,511.86891017220256,505.5212500656798,509.0887145996094,16107000,0.0,0.0
2025-07-25 00:00:00-04:00,510.67314061143924,516.4727417364818,508.57055332296227,511.9088439941406,19125700,0.0,0.0
2025-07-28 00:00:00-04:00,512.2775105607909,513.1942677567645,508.3313735189307,510.7030334472656,14308000,0.0,0.0
2025-07-29 00:00:00-04:00,513.7224399565682,515.8050777848653,509.7663282358281,510.7727966308594,16469200,0.0,0.0
2025-07-30 00:00:00-04:00,513.3636552782116,514.1409495778635,507.6537656967309,511.4404296875,26380400,0.0,0.0
2025-07-31 00:00:00-04:00,553.2831833968122,553.5024436401114,530.0350289229713,531.62939453125,51617300,0.0,0.0
2025-08-01 00:00:00-04:00,533.1241706958108,533.9213535531813,519.0337340919326,522.2723388671875,28977600,0.0,0.0
2025-08-04 00:00:00-04:00,526.4177481275262,536.3627358241171,526.2782244119826,533.7619018554688,25349000,0.0,0.0
2025-08-05 00:00:00-04:00,535.2964641743647,535.41603854948,525.3913146279989,525.8995361328125,19171600,0.0,0.0
2025-08-06 00:00:00-04:00,529.0385508551038,529.8357336828143,522.1926437275052,523.0994262695312,21355700,0.0,0.0
2025-08-07 00:00:00-04:00,524.9529190734887,526.2384349946553,515.7353514691818,519.0138549804688,16079100,0.0,0.0
2025-08-08 00:00:00-04:00,520.7676288144971,522.8204035830947,517.5888112007746,520.2095947265625,15531000,0.0,0.0
2025-08-11 00:00:00-04:00,520.4686618064882,525.7401525514866,517.8976909591346,519.9405517578125,20194400,0.0,0.0
2025-08-12 00:00:00-04:00,521.9135974657331,529.1182277589118,520.8672912006765,527.3843383789062,18667000,0.0,0.0
2025-08-13 00:00:00-04:00,530.2443026581628,530.8322607629538,517.5489813455309,518.7547607421875,19619200,0.0,0.0
2025-08-14 00:00:00-04:00,520.7277467800332,524.1058750288076,518.3162490497452,520.6480102539062,20269100,0.0,0.0
2025-08-15 00:00:00-04:00,520.9370505811125,524.255330935539,517.2599862571353,518.3461303710938,25213300,0.0,0.0
2025-08-18 00:00:00-04:00,519.7611730136332,520.9868407954262,512.2177084457264,515.286865234375,23760600,0.0,0.0
2025-08-19 00:00:00-04:00,513.1942782099028,513.3536904476517,506.7668813962475,507.98260498046875,21481000,0.0,0.0
2025-08-20 00:00:00-04:00,508.0822507382742,509.2082935133009,502.6712971096552,503.9468078613281,27723000,0.0,0.0
2025-08-21 00:00:00-04:00,502.74904380636957,506.68168580920974,501.7808546744913,503.2980041503906,18443300,0.83,0.0
2025-08-22 00:00:00-04:00,503.3079962424447,509.77590173606455,501.471437254012,506.2824401855469,24324200,0.0,0.0
2025-08-25 00:00:00-04:00,505.6835608535286,507.2406441544574,503.1782400793436,503.3179931640625,21638600,0.0,0.0
2025-08-26 00:00:00-04:00,503.4177851675948,504.0366525259624,497.5787379824689,501.1021423339844,30835700,0.0,0.0
2025-08-27 00:00:00-04:00,501.06219963605827,506.34232576675964,498.96611661319633,505.7933349609375,17277900,0.0,0.0
2025-08-28 00:00:00-04:00,506.1426727693108,510.1352001425548,504.5556467937143,508.68792724609375,18015600,0.0,0.0
2025-08-29 00:00:00-04:00,507.7097597194238,508.64800611235046,503.5475364264987,505.7434387207031,20961600,0.0,0.0
2025-09-02 00:00:00-04:00,499.53505401941584,505.0547219959289,495.88188775050133,504.1763610839844,18128000,0.0,0.0
2025-09-03 00:00:00-04:00,502.8488615493355,506.8413890153064,501.3816064871684,504.40594482421875,16345100,0.0,0.0
2025-09-04 00:00:00-04:00,503.3578996917829,507.20071355848035,502.2100541109688,507.02105712890625,15509500,0.0,0.0
2025-09-05 00:00:00-04:00,508.11900990545524,511.0135863020471,491.4501951138555,494.0752868652344,31994800,0.0,0.0
2025-09-08 00:00:00-04:00,497.1794589519428,500.26371328397477,494.10522614671714,497.2693176269531,16771000,0.0,0.0
2025-09-09 00:00:00-04:00,500.4932596555404,501.3117351050236,496.77024724997165,497.4789123535156,14410500,0.0,0.0
2025-09-10 00:00:00-04:00,502.04038173392,502.2899147028095,495.7920664455459,499.43524169921875,21611800,0.0,0.0
2025-09-11 00:00:00-04:00,501.31173995388707,502.2300346920423,496.9499084839274,500.0740661621094,18881600,0.0,0.0
2025-09-12 00:00:00-04:00,505.70352006176233,511.59249216822343,502.9087629314118,508.94744873046875,23624900,0.0,0.0
2025-09-15 00:00:00-04:00,507.8395136770829,514.5069966795595,506.05284913244947,514.397216796875,17143800,0.0,0.0
2025-09-16 00:00:00-04:00,515.9144004162443,516.2637221986186,507.64986983793983,508.08905029296875,19711900,0.0,0.0
2025-09-17 00:00:00-04:00,509.6660849144807,510.33484666258875,504.9848440594251,509.06719970703125,15816600,0.0,0.0
2025-09-18 00:00:00-04:00,510.5344514878828,512.1115168727503,506.71161989545686,507.5001525878906,18913700,0.0,0.0
2025-09-19 00:00:00-04:00,509.6061757592278,518.3298380532008,509.35664280609984,516.96240234375,52474100,0.0,0.0
2025-09-22 00:00:00-04:00,514.6268375894382,516.772784556969,511.5824866494396,513.4889526367188,20009300,0.0,0.0
2025-09-23 00:00:00-04:00,512.8401566617626,513.6287198501773,506.3622903955001,508.2787170410156,19799600,0.0,0.0
2025-09-24 00:00:00-04:00,509.4265417419943,511.5225942719762,505.9730140478167,509.19696044921875,13533700,0.0,0.0
2025-09-25 00:00:00-04:00,507.3504106819217,509.0572380888419,504.09652154158834,506.0827941894531,15786500,0.0,0.0
2025-09-26 00:00:00-04:00,509.1071380786861,512.9798945996346,505.67356201643696,510.5045166015625,16213100,0.0,0.0
2025-09-29 00:00:00-04:00,510.5444265624633,515.8844074376258,507.9293260645142,513.6386108398438,17617800,0.0,0.0
2025-09-30 00:00:00-04:00,512.2811987663596,517.1919905812645,508.70790002171145,516.982421875,19728200,0.0,0.0
2025-10-01 00:00:00-04:00,513.8382741479315,519.5376290534263,510.7340986553811,518.7391357421875,22632300,0.0,0.0
2025-10-02 00:00:00-04:00,516.6730253227585,520.625588764222,509.7260051791023,514.7765502929688,21222900,0.0,0.0
2025-10-03 00:00:00-04:00,516.1339509263171,519.5176324904353,514.0378984273964,516.3834838867188,15112300,0.0,0.0
2025-10-06 00:00:00-04:00,517.6411650074094,530.0380069481532,517.2319577376861,527.5825805664062,21388600,0.0,0.0
2025-10-07 00:00:00-04:00,527.3030443984364,528.8102332144322,520.4658657072805,523.0010986328125,14615200,0.0,0.0
2025-10-08 00:00:00-04:00,522.3024933531,525.9656203925812,522.1128458539913,523.8695068359375,13363400,0.0,0.0
2025-10-09 00:00:00-04:00,521.3642478231245,523.3505205733983,516.4334737589328,521.4241333007812,18343600,0.0,0.0
2025-10-10 00:00:00-04:00,518.6692706129455,522.6019127014883,508.6779606337136,510.0054626464844,24133800,0.0,0.0
2025-10-13 00:00:00-04:00,515.4452371680482,515.4452371680482,510.7240930552238,513.0896606445312,14284200,0.0,0.0
2025-10-14 00:00:00-04:00,509.2768388871209,514.3174231454748,505.05473007895694,512.610595703125,14684300,0.0,0.0
2025-10-15 00:00:00-04:00,513.9979961583023,516.2238106749688,509.04724028199115,512.4708251953125,14694700,0.0,0.0
2025-10-16 00:00:00-04:00,511.62245544117155,515.884437136842,507.1807563967364,510.65423583984375,15559600,0.0,0.0
2025-10-17 00:00:00-04:00,508.0890780500653,514.5170195527368,506.3622988729776,512.62060546875,19867800,0.0,0.0
2025-10-20 00:00:00-04:00,513.6486038577511,517.730989827423,512.4708156147512,515.8245239257812,14665600,0.0,0.0
2025-10-21 00:00:00-04:00,516.533257830336,517.7210372272165,512.0815676283437,516.6929321289062,15586200,0.0,0.0
2025-10-22 00:00:00-04:00,520.1764726871388,524.2488070435115,516.7428964573043,519.5675659179688,18962700,0.0,0.0
2025-10-23 00:00:00-04:00,521.4839993377199,522.9712060783663,517.6411550810741,519.5875244140625,14023500,0.0,0.0
2025-10-24 00:00:00-04:00,521.8133604589415,524.3685757173844,519.7372899447384,522.6318359375,15532400,0.0,0.0
2025-10-27 00:00:00-04:00,530.7866236569336,533.5813808592218,528.0217787333662,530.527099609375,18734700,0.0,0.0
2025-10-28 00:00:00-04:00,548.9725518014023,552.6855732732587,539.7598137450263,541.057373046875,29986700,0.0,0.0
2025-10-29 00:00:00-04:00,543.9220119141725,545.2495444281135,535.7273269044096,540.538330078125,36023000,0.0,0.0
2025-10-30 00:00:00-04:00,529.4889853080866,533.9705877450752,521.1446173319796,524.77783203125,41023100,0.0,0.0
2025-10-31 00:00:00-04:00,527.8919782690999,528.3311587204174,514.137692119172,516.8426513671875,34006400,0.0,0.0
2025-11-03 00:00:00-05:00,518.8389228578652,523.9793263365088,513.628703759196,516.0641479492188,22374700,0.0,0.0
2025-11-04 00:00:00-05:00,510.80399534425794,514.5868933466259,506.8913048594995,513.3692016601562,20958700,0.0,0.0
2025-11-05 00:00:00-05:00,512.3410686781482,513.8682396575209,505.6336213981725,506.2125549316406,23024300,0.0,0.0
2025-11-06 00:00:00-05:00,504.7153625290288,504.75529633258907,494.88375756631746,496.1713562011719,27406500,0.0,0.0
2025-11-07 00:00:00-05:00,496.02163823572937,498.4470913363115,492.32853818272196,495.8918762207031,24019800,0.0,0.0
2025-11-10 00:00:00-05:00,499.10586069795033,505.9031361854127,497.8681564860657,505.0547180175781,26101500,0.0,0.0
2025-11-11 00:00:00-05:00,503.85694933091565,508.64800052182136,501.411544557113,507.7297058105469,17980000,0.0,0.0
2025-11-12 00:00:00-05:00,508.4084461357136,510.7141588310794,498.18758530403636,510.1851501464844,26574900,0.0,0.0
2025-11-13 00:00:00-05:00,509.3566671737073,512.54071024479,500.3535287599438,502.34979248046875,25273100,0.0,0.0
2025-11-14 00:00:00-05:00,497.2992409027003,510.644258818196,496.51070821491913,509.2268981933594,28505700,0.0,0.0
2025-11-17 00:00:00-05:00,507.5001596757347,511.16328656765256,503.9667643395777,506.54193115234375,19092800,0.0,0.0
2025-11-18 00:00:00-05:00,494.44458869198826,502.0403882023454,485.87063942574486,492.8675537109375,33815100,0.0,0.0
2025-11-19 00:00:00-05:00,489.18443539234676,494.264922953439,481.9279972054541,486.2099914550781,23245300,0.0,0.0
2025-11-20 00:00:00-05:00,492.7099914550781,493.57000732421875,475.5,478.42999267578125,26802500,0.91,0.0
2025-11-21 00:00:00-05:00,478.5,478.9200134277344,468.2699890136719,472.1199951171875,31769200,0.0,0.0
2025-11-24 00:00:00-05:00,475.0,476.8999938964844,468.0199890136719,474.0,34421000,0.0,0.0
2025-11-25 00:00:00-05:00,474.07000732421875,479.1499938964844,464.8900146484375,476.989990234375,28019800,0.0,0.0
2025-11-26 00:00:00-05:00,486.30999755859375,488.30999755859375,481.20001220703125,485.5,25709100,0.0,0.0
2025-11-28 00:00:00-05:00,487.6000061035156,492.6300048828125,486.6499938964844,492.010009765625,14386700,0.0,0.0
2025-12-01 00:00:00-05:00,488.44000244140625,489.8599853515625,484.6499938964844,486.739990234375,23964000,0.0,0.0
2025-12-02 00:00:00-05:00,486.7200012207031,493.5,486.32000732421875,490.0,19562700,0.0,0.0
2025-12-03 00:00:00-05:00,476.32000732421875,484.239990234375,475.20001220703125,477.7300109863281,34615100,0.0,0.0
2025-12-04 00:00:00-05:00,479.760009765625,481.32000732421875,476.489990234375,480.8399963378906,22318200,0.0,0.0
2025-12-05 00:00:00-05:00,482.5199890136719,483.3999938964844,478.8800048828125,483.1600036621094,22608700,0.0,0.0
2025-12-08 00:00:00-05:00,484.8900146484375,492.29998779296875,484.3800048828125,491.0199890136719,21965900,0.0,0.0
2025-12-09 00:00:00-05:00,489.1000061035156,492.1199951171875,488.5,492.0199890136719,14696100,0.0,0.0
2025-12-10 00:00:00-05:00,484.0299987792969,484.25,475.0799865722656,478.55999755859375,35756200,0.0,0.0
2025-12-11 00:00:00-05:00,476.6300048828125,486.0299987792969,475.8599853515625,483.4700012207031,24669200,0.0,0.0
2025-12-12 00:00:00-05:00,479.82000732421875,482.45001220703125,476.3399963378906,478.5299987792969,21248100,0.0,0.0
2025-12-15 00:00:00-05:00,480.1000061035156,480.7200012207031,472.5199890136719,474.82000732421875,23727700,0.0,0.0
2025-12-16 00:00:00-05:00,471.9100036621094,477.8900146484375,470.8800048828125,476.3900146484375,20705600,0.0,0.0
2025-12-17 00:00:00-05:00,476.9100036621094,480.0,475.0,476.1199951171875,24527200,0.0,0.0
2025-12-18 00:00:00-05:00,478.19000244140625,489.6000061035156,477.8900146484375,483.9800109863281,28573500,0.0,0.0
2025-12-19 00:00:00-05:00,487.3599853515625,487.8500061035156,482.489990234375,485.9200134277344,70836100,0.0,0.0
2025-12-22 00:00:00-05:00,486.1199951171875,488.7300109863281,482.69000244140625,484.9200134277344,16963000,0.0,0.0
2025-12-23 00:00:00-05:00,484.9800109863281,487.8299865722656,484.739990234375,486.8500061035156,14683600,0.0,0.0
2025-12-24 00:00:00-05:00,485.67999267578125,489.1600036621094,484.8299865722656,488.0199890136719,5855900,0.0,0.0
2025-12-26 00:00:00-05:00,486.7099914550781,488.1199951171875,485.9599914550781,487.7099914550781,8822100,0.0,0.0
