Date,Open,High,Low,Close,Volume,Dividends,Stock Splits
2020-12-28 00:00:00-05:00,13.025869534762169,13.025869534762169,12.727459055388337,12.863824844360352,212564000,0.0,0.0
2020-12-29 00:00:00-05:00,12.888753571154453,13.035839963058338,12.806235314111813,12.906951904296875,170372000,0.0,0.0
2020-12-30 00:00:00-05:00,12.953821418799093,13.176694914698261,12.860584432443018,13.108885765075684,225396000,0.0,0.0
2020-12-31 00:00:00-05:00,13.09966024211231,13.114119243433588,12.878781023033149,13.018388748168945,192424000,0.0,0.0
2021-01-04 00:00:00-05:00,13.067502211124319,13.614214972587265,12.926149380434182,13.076725959777832,560640000,0.0,0.0
2021-01-05 00:00:00-05:00,13.063015761821758,13.405801831570836,13.050301842015084,13.36716079711914,322760000,0.0,0.0
2021-01-06 00:00:00-05:00,13.185421201480683,13.207858144830338,12.550706673589335,12.579126358032227,580424000,0.0,0.0
2021-01-07 00:00:00-05:00,12.931135270824335,13.340235478052634,12.850363041122911,13.30657958984375,461480000,0.0,0.0
2021-01-08 00:00:00-05:00,13.325029238416239,13.383364531567597,13.00542760762959,13.239519119262695,292528000,0.0,0.0
2021-01-11 00:00:00-05:00,13.381118966632627,13.92184894045649,13.32502709160105,13.583300590515137,518344000,0.0,0.0
2021-01-12 00:00:00-05:00,13.7139336394329,13.71592883730901,13.307577070665623,13.446934700012207,291476000,0.0,0.0
2021-01-13 00:00:00-05:00,13.452170148278045,13.586791799856059,13.347465053272895,13.493803024291992,210028000,0.0,0.0
2021-01-14 00:00:00-05:00,13.536932045657988,13.561612396886156,13.143538544960627,13.163232803344727,283120000,0.0,0.0
2021-01-15 00:00:00-05:00,13.190904052844246,13.287881316844615,12.812468857865895,12.823437690734863,277780000,0.0,0.0
2021-01-19 00:00:00-05:00,12.97974917056158,13.057281347523123,12.807982403646784,12.988724708557129,226188000,0.0,0.0
2021-01-20 00:00:00-05:00,13.074979694527212,13.39283618789323,13.020134580538475,13.328268051147461,258572000,0.0,0.0
2021-01-21 00:00:00-05:00,13.380871079540578,13.959992973771397,13.215835495319384,13.828612327575684,337780000,0.0,0.0
2021-01-22 00:00:00-05:00,13.701468596467407,13.802933631043508,13.589034728801968,13.67404556274414,246820000,0.0,0.0
2021-01-25 00:00:00-05:00,13.743101253478759,13.789720219870421,13.199380371226189,13.614961624145508,251112000,0.0,0.0
2021-01-26 00:00:00-05:00,13.542414547382485,13.606484357318374,13.349955955617846,13.39757251739502,163980000,0.0,0.0
2021-01-27 00:00:00-05:00,13.19290053466498,13.195643218846815,12.75787411482353,12.881526947021484,371272000,0.0,0.0
2021-01-28 00:00:00-05:00,12.959804528349476,13.3023413819018,12.924154394726525,13.014400482177734,228316000,0.0,0.0
2021-01-29 00:00:00-05:00,13.03833420279187,13.297356163278318,12.875292865521274,12.953323364257812,271552000,0.0,0.0
2021-02-01 00:00:00-05:00,13.016644788412517,13.233534581974757,12.866566542246508,13.19987964630127,217204000,0.0,0.0
2021-02-02 00:00:00-05:00,13.361176112515281,13.533939513350386,13.248242969774687,13.518733024597168,220440000,0.0,0.0
2021-02-03 00:00:00-05:00,13.597760947043264,13.892682206778403,13.478596845978661,13.492557525634766,245408000,0.0,0.0
2021-02-04 00:00:00-05:00,13.493054232332696,13.635154533800035,13.30034647317784,13.625930786132812,201340000,0.0,0.0
2021-02-05 00:00:00-05:00,13.686512931697463,13.698728527166663,13.50776486683177,13.552887916564941,169152000,0.0,0.0
2021-02-08 00:00:00-05:00,13.688756093800874,14.433162770962314,13.688756093800874,14.398261070251465,434624000,0.0,0.0
2021-02-09 00:00:00-05:00,14.300535315470242,14.542355599688753,14.182617019413179,14.22325325012207,287560000,0.0,0.0
2021-02-10 00:00:00-05:00,14.422690490908412,14.863201253824297,14.301282039333971,14.722846031188965,485352000,0.0,0.0
2021-02-11 00:00:00-05:00,14.938241392149193,15.229422356874197,14.883146161796272,15.207982063293457,450828000,0.0,0.0
2021-02-12 00:00:00-05:00,15.00779823887516,15.248371783841602,14.733568800276052,14.919297218322754,374756000,0.0,0.0
2021-02-16 00:00:00-05:00,15.022005252212074,15.329391251477393,14.908075461379754,15.287259101867676,321960000,0.0,0.0
2021-02-17 00:00:00-05:00,15.128455897288585,15.180809395697596,14.738552573585007,14.8641996383667,274756000,0.0,0.0
2021-02-18 00:00:00-05:00,14.687696501315875,14.83154190660509,14.5341280721423,14.787416458129883,233868000,0.0,0.0
2021-02-19 00:00:00-05:00,14.982365438062779,15.13443792178438,14.805114282360956,14.88464069366455,271724000,0.0,0.0
2021-02-22 00:00:00-05:00,14.733316330627298,15.090811453956276,14.284827635904886,14.315491676330566,325884000,0.0,0.0
2021-02-23 00:00:00-05:00,14.035778314628121,14.198820593637908,13.35195136230545,14.102341651916504,391780000,0.0,0.0
2021-02-24 00:00:00-05:00,14.08314457417038,14.466067513196569,13.717422369270516,14.458338737487793,448320000,0.0,0.0
2021-02-25 00:00:00-05:00,14.006110991803554,14.33443798699334,13.179187133736889,13.270180702209473,824436000,0.0,0.0
2021-02-26 00:00:00-05:00,13.71393515359349,13.815649363507847,13.323533467731098,13.676042556762695,500932000,0.0,0.0
2021-03-01 00:00:00-05:00,13.836089349362865,13.885949321001982,13.515241967729919,13.802932739257812,353184000,0.0,0.0
2021-03-02 00:00:00-05:00,13.861020214199105,13.881462909178813,13.358433857283094,13.36865520477295,264116000,0.0,0.0
2021-03-03 00:00:00-05:00,13.388596869935437,13.413775539590153,12.762856145628557,12.768839836120605,377592000,0.0,0.0
2021-03-04 00:00:00-05:00,12.764850650112173,12.93861257483422,12.049861436846417,12.33555793762207,573344000,0.0,0.0
2021-03-05 00:00:00-05:00,12.514805563806275,12.514805563806275,11.646497027872458,12.426553726196289,542840000,0.0,0.0
2021-03-08 00:00:00-05:00,12.415087507609316,12.436277690098503,11.53406492027041,11.56074047088623,543112000,0.0,0.0
2021-03-09 00:00:00-05:00,12.100410437756945,12.585713469776065,12.029584993693858,12.48945140838623,521824000,0.004,0.0
2021-03-10 00:00:00-05:00,12.808910100942292,12.948066572746527,12.42685292339801,12.437576293945312,384376000,0.0,0.0
2021-03-11 00:00:00-05:00,12.918142518050555,13.014156273626458,12.703172774674462,12.961535453796387,299916000,0.0,0.0
2021-03-12 00:00:00-05:00,12.617134944070317,12.857043763325269,12.559028764148305,12.824374198913574,243964000,0.0,0.0
2021-03-15 00:00:00-04:00,12.833099637107122,13.174258245322083,12.73583966195434,13.158796310424805,221988000,0.0,0.0
2021-03-16 00:00:00-04:00,13.323641474792712,13.479257837675465,13.084481372803003,13.258552551269531,272128000,0.0,0.0
2021-03-17 00:00:00-04:00,13.007671116067991,13.420153700648893,12.957544682409727,13.308429718017578,243864000,0.0,0.0
2021-03-18 00:00:00-04:00,13.104184222736647,13.151567029011133,12.685715853663865,12.691202163696289,293896000,0.0,0.0
2021-03-19 00:00:00-04:00,12.718637435229843,12.889715783473019,12.581475849233252,12.814151763916016,299208000,0.0,0.0
2021-03-22 00:00:00-04:00,12.880984776838993,13.361549203796526,12.87499901936367,13.15381145477295,297804000,0.0,0.0
2021-03-23 00:00:00-04:00,13.2216411794173,13.311669159623857,12.98921460896582,13.038593292236328,222048000,0.0,0.0
2021-03-24 00:00:00-04:00,13.118896401350066,13.126877093413306,12.605662461359328,12.611896514892578,245840000,0.0,0.0
2021-03-25 00:00:00-04:00,12.468750209276983,12.683470687202513,12.241809920894694,12.504411697387695,295144000,0.0,0.0
2021-03-26 00:00:00-04:00,12.523615375554263,12.824623248846297,12.34306088171137,12.80766487121582,363968000,0.0,0.0
2021-03-29 00:00:00-04:00,12.788709827744805,13.030364297959583,12.668755911865413,12.91639518737793,273520000,0.0,0.0
2021-03-30 00:00:00-04:00,12.810407393306773,12.943329820806323,12.673744343397683,12.840084075927734,200204000,0.0,0.0
2021-03-31 00:00:00-04:00,12.983478936125065,13.437359455060992,12.950560131348015,13.315410614013672,314776000,0.0,0.0
2021-04-01 00:00:00-04:00,13.538862975364015,13.835880038464394,13.47801221186553,13.7777738571167,308276000,0.0,0.0
2021-04-05 00:00:00-04:00,13.833384093236818,13.979523315095443,13.699214481896792,13.953088760375977,255672000,0.0,0.0
2021-04-06 00:00:00-04:00,13.965309496536149,14.019675048728104,13.739616396250584,13.827399253845215,191744000,0.0,0.0
2021-04-07 00:00:00-04:00,13.846603166850237,14.208460857964388,13.677769984773475,14.108707427978516,251284000,0.0,0.0
2021-04-08 00:00:00-04:00,14.217688306990038,14.435900177020958,14.213946732959487,14.281780242919922,244416000,0.0,0.0
2021-04-09 00:00:00-04:00,14.17903119573097,14.372554170430043,14.140127582945142,14.36457347869873,195172000,0.0,0.0
2021-04-12 00:00:00-04:00,14.254596927138556,15.314732396380426,14.104466864397924,15.171585083007812,869324000,0.0,0.0
2021-04-13 00:00:00-04:00,15.194029461631905,15.661377066442782,15.088539527921586,15.6409273147583,676212000,0.0,0.0
2021-04-14 00:00:00-04:00,15.586562476746503,15.681827538993751,15.19004028928494,15.239418983459473,385500000,0.0,0.0
2021-04-15 00:00:00-04:00,15.623968769706602,16.174361581809492,15.593044896398382,16.097551345825195,598480000,0.0,0.0
2021-04-16 00:00:00-04:00,16.0135103168151,16.125983964839964,15.826222304781957,15.873356819152832,335208000,0.0,0.0
2021-04-19 00:00:00-04:00,15.498278823834138,15.768612048726274,15.195525285421995,15.323958396911621,404420000,0.0,0.0
2021-04-20 00:00:00-04:00,15.285552882888071,15.458875362058153,14.926189618252145,15.133927345275879,334132000,0.0,0.0
2021-04-21 00:00:00-04:00,15.081554081407855,15.324704972178079,15.065095154602076,15.322710037231445,216776000,0.0,0.0
2021-04-22 00:00:00-04:00,15.337177673145806,15.400521867224105,14.747132474891446,14.813718795776367,277788000,0.0,0.0
2021-04-23 00:00:00-04:00,14.897512245071516,15.29727657658135,14.86359643923154,15.22769832611084,227500000,0.0,0.0
2021-04-26 00:00:00-04:00,15.147642935688191,15.440919322295558,15.087790126519275,15.439921379089355,197796000,0.0,0.0
2021-04-27 00:00:00-04:00,15.540175890217878,15.631949573137733,15.31672696447076,15.343910217285156,164572000,0.0,0.0
2021-04-28 00:00:00-04:00,15.32670273224523,15.494040417919788,15.178069111051128,15.239168167114258,209416000,0.0,0.0
2021-04-29 00:00:00-04:00,15.362112884221467,15.398523064906703,15.034421258054362,15.28704833984375,173196000,0.0,0.0
2021-04-30 00:00:00-04:00,15.137169225880765,15.327199878603071,14.960105175895864,14.972574234008789,201912000,0.0,0.0
2021-05-03 00:00:00-04:00,15.087788953016753,15.209239297695012,14.751119662695535,14.800248146057129,203912000,0.0,0.0
2021-05-04 00:00:00-04:00,14.601243289229814,14.601492537255227,13.975785811959435,14.315946578979492,405324000,0.0,0.0
2021-05-05 00:00:00-04:00,14.672812250894037,14.777055926521586,14.352103386839238,14.422928810119629,292024000,0.0,0.0
2021-05-06 00:00:00-04:00,14.459589562260682,14.535402805545267,14.183022295182871,14.487271308898926,193380000,0.0,0.0
2021-05-07 00:00:00-04:00,14.771822278211939,14.933921959028272,14.635657709157325,14.775812149047852,229328000,0.0,0.0
2021-05-10 00:00:00-04:00,14.750872395980661,14.769576460567666,14.214944484231708,14.230655670166016,268904000,0.0,0.0
2021-05-11 00:00:00-04:00,13.790988399639572,14.319435012067427,13.71617310026738,14.2710542678833,285584000,0.0,0.0
2021-05-12 00:00:00-04:00,13.975035218815083,14.225168896948256,13.675524752489777,13.724653244018555,303408000,0.0,0.0
2021-05-13 00:00:00-04:00,13.999225058319066,14.046110316134385,13.42588905794775,13.631631851196289,285404000,0.0,0.0
2021-05-14 00:00:00-04:00,13.855829803441582,14.292752013541277,13.714677433186372,14.207961082458496,258616000,0.0,0.0
2021-05-17 00:00:00-04:00,14.122173238813382,14.134393050426326,13.819420627888771,14.13065242767334,216980000,0.0,0.0
2021-05-18 00:00:00-04:00,14.231902974365962,14.368815282209768,13.969549474724266,13.981270790100098,186256000,0.0,0.0
2021-05-19 00:00:00-04:00,13.533122956305393,14.044861343724145,13.509930529649232,14.031145095825195,344000000,0.0,0.0
2021-05-20 00:00:00-04:00,14.26731179439951,14.64762419791001,14.235390933936266,14.576549530029297,321592000,0.0,0.0
2021-05-21 00:00:00-04:00,15.126445108164015,15.184552232588912,14.832919461611446,14.95486831665039,672992000,0.0,0.0
2021-05-24 00:00:00-04:00,15.175076040317867,15.706266327666086,15.138665855139163,15.573594093322754,554816000,0.0,0.0
2021-05-25 00:00:00-04:00,15.72721286252232,15.779583475638967,15.444410600364295,15.609253883361816,435408000,0.0,0.0
2021-05-26 00:00:00-04:00,15.69554295501756,15.754896323009897,15.547907279022002,15.661376953125,370440000,0.0,0.0
2021-05-27 00:00:00-04:00,15.661128802147099,15.711255241190996,15.421968674803152,15.449899673461914,581476000,0.0,0.0
2021-05-28 00:00:00-04:00,15.462866702379829,16.23745619906393,15.462866702379829,16.20453643798828,644536000,0.0,0.0
2021-06-01 00:00:00-04:00,16.229978381608333,16.34793739550379,15.864129823309375,16.224491119384766,472804000,0.0,0.0
2021-06-02 00:00:00-04:00,16.21226777374694,16.877128178251017,16.195558646312733,16.73697280883789,594168000,0.0,0.0
2021-06-03 00:00:00-04:00,16.659664080908772,17.216541131071583,16.5422035955669,16.928001403808594,580008000,0.0,0.0
2021-06-04 00:00:00-04:00,17.070399745238127,17.61755040818045,17.053443272743788,17.535005569458008,617120000,0.0,0.0
2021-06-07 00:00:00-04:00,17.528021981905518,17.768677543429288,17.150453185888143,17.575653076171875,575756000,0.0,0.0
2021-06-08 00:00:00-04:00,17.484137352661744,17.57815524571794,17.208566025896165,17.414060592651367,323848000,0.0,0.0
2021-06-09 00:00:00-04:00,17.476666914175155,17.535784584212863,17.21724683977424,17.319517135620117,381656000,0.004,0.0
2021-06-10 00:00:00-04:00,17.311286428414668,17.452969774393196,17.13767489675894,17.386117935180664,287772000,0.0,0.0
2021-06-11 00:00:00-04:00,17.440491747486085,17.89921687451145,17.404822092173582,17.785470962524414,416308000,0.0,0.0
2021-06-14 00:00:00-04:00,17.866042920276705,17.999244162607233,17.62333583892256,17.978540420532227,321376000,0.0,0.0
2021-06-15 00:00:00-04:00,17.875022883618865,17.97604663575129,17.68843990745718,17.748804092407227,243032000,0.0,0.0
2021-06-16 00:00:00-04:00,17.75105249680479,17.914686108212543,17.54526157802343,17.7705078125,307124000,0.0,0.0
2021-06-17 00:00:00-04:00,17.73484159199634,18.79297460720835,17.71663279842081,18.61562156677246,809656000,0.0,0.0
2021-06-18 00:00:00-04:00,18.74208655422543,19.331767425396844,18.542532064726206,18.59716033935547,968856000,0.0,0.0
2021-06-21 00:00:00-04:00,18.394109040503217,18.4951346885807,17.782976662910134,18.386127471923828,672384000,0.0,0.0
2021-06-22 00:00:00-04:00,18.430282227083815,18.921434238935472,18.344972300218704,18.8446044921875,580144000,0.0,0.0
2021-06-23 00:00:00-04:00,18.96533567291674,19.11001257671834,18.865558432257274,19.014724731445312,332356000,0.0,0.0
2021-06-24 00:00:00-04:00,19.184839180689313,19.37665942576699,19.045648942136065,19.16263771057129,320924000,0.0,0.0
2021-06-25 00:00:00-04:00,19.237480406858673,19.302335907164636,18.852341996857817,18.988536834716797,278364000,0.0,0.0
2021-06-28 00:00:00-04:00,19.318042384046755,20.03394186005266,19.2758869909924,19.940401077270508,495436000,0.0,0.0
2021-06-29 00:00:00-04:00,19.838130514850587,20.05389740507961,19.613133627200476,19.982059478759766,367632000,0.0,0.0
2021-06-30 00:00:00-04:00,19.95462570603838,20.117511412774235,19.81942809542707,19.957868576049805,326568000,0.0,0.0
2021-07-01 00:00:00-04:00,20.080091067121554,20.410351816483264,19.97432670783761,20.16689682006836,480136000,0.0,0.0
2021-07-02 00:00:00-04:00,20.39463747913961,20.45949296291919,20.24247763436387,20.441282272338867,342764000,0.0,0.0
2021-07-06 00:00:00-04:00,20.69122385571064,20.795490483018398,20.304839002416227,20.652311325073242,446708000,0.0,0.0
2021-07-07 00:00:00-04:00,20.806967540702345,20.828419199873718,20.286631589318432,20.326292037963867,418428000,0.0,0.0
2021-07-08 00:00:00-04:00,19.81219121733982,20.088073010027667,19.656788496494755,19.85833740234375,503300000,0.0,0.0
2021-07-09 00:00:00-04:00,19.91795284925319,20.035440254937832,19.71016751816278,20.00550651550293,296624000,0.0,0.0
2021-07-12 00:00:00-04:00,20.19483717208179,20.48693334951167,20.142703851662763,20.46673011779785,321984000,0.0,0.0
2021-07-13 00:00:00-04:00,20.35497267160728,20.41558805833223,20.069113012281623,20.204809188842773,290708000,0.0,0.0
2021-07-14 00:00:00-04:00,20.312324625479327,20.37219021147144,19.708675050402782,19.797225952148438,380100000,0.0,0.0
2021-07-15 00:00:00-04:00,19.76753957121302,19.802710619931563,18.816415909806356,18.923925399780273,550564000,0.0,0.0
2021-07-16 00:00:00-04:00,18.988030726422647,19.11424759877164,18.032667088106123,18.12047004699707,688224000,0.0,0.0
2021-07-19 00:00:00-04:00,17.875271703441314,18.999506326648362,17.825631445000248,18.737842559814453,749060000,0.0,0.0
2021-07-20 00:00:00-04:00,18.688205629147088,18.79596444122418,18.123468610489642,18.57046890258789,434687000,0.0,4.0
2021-07-21 00:00:00-04:00,18.839862381024883,19.483423438095404,18.700175417850065,19.366683959960938,371017000,0.0,0.0
2021-07-22 00:00:00-04:00,19.598165201393325,19.84261736984623,19.2329808759404,19.55027198791504,323826000,0.0,0.0
2021-07-23 00:00:00-04:00,19.612139415403593,19.65604185729442,19.207045233457105,19.514358520507812,195672000,0.0,0.0
2021-07-26 00:00:00-04:00,19.26790448926892,19.398610751293184,18.871789209984744,19.25094223022461,203943000,0.0,0.0
2021-07-27 00:00:00-04:00,19.222006433543775,19.578210080581876,18.699175656661474,19.16513442993164,248863000,0.0,0.0
2021-07-28 00:00:00-04:00,19.27588707854818,19.60215699543012,18.95261072554939,19.459476470947266,202191000,0.0,0.0
2021-07-29 00:00:00-04:00,19.47543967277713,19.80869584189757,19.28486593170964,19.618122100830078,190781000,0.0,0.0
2021-07-30 00:00:00-04:00,19.374667678926546,19.586194490823832,19.22001478198621,19.455488204956055,183497000,0.0,0.0
2021-08-02 00:00:00-04:00,19.656039233859172,19.916456479690652,19.317795028840045,19.7059268951416,217444000,0.0,0.0
2021-08-03 00:00:00-04:00,19.69595097546281,20.176875767387045,19.177110872013746,19.770784378051758,301811000,0.0,0.0
2021-08-04 00:00:00-04:00,19.945391220735015,20.272660294584725,19.78375207608851,20.228757858276367,231309000,0.0,0.0
2021-08-05 00:00:00-04:00,20.454256579946396,20.686736469006593,20.29660819505483,20.59095001220703,211435000,0.0,0.0
2021-08-06 00:00:00-04:00,20.4782011954325,20.52409807521408,20.164900800366695,20.320552825927734,178497000,0.0,0.0
2021-08-09 00:00:00-04:00,20.400368342066376,20.462230246262653,20.09804507132507,20.249706268310547,146443000,0.0,0.0
2021-08-10 00:00:00-04:00,20.276654093629627,20.38441290505014,19.790739367084083,19.891515731811523,179238000,0.0,0.0
2021-08-11 00:00:00-04:00,19.998274902544892,20.00426203166139,19.386643798764577,19.65504264831543,185925000,0.0,0.0
2021-08-12 00:00:00-04:00,19.82566441499477,19.98430812711342,19.57622224617703,19.860586166381836,151652000,0.0,0.0
2021-08-13 00:00:00-04:00,19.86058065307714,20.16889110337351,19.806700306984172,20.142948150634766,183063000,0.0,0.0
2021-08-16 00:00:00-04:00,20.090071818954495,20.24173307870981,19.40959249424926,19.905485153198242,210876000,0.0,0.0
2021-08-17 00:00:00-04:00,19.6410682631344,19.72587955742397,19.224001848545644,19.414575576782227,204585000,0.0,0.0
2021-08-18 00:00:00-04:00,19.456481498919505,19.590183225168474,18.957597357921568,18.997509002685547,285913000,0.0,0.0
2021-08-19 00:00:00-04:00,19.45049795314663,20.449265542336242,18.720131086069024,19.753820419311523,766555000,0.0,0.0
2021-08-20 00:00:00-04:00,19.946392332251655,20.818442681603692,19.888523090251827,20.76955223083496,675741000,0.0,0.0
2021-08-23 00:00:00-04:00,20.924201575683597,21.947911015070833,20.903248530842916,21.908998489379883,575807000,0.0,0.0
2021-08-24 00:00:00-04:00,21.704455946330775,21.909995609508034,21.486942027246627,21.744365692138672,297299000,0.0,0.0
2021-08-25 00:00:00-04:00,21.68849539272734,22.419859572593847,21.673529472839984,22.163433074951172,347701000,0.0,0.0
2021-08-26 00:00:00-04:00,22.15046036413365,22.29014733822545,21.741375451642853,22.018754959106445,237940000,0.0,0.0
2021-08-27 00:00:00-04:00,22.134496340275508,22.671295897934026,22.1175340779144,22.585487365722656,304722000,0.0,0.0
2021-08-30 00:00:00-04:00,22.77905822428135,22.991582292262514,22.500681440564495,22.637374877929688,262580000,0.0,0.0
2021-08-31 00:00:00-04:00,22.64834767167244,22.64834767167244,22.074530788334712,22.338985443115234,259850000,0.004,0.0
2021-09-01 00:00:00-04:00,22.4387809369474,22.650345047811708,22.311043792069864,22.39487075805664,201767000,0.0,0.0
2021-09-02 00:00:00-04:00,22.471711189943935,22.546557779786212,22.249170019657587,22.34996223449707,187834000,0.0,0.0
2021-09-03 00:00:00-04:00,22.279108568441263,22.938749089053665,22.154365523608845,22.796043395996094,280532000,0.0,0.0
2021-09-07 00:00:00-04:00,22.78606358536251,22.85192789740587,22.475702069426948,22.615415573120117,198107000,0.0,0.0
2021-09-08 00:00:00-04:00,22.466723400904264,22.563524132265776,21.931823984385463,22.293081283569336,254434000,0.0,0.0
2021-09-09 00:00:00-04:00,22.266137144440457,22.491672425697235,22.08550944017978,22.13141441345215,196856000,0.0,0.0
2021-09-10 00:00:00-04:00,22.302065073465506,22.57949354520945,22.22422627932548,22.431798934936523,248376000,0.0,0.0
2021-09-13 00:00:00-04:00,22.637374292609916,22.91679945314238,21.813071877295915,22.106468200683594,297500000,0.0,0.0
2021-09-14 00:00:00-04:00,22.229214551396048,22.36393729454732,22.04060385304118,22.1962833404541,199755000,0.0,0.0
2021-09-15 00:00:00-04:00,22.2631425592537,22.321023900271747,21.920847204700245,22.295076370239258,166538000,0.0,0.0
2021-09-16 00:00:00-04:00,22.137404596562575,22.231211247556853,21.881930273101137,22.1962833404541,156033000,0.0,0.0
2021-09-17 00:00:00-04:00,22.254155878288213,22.275112616046236,21.78512276887462,21.854978561401367,294503000,0.0,0.0
2021-09-20 00:00:00-04:00,21.10253608560718,21.388946836044816,20.619531653010185,21.069604873657227,349440000,0.0,0.0
2021-09-21 00:00:00-04:00,21.372975754388563,21.380958731216275,20.90693664793861,21.202327728271484,204688000,0.0,0.0
2021-09-22 00:00:00-04:00,21.322083722570767,21.91486268280497,21.152433063036703,21.895902633666992,268726000,0.0,0.0
2021-09-23 00:00:00-04:00,22.094487365537624,22.488675841781284,21.845001277296493,22.4357852935791,248555000,0.0,0.0
2021-09-24 00:00:00-04:00,22.02463313008802,22.10347121162325,21.816063110959004,22.03561019897461,217655000,0.0,0.0
2021-09-27 00:00:00-04:00,21.66537306934412,21.754190825746935,21.28116613158087,21.615476608276367,245215000,0.0,0.0
2021-09-28 00:00:00-04:00,21.1703968348254,21.37497539579323,20.60855241188065,20.65645408630371,343069000,0.0,0.0
2021-09-29 00:00:00-04:00,20.89695571031384,20.9737970920563,20.424926544672726,20.474824905395508,218394000,0.0,0.0
2021-09-30 00:00:00-04:00,20.725311205175426,21.02269900375307,20.645475720621462,20.673418045043945,221009000,0.0,0.0
2021-10-01 00:00:00-04:00,20.707348593286746,20.816123798789594,20.161472062841753,20.699365615844727,240978000,0.0,0.0
2021-10-04 00:00:00-04:00,20.46185505357973,20.49977705360861,19.514806256090917,19.691442489624023,345635000,0.0,0.0
2021-10-05 00:00:00-04:00,19.9089926262976,20.605557809774158,19.813189288670248,20.40896224975586,279282000,0.0,0.0
2021-10-06 00:00:00-04:00,20.07864575757577,20.677410981952494,20.038727060788936,20.657453536987305,297202000,0.0,0.0
2021-10-07 00:00:00-04:00,21.048642502901718,21.27817116327567,20.928890239898514,21.031679153442383,256919000,0.0,0.0
2021-10-08 00:00:00-04:00,21.057622913257926,21.16240660995784,20.732292851994423,20.788177490234375,151258000,0.0,0.0
2021-10-11 00:00:00-04:00,20.532705933838944,21.019701745235178,20.468836413759362,20.65245819091797,163388000,0.0,0.0
2021-10-12 00:00:00-04:00,20.78519023469679,21.01371965033618,20.485807601821623,20.62851333618164,162134000,0.0,0.0
2021-10-13 00:00:00-04:00,20.874999299325843,20.9468517954333,20.670420782566904,20.89595603942871,180652000,0.0,0.0
2021-10-14 00:00:00-04:00,21.24424093983298,21.710280040317638,21.07858180049667,21.7012996673584,243589000,0.0,0.0
2021-10-15 00:00:00-04:00,21.765169217756938,21.885920792719308,21.6174746181001,21.817062377929688,226994000,0.0,0.0
2021-10-18 00:00:00-04:00,21.70429374523038,22.245179438302365,21.599508134493956,22.176321029663086,189494000,0.0,0.0
2021-10-19 00:00:00-04:00,22.23020952192543,22.332998439284385,21.99170238328711,22.244182586669922,161473000,0.0,0.0
2021-10-20 00:00:00-04:00,22.259150122667332,22.38688726459648,21.936814127495424,22.057565689086914,146276000,0.0,0.0
2021-10-21 00:00:00-04:00,22.051578953476707,22.66431717444452,22.037607791883655,22.645355224609375,187590000,0.0,0.0
2021-10-22 00:00:00-04:00,22.776085781397935,23.08245393094305,22.514625207539453,22.679285049438477,249384000,0.0,0.0
2021-10-25 00:00:00-04:00,22.925777429517396,23.306992179062902,22.723195589304648,23.11838150024414,230235000,0.0,0.0
2021-10-26 00:00:00-04:00,23.939688832608766,25.207078693379014,23.874821912832736,24.66619110107422,485898000,0.0,0.0
2021-10-27 00:00:00-04:00,24.42369501670846,25.038428062047632,24.232088329597563,24.400741577148438,245990000,0.0,0.0
2021-10-28 00:00:00-04:00,24.82686213496586,24.89871463743383,24.472592314193292,24.889732360839844,234204000,0.0,0.0
2021-10-29 00:00:00-04:00,24.9496059611633,25.65615073845339,24.9486085650079,25.514442443847656,292503000,0.0,0.0
2021-11-01 00:00:00-04:00,25.596280704392232,25.840776060615124,25.175147208367978,25.773914337158203,265740000,0.0,0.0
2021-11-02 00:00:00-04:00,25.768924631119912,26.623164159534607,25.74696858717895,26.34673309326172,294112000,0.0,0.0
2021-11-03 00:00:00-04:00,26.615177925392462,26.72894390976585,26.18107263291449,26.543325424194336,239910000,0.0,0.0
2021-11-04 00:00:00-04:00,27.173025240703954,31.30052251605344,27.06225336329066,29.73973846435547,1153631000,0.0,0.0
2021-11-05 00:00:00-04:00,30.12495468332111,31.335460859243494,29.349551282958743,29.69084930419922,851260000,0.0,0.0
2021-11-08 00:00:00-05:00,30.08702828256524,31.03607369583626,29.8455251398631,30.74068260192871,503101000,0.0,0.0
2021-11-09 00:00:00-05:00,32.215642328275685,32.243584649409264,29.90240643770052,30.59398078918457,646746000,0.0,0.0
2021-11-10 00:00:00-05:00,29.29565811512244,30.786586602763936,28.718845203917095,29.39844512939453,636206000,0.0,0.0
2021-11-11 00:00:00-05:00,30.405372503422235,30.527121469817228,29.715792890325954,30.327531814575195,332172000,0.0,0.0
2021-11-12 00:00:00-05:00,29.948313753728954,30.61693662433334,29.56909378945469,30.327531814575195,413054000,0.0,0.0
2021-11-15 00:00:00-05:00,30.4892007220748,30.581010672915156,29.186882831682748,29.96328353881836,384909000,0.0,0.0
2021-11-16 00:00:00-05:00,29.69782548858273,30.327526962300034,29.644933039246503,30.140911102294922,264484000,0.0,0.0
2021-11-17 00:00:00-05:00,30.355474709419386,30.446289165355424,28.740800497149056,29.20085334777832,428508000,0.0,0.0
2021-11-18 00:00:00-05:00,32.300468889918044,32.692658808729135,31.25661755420569,31.60988998413086,781711000,0.0,0.0
2021-11-19 00:00:00-05:00,32.17672655199687,33.01999092531616,31.839421944726077,32.91720199584961,533867000,0.0,0.0
2021-11-22 00:00:00-05:00,33.4481023989034,34.57578069243723,31.834427549306902,31.89031219482422,754335000,0.0,0.0
2021-11-23 00:00:00-05:00,31.470181244113295,32.293486259552104,30.81652687837705,31.680747985839844,532163000,0.0,0.0
2021-11-24 00:00:00-05:00,31.39632853521681,32.78746210050022,30.864423237348433,32.606834411621094,435162000,0.0,0.0
2021-11-26 00:00:00-05:00,32.532987132035885,32.64276162923178,31.285558488884924,31.438243865966797,283069000,0.0,0.0
2021-11-29 00:00:00-05:00,32.299473639315565,33.34332123751521,31.970150118608004,33.307395935058594,454964000,0.0,0.0
2021-11-30 00:00:00-05:00,33.100816111812016,33.284439797778,31.798500284928068,32.608829498291016,622066000,0.0,0.0
2021-12-01 00:00:00-05:00,33.15477887681169,33.22464323996772,31.31933164435788,31.374225616455078,484368000,0.004,0.0
2021-12-02 00:00:00-05:00,31.15364560383076,32.41520148440624,30.96500997117329,32.063880920410156,472890000,0.0,0.0
2021-12-03 00:00:00-05:00,31.93812964626088,32.066881845701786,30.071744357446725,30.633657455444336,544325000,0.0,0.0
2021-12-06 00:00:00-05:00,29.822225866298243,30.182527929896484,27.98378833699991,29.978923797607422,658938000,0.0,0.0
2021-12-07 00:00:00-05:00,30.89715192628836,32.3862680389149,30.591741852503894,32.36430740356445,593053000,0.0,0.0
2021-12-08 00:00:00-05:00,31.937138846191818,32.22757663926126,31.360255237742003,31.76447296142578,475551000,0.0,0.0
2021-12-09 00:00:00-05:00,31.672647606673255,32.14273959159787,30.369172752689572,30.431053161621094,488507000,0.0,0.0
2021-12-10 00:00:00-05:00,31.089775108201945,31.24447612099294,29.80326766525303,30.139616012573242,488825000,0.0,0.0
2021-12-13 00:00:00-05:00,30.190518430638814,30.235431505717692,28.06164095629319,28.10655403137207,598344000,0.0,0.0
2021-12-14 00:00:00-05:00,27.645449960078636,28.62255738718442,27.19731858901298,28.282217025756836,667035000,0.0,0.0
2021-12-15 00:00:00-05:00,28.345092875773645,30.441033250824958,27.7841791365001,30.40011215209961,698297000,0.0,0.0
2021-12-16 00:00:00-05:00,31.091772658065082,31.099756612539498,28.038686765312615,28.332117080688477,707366000,0.0,0.0
2021-12-17 00:00:00-05:00,27.930895789317223,28.866084513821278,27.706330412496648,27.747251510620117,713758000,0.0,0.0
2021-12-20 00:00:00-05:00,27.25220806149929,28.089584712553346,27.09251756222263,27.665407180786133,461847000,0.0,0.0
2021-12-21 00:00:00-05:00,28.319146201461134,29.06370427813322,27.348025787144877,29.01879119873047,524385000,0.0,0.0
2021-12-22 00:00:00-05:00,28.835142056766554,29.49785781843981,28.39399529208839,29.343156814575195,395184000,0.0,0.0
2021-12-23 00:00:00-05:00,29.697472444063603,30.00088555963705,29.374099442198006,29.58269500732422,343022000,0.0,0.0
2021-12-27 00:00:00-05:00,29.602654581173876,31.026895635110456,29.582692792715033,30.885169982910156,403686000,0.0,0.0
2021-12-28 00:00:00-05:00,31.25146195093205,31.26942679962951,29.953974216379613,30.263376235961914,420591000,0.0,0.0
2021-12-29 00:00:00-05:00,30.214474295872787,30.48894226101068,29.30922629538712,29.9429988861084,343139000,0.0,0.0
2021-12-30 00:00:00-05:00,29.769336178213297,30.398119287491273,29.482892273989112,29.5288028717041,308864000,0.0,0.0
2021-12-31 00:00:00-05:00,29.616629435851035,29.97194206030295,29.274292165132447,29.354137420654297,266530000,0.0,0.0
2022-01-03 00:00:00-05:00,29.75735697767053,30.651624582903967,29.727414293582168,30.06276512145996,391547000,0.0,0.0
2022-01-04 00:00:00-05:00,30.218462985082912,30.40909369115047,28.294191075815277,29.23337173461914,527154000,0.0,0.0
2022-01-05 00:00:00-05:00,28.893029463658266,29.359127526177748,27.479768693565187,27.550630569458008,498064000,0.0,0.0
2022-01-06 00:00:00-05:00,27.586558093988483,28.38301551460159,27.0126709853052,28.123517990112305,454186000,0.0,0.0
2022-01-07 00:00:00-05:00,28.086593233674098,28.367050088301752,27.00468748968169,27.194320678710938,409939000,0.0,0.0
2022-01-10 00:00:00-05:00,26.529609965171062,27.415893669977173,25.594421205944393,27.347026824951172,594681000,0.0,0.0
2022-01-11 00:00:00-05:00,27.270177292552447,28.010743386947276,26.78711374014883,27.763221740722656,404089000,0.0,0.0
2022-01-12 00:00:00-05:00,28.012735506788296,28.539714564955542,27.554623289676226,27.944868087768555,383413000,0.0,0.0
2022-01-13 00:00:00-05:00,28.324133734411912,28.424938300544927,26.44676981062193,26.523622512817383,540171000,0.0,0.0
2022-01-14 00:00:00-05:00,26.24915265168228,27.1444197184354,26.159326499116265,26.889911651611328,395832000,0.0,0.0
2022-01-18 00:00:00-05:00,26.209230679570027,26.586500135365398,25.720178245364497,25.852920532226562,424270000,0.0,0.0
2022-01-19 00:00:00-05:00,26.02858206203493,26.49168380986728,25.003567129964498,25.018537521362305,488315000,0.0,0.0
2022-01-20 00:00:00-05:00,25.25507979883061,25.529547751569282,24.031448328745114,24.103309631347656,435181000,0.0,0.0
2022-01-21 00:00:00-05:00,23.46155010178448,24.775005651877514,23.21802238406454,23.328807830810547,718958000,0.0,0.0
2022-01-24 00:00:00-05:00,22.286827510617645,23.334796698374127,20.847616010504623,23.326812744140625,913982000,0.0,0.0
2022-01-25 00:00:00-05:00,22.502410844337714,22.898644579433583,21.957466910396736,22.280839920043945,664616000,0.0,0.0
2022-01-26 00:00:00-05:00,23.195069558309832,24.010489477432596,22.256886340278513,22.72797393798828,755959000,0.0,0.0
2022-01-27 00:00:00-05:00,23.522437945377376,23.948612493124184,21.633096035086837,21.90157699584961,573353000,0.0,0.0
2022-01-28 00:00:00-05:00,21.969441054751794,22.81380606550494,21.2548257675977,22.795841217041016,543774000,0.0,0.0
2022-01-31 00:00:00-05:00,23.137181729796545,24.46161782547409,23.00743389482427,24.438661575317383,564680000,0.0,0.0
2022-02-01 00:00:00-05:00,25.0554650218014,25.0963861195441,23.843811420300632,24.59036636352539,518925000,0.0,0.0
2022-02-02 00:00:00-05:00,25.74413394762899,25.76708829461429,24.505532004420324,25.193201065063477,543419000,0.0,0.0
2022-02-03 00:00:00-05:00,24.410715212297134,25.02851797372646,23.734026501108175,23.901700973510742,410178000,0.0,0.0
2022-02-04 00:00:00-05:00,23.925656716888817,24.587375091578327,23.58631386301413,24.27198600769043,354829000,0.0,0.0
2022-02-07 00:00:00-05:00,24.324878438884706,25.133311835992746,24.15520704406836,24.680191040039062,376868000,0.0,0.0
2022-02-08 00:00:00-05:00,24.31190344360398,25.18121973728533,23.933636493420686,25.05945587158203,410359000,0.0,0.0
2022-02-09 00:00:00-05:00,25.572463535153865,26.673331693511606,25.303984503910602,26.653369903564453,524282000,0.0,0.0
2022-02-10 00:00:00-05:00,25.944747316228323,26.87294784160419,25.55051047315788,25.774076461791992,513200000,0.0,0.0
2022-02-11 00:00:00-05:00,25.865896651576726,26.10144045086066,23.727040089477473,23.902698516845703,605472000,0.0,0.0
2022-02-14 00:00:00-05:00,23.887726864389506,24.826907552973196,23.709072083831487,24.220083236694336,440424000,0.0,0.0
2022-02-15 00:00:00-05:00,24.900762795130042,26.49367774510804,24.73608279745119,26.443775177001953,699869000,0.0,0.0
2022-02-16 00:00:00-05:00,26.208235589724197,26.530611104591138,25.502601665801084,26.459747314453125,732676000,0.0,0.0
2022-02-17 00:00:00-05:00,25.580445575519956,25.73514658054274,24.118279789032503,24.459617614746094,810595000,0.0,0.0
2022-02-18 00:00:00-05:00,24.620307973876027,24.937693968010514,23.055340541376445,23.59629249572754,761255000,0.0,0.0
2022-02-22 00:00:00-05:00,22.990468617991528,24.017478686544916,22.955536432235384,23.34478187561035,633422000,0.0,0.0
2022-02-23 00:00:00-05:00,23.755982820677037,24.10830099326957,22.257885303841995,22.343717575073242,566511000,0.0,0.0
2022-02-24 00:00:00-05:00,20.974371284148294,23.753986916908737,20.849612945501377,23.70208740234375,735801000,0.0,0.0
2022-02-25 00:00:00-05:00,23.67514026050262,24.17017971684617,23.335797438813806,24.11029624938965,528866000,0.0,0.0
2022-02-28 00:00:00-05:00,23.945614559981106,24.617313720025166,23.661165729918974,24.337854385375977,477319000,0.0,0.0
2022-03-01 00:00:00-05:00,24.244041391576477,24.32987557939702,23.087281555936872,23.43161392211914,412056000,0.0,0.0
2022-03-02 00:00:00-05:00,23.714109379928413,24.36595776316323,23.37371109259494,24.177289962768555,389642000,0.004,0.0
2022-03-03 00:00:00-05:00,24.219218042700607,24.283106273216287,23.427617067609017,23.67218589782715,365095000,0.0,0.0
2022-03-04 00:00:00-05:00,23.342769336842796,23.63824694769257,22.442359346497184,22.895559310913086,431415000,0.0,0.0
2022-03-07 00:00:00-05:00,22.776767102643568,22.99238774615269,21.29238955966222,21.314350128173828,450821000,0.0,0.0
2022-03-08 00:00:00-05:00,21.271426231053603,22.333549276082426,20.613587838111286,21.476064682006836,557467000,0.0,0.0
2022-03-09 00:00:00-05:00,22.347525831099777,23.179057248104534,22.207773291766387,22.973421096801758,492742000,0.0,0.0
2022-03-10 00:00:00-05:00,22.49127464148192,22.7478214818907,21.843418757214106,22.618051528930664,428066000,0.0,0.0
2022-03-11 00:00:00-05:00,22.981404553858948,23.104188764046526,22.00712570703421,22.061031341552734,367209000,0.0,0.0
2022-03-14 00:00:00-04:00,21.830440015715702,22.22274672696289,21.121692803109244,21.292390823364258,385354000,0.0,0.0
2022-03-15 00:00:00-04:00,21.480058765436652,22.99737913390775,21.284405208779518,22.932493209838867,491996000,0.0,0.0
2022-03-16 00:00:00-04:00,23.458560601182327,24.553626296633002,23.13113987283626,24.452804565429688,671422000,0.0,0.0
2022-03-17 00:00:00-04:00,24.077471154131192,24.798196302698308,23.863847789795177,24.722332000732422,471941000,0.0,0.0
2022-03-18 00:00:00-04:00,24.755264897551235,26.522143827273105,24.58057428471922,26.406347274780273,730719000,0.0,0.0
2022-03-21 00:00:00-04:00,26.46026011637226,27.10412324336721,25.92121138568289,26.686859130859375,591727000,0.0,0.0
2022-03-22 00:00:00-04:00,26.679869314228366,27.18996980901101,26.026025549438742,26.47722816467285,547007000,0.0,0.0
2022-03-23 00:00:00-04:00,26.079929619211555,26.56507268180156,25.529902546610163,25.58879852294922,502120000,0.0,0.0
2022-03-24 00:00:00-04:00,26.11986190750109,28.270063093192512,25.86131782488274,28.10036277770996,877379000,0.0,0.0
2022-03-25 00:00:00-04:00,27.836827561473978,28.307995393290817,27.2229122356588,27.643169403076172,579016000,0.0,0.0
2022-03-28 00:00:00-04:00,27.7070580201299,28.200186425941997,27.158026699534492,28.169240951538086,425494000,0.0,0.0
2022-03-29 00:00:00-04:00,28.644399536496515,28.894956380033225,27.930660200124343,28.60546875,488984000,0.0,0.0
2022-03-30 00:00:00-04:00,28.25409196032564,28.44575284009706,27.454503782301863,27.64117431640625,463487000,0.0,0.0
2022-03-31 00:00:00-04:00,27.73301213113302,28.19819004641193,27.221915798943442,27.237886428833008,523440000,0.0,0.0
2022-04-01 00:00:00-04:00,27.326730894613775,27.447517830165626,26.220684779158603,26.664899826049805,517235000,0.0,0.0
2022-04-04 00:00:00-04:00,26.680870583661918,27.509406950687776,26.566073594108467,27.311756134033203,397120000,0.0,0.0
2022-04-05 00:00:00-04:00,27.205943962554,27.27082988410383,25.774472454795866,25.885276794433594,436615000,0.0,0.0
2022-04-06 00:00:00-04:00,24.890037225996842,25.25539113029446,23.96067897755885,24.36396598815918,703833000,0.0,0.0
2022-04-07 00:00:00-04:00,24.397904594724462,24.6784092608977,23.436603251438946,24.165315628051758,557992000,0.0,0.0
2022-04-08 00:00:00-04:00,23.874830885888688,23.880820824954892,23.021338824397546,23.078237533569336,524781000,0.0,0.0
2022-04-11 00:00:00-04:00,22.174832229313022,22.28064432124628,21.621808207745975,21.878355026245117,575207000,0.0,0.0
2022-04-12 00:00:00-04:00,22.497261070505825,22.684929295161435,21.24447295091747,21.466081619262695,662258000,0.0,0.0
2022-04-13 00:00:00-04:00,21.689686094459127,22.460324131590653,21.417166779097364,22.163846969604492,516943000,0.0,0.0
2022-04-14 00:00:00-04:00,22.465315151100608,22.736836786329683,21.125682500407688,21.22051429748535,569097000,0.0,0.0
2022-04-18 00:00:00-04:00,21.162620442615285,22.049053284387142,21.041833503143277,21.744592666625977,525701000,0.0,0.0
2022-04-19 00:00:00-04:00,21.681699582090733,22.33354799958623,21.276415360813395,22.158857345581055,512781000,0.0,0.0
2022-04-20 00:00:00-04:00,22.477293204743273,22.630023279185664,21.16261619627235,21.44411849975586,468974000,0.0,0.0
2022-04-21 00:00:00-04:00,21.670719581173074,22.352515792807566,19.964733471590826,20.147411346435547,656209000,0.0,0.0
2022-04-22 00:00:00-04:00,20.26720153654447,20.44987943712727,19.465617877374534,19.4805908203125,624713000,0.0,0.0
2022-04-25 00:00:00-04:00,19.168138831768125,19.90982865501306,19.06232675761767,19.866905212402344,641566000,0.0,0.0
2022-04-26 00:00:00-04:00,19.683231811083985,19.753108075976066,18.63707940645143,18.754871368408203,653143000,0.0,0.0
2022-04-27 00:00:00-04:00,18.56520811905012,19.13320511845519,18.257752516127315,18.382532119750977,499460000,0.0,0.0
2022-04-28 00:00:00-04:00,18.933552723499567,20.001667489116333,18.45739457929483,19.747116088867188,570327000,0.0,0.0
2022-04-29 00:00:00-04:00,19.367789431189383,20.092509128467537,18.484349698064364,18.514297485351562,500435000,0.0,0.0
2022-05-02 00:00:00-04:00,18.508308488040186,19.53948612130761,18.358573351962736,19.498559951782227,572049000,0.0,0.0
2022-05-03 00:00:00-04:00,19.36578895282095,19.790040634737174,19.09925959232835,19.567432403564453,475751000,0.0,0.0
2022-05-04 00:00:00-04:00,19.887870698989126,20.364028903111393,18.717936368444736,20.298145294189453,648855000,0.0,0.0
2022-05-05 00:00:00-04:00,19.83196677519654,19.88986315661059,18.46737678729166,18.81077003479004,626331000,0.0,0.0
2022-05-06 00:00:00-04:00,18.702964035272345,19.477594833502064,17.95827912135431,18.642070770263672,633297000,0.0,0.0
2022-05-09 00:00:00-04:00,18.00220284256642,18.222811941526615,16.79733029414801,16.920114517211914,644455000,0.0,0.0
2022-05-10 00:00:00-04:00,17.657806577427667,18.16590978890649,16.99497790989981,17.56397247314453,761474000,0.0,0.0
2022-05-11 00:00:00-04:00,17.31641425027413,17.72169853655912,16.53878843716362,16.600677490234375,670167000,0.0,0.0
2022-05-12 00:00:00-04:00,16.19040169441591,16.758398648288527,15.53955185958914,16.1464786529541,708728000,0.0,0.0
2022-05-13 00:00:00-04:00,16.758395637485194,17.896384717582276,16.56373981104597,17.674776077270508,670437000,0.0,0.0
2022-05-16 00:00:00-04:00,17.478129423094728,17.756636828299225,17.075840102694613,17.23356056213379,521446000,0.0,0.0
2022-05-17 00:00:00-04:00,18.042131833684838,18.33860905502481,17.602909000272085,18.14495086669922,585830000,0.0,0.0
2022-05-18 00:00:00-04:00,17.673780282023053,18.08605213605823,16.834263633079882,16.908132553100586,545161000,0.0,0.0
2022-05-19 00:00:00-04:00,16.907136667863853,17.65581425511469,16.704493580378365,17.093807220458984,621310000,0.0,0.0
2022-05-20 00:00:00-04:00,17.301437670488205,17.379299242685832,15.727217918276924,16.664562225341797,739105000,0.0,0.0
2022-05-23 00:00:00-04:00,16.245307554637872,16.885178156912975,16.15047573412626,16.868207931518555,639889000,0.0,0.0
2022-05-24 00:00:00-04:00,16.48088814806781,16.56773463435827,15.752174861917103,16.12551498413086,588550000,0.0,0.0
2022-05-25 00:00:00-04:00,15.991752387255069,17.08082823067403,15.971787196303193,16.945068359375,781132000,0.0,0.0
2022-05-26 00:00:00-04:00,16.007719318373898,18.060093255204293,15.993744068733532,17.81951904296875,996575000,0.0,0.0
2022-05-27 00:00:00-04:00,18.153930384365744,18.847704469120064,18.068081600932274,18.777828216552734,738379000,0.0,0.0
2022-05-31 00:00:00-04:00,18.946531790942434,19.166145079805915,18.317643518254673,18.639076232910156,664100000,0.0,0.0
2022-06-01 00:00:00-04:00,18.690983767171357,19.01940218977042,18.09004412210462,18.287694931030273,544514000,0.0,0.0
2022-06-02 00:00:00-04:00,18.259747943212208,19.584407883815693,18.165913818116607,19.55745506286621,648656000,0.0,0.0
2022-06-03 00:00:00-04:00,19.048355791835018,19.297914997640287,18.489341799961554,18.686992645263672,598779000,0.0,0.0
2022-06-06 00:00:00-04:00,19.105254520476123,19.302905366003518,18.53126758487554,18.75287628173828,422406000,0.0,0.0
2022-06-07 00:00:00-04:00,18.43942965955534,18.96649855003817,18.15593002204157,18.892629623413086,388914000,0.0,0.0
2022-06-08 00:00:00-04:00,18.76982140154583,19.15023056017206,18.50623122330773,18.619056701660156,363252000,0.004,0.0
2022-06-09 00:00:00-04:00,18.452313635347775,18.903611679964875,18.01299609524454,18.01998519897461,395574000,0.0,0.0
2022-06-10 00:00:00-04:00,17.572678573964275,17.669528115431987,16.84281246150541,16.947650909423828,465248000,0.0,0.0
2022-06-13 00:00:00-04:00,15.975163876009786,16.28667984582384,15.581775412240182,15.622712135314941,604153000,0.0,0.0
2022-06-14 00:00:00-04:00,15.706581027600341,16.041061051837058,15.388075961207294,15.811418533325195,469680000,0.0,0.0
2022-06-15 00:00:00-04:00,16.070017900307143,16.841818825545705,15.901280536590404,16.5013484954834,563936000,0.0,0.0
2022-06-16 00:00:00-04:00,15.835380972284335,15.917254419069693,15.377093820674675,15.576783180236816,545749000,0.0,0.0
2022-06-17 00:00:00-04:00,15.623708384885509,15.970169836744422,15.30420544580371,15.855348587036133,630334000,0.0,0.0
2022-06-21 00:00:00-04:00,16.44942865985989,16.981600402488183,16.381533414039843,16.540287017822266,483089000,0.0,0.0
2022-06-22 00:00:00-04:00,16.200809608671182,16.63613355859748,16.15488149414136,16.33460235595703,437135000,0.0,0.0
2022-06-23 00:00:00-04:00,16.49335423638741,16.55925175967928,15.82838875234843,16.199811935424805,463680000,0.0,0.0
2022-06-24 00:00:00-04:00,16.4743834361144,17.113389214535463,16.284677881500357,17.099411010742188,472153000,0.0,0.0
2022-06-27 00:00:00-04:00,17.285128566242904,17.30310027621306,16.600192553602746,16.842815399169922,427968000,0.0,0.0
2022-06-28 00:00:00-04:00,16.873764714738712,17.175295947359764,15.920247295866085,15.95719051361084,461149000,0.0,0.0
2022-06-29 00:00:00-04:00,15.789451847143027,15.795442099062868,15.146451483578412,15.517873764038086,482352000,0.0,0.0
2022-06-30 00:00:00-04:00,15.337156508002591,15.542837079558034,14.83893146631367,15.135470390319824,686070000,0.0,0.0
2022-07-01 00:00:00-04:00,14.875873577381968,15.039618570774806,14.369660585584475,14.500456809997559,577610000,0.0,0.0
2022-07-05 00:00:00-04:00,14.15299631092678,14.947760206321728,14.033182701418724,14.940771102905273,651397000,0.0,0.0
2022-07-06 00:00:00-04:00,14.98670225825184,15.295222655044913,14.766044615983887,15.106515884399414,529066000,0.0,0.0
2022-07-07 00:00:00-04:00,15.432009036553442,15.920249363063476,15.365112647572856,15.83338451385498,492903000,0.0,0.0
2022-07-08 00:00:00-04:00,15.406048858995538,16.012106984675512,15.365112136209438,15.81341552734375,467972000,0.0,0.0
2022-07-11 00:00:00-04:00,15.501899970385464,15.502898821877375,15.014657546488467,15.128480911254883,437321000,0.0,0.0
2022-07-12 00:00:00-04:00,15.244298205682169,15.407045277525851,14.853905384408769,15.058587074279785,458483000,0.0,0.0
2022-07-13 00:00:00-04:00,14.567351646375842,15.351132914368169,14.442545687722442,15.140460014343262,521918000,0.0,0.0
2022-07-14 00:00:00-04:00,15.084549597057515,15.448982825985045,14.705139307910507,15.348139762878418,456235000,0.0,0.0
2022-07-15 00:00:00-04:00,15.63469281563619,15.757501074374188,15.421024308590031,15.737532615661621,385935000,0.0,0.0
2022-07-18 00:00:00-04:00,16.276696063894367,16.870771818679195,15.977162485969991,16.076007843017578,670517000,0.0,0.0
2022-07-19 00:00:00-04:00,16.460410653190557,17.083442634965255,16.146898863611145,16.965625762939453,702366000,0.0,0.0
2022-07-20 00:00:00-04:00,16.92069597381479,17.905165600723322,16.774922681217973,17.779359817504883,760538000,0.0,0.0
2022-07-21 00:00:00-04:00,17.857239294768945,18.11583614993519,17.517766887314608,18.021982192993164,557049000,0.0,0.0
2022-07-22 00:00:00-04:00,17.86522652815311,17.939111072810018,17.11039945674806,17.292118072509766,536671000,0.0,0.0
2022-07-25 00:00:00-04:00,16.992582454358388,17.09742092220505,16.623157829488665,16.997575759887695,480748000,0.0,0.0
2022-07-26 00:00:00-04:00,16.862783963132348,16.8927380811664,16.452422639321977,16.50733757019043,397865000,0.0,0.0
2022-07-27 00:00:00-04:00,17.005559778739524,17.908157678578863,16.886745027673552,17.76238441467285,569776000,0.0,0.0
2022-07-28 00:00:00-04:00,17.94709458273469,18.11183743352725,17.412925310997032,17.956079483032227,474646000,0.0,0.0
2022-07-29 00:00:00-04:00,17.785350474084527,18.21568123422587,17.66453800022714,18.134807586669922,435460000,0.0,0.0
2022-08-01 00:00:00-04:00,18.153775758484443,18.816746510993376,17.9620743588274,18.41237449645996,476469000,0.0,0.0
2022-08-02 00:00:00-04:00,18.093867889937076,18.90860114970087,18.06391377512959,18.49724006652832,489527000,0.0,0.0
2022-08-03 00:00:00-04:00,18.15577686644505,18.93856042640232,18.108848930894748,18.863676071166992,418146000,0.0,0.0
2022-08-04 00:00:00-04:00,18.819741947233144,19.24408146520657,18.73087939960465,19.18517303466797,409652000,0.0,0.0
2022-08-05 00:00:00-04:00,18.780801158866524,19.199151379943174,18.63702558545363,18.959524154663086,386068000,0.0,0.0
2022-08-08 00:00:00-04:00,17.474832214042483,18.2106876713627,17.215235587063688,17.765378952026367,981859000,0.0,0.0
2022-08-09 00:00:00-04:00,17.225219526625484,17.41991651210645,16.69803929354924,17.059476852416992,668263000,0.0,0.0
2022-08-10 00:00:00-04:00,17.67052974485206,18.089877911887235,17.290120601578668,18.068910598754883,597422000,0.0,0.0
2022-08-11 00:00:00-04:00,18.10285603043002,18.677962127300052,17.848250796763534,17.914148330688477,509327000,0.0,0.0
2022-08-12 00:00:00-04:00,18.131808897875185,18.68894324186174,17.925129506160957,18.679956436157227,478094000,0.0,0.0
2022-08-15 00:00:00-04:00,18.67197109315223,19.134251734089823,18.584108348581022,19.002456665039062,457666000,0.0,0.0
2022-08-16 00:00:00-04:00,18.890631929999405,19.112287457353222,18.47228168872419,18.849695205688477,451240000,0.0,0.0
2022-08-17 00:00:00-04:00,18.494249352454208,18.658992249502052,18.116835824302285,18.30653953552246,446799000,0.0,0.0
2022-08-18 00:00:00-04:00,18.27258906814681,18.835712659380874,18.154772227670087,18.74385643005371,415447000,0.0,0.0
2022-08-19 00:00:00-04:00,18.377427421122775,18.49125077215721,17.742415041253963,17.821292877197266,441588000,0.0,0.0
2022-08-22 00:00:00-04:00,17.462850357349936,17.530745594391743,16.93966358559003,17.007558822631836,409593000,0.0,0.0
2022-08-23 00:00:00-04:00,16.96262602355017,17.43788689751564,16.9436545142741,17.154327392578125,369986000,0.0,0.0
2022-08-24 00:00:00-04:00,16.985593596633255,17.37898304673185,16.868776526107535,17.195268630981445,522661000,0.0,0.0
2022-08-25 00:00:00-04:00,16.81785208888546,17.919140487325382,16.806869484666464,17.88519287109375,770691000,0.0,0.0
2022-08-26 00:00:00-04:00,17.829283522466564,17.89617896439729,16.211797175282506,16.23476219177246,769127000,0.0,0.0
2022-08-29 00:00:00-04:00,15.995133924685081,16.312639207198323,15.742526376842438,15.776473045349121,496132000,0.0,0.0
2022-08-30 00:00:00-04:00,15.935225659002597,16.014102549024937,15.158433454249854,15.443989753723145,530181000,0.0,0.0
2022-08-31 00:00:00-04:00,15.360118825458853,15.515876799554972,14.93577837401633,15.070569038391113,573710000,0.0,0.0
2022-09-01 00:00:00-04:00,14.186943313242518,14.357678353574007,13.249401725179203,13.915366172790527,1178865000,0.0,0.0
2022-09-02 00:00:00-04:00,14.078112245537563,14.149001175520134,13.56990161470963,13.625815391540527,743157000,0.0,0.0
2022-09-06 00:00:00-04:00,13.709686328420531,13.757612156734154,13.330276060121674,13.444099426269531,535751000,0.0,0.0
2022-09-07 00:00:00-04:00,13.545969780215222,13.820625056780996,13.329242241678006,13.69678020477295,512657000,0.004,0.0
2022-09-08 00:00:00-04:00,13.442101543383522,13.990413000100926,13.352215340579692,13.972434997558594,624873000,0.0,0.0
2022-09-09 00:00:00-04:00,14.139224819065335,14.455827199487729,14.108264556321975,14.368936538696289,486612000,0.0,0.0
2022-09-12 00:00:00-04:00,14.350958876155167,14.528734878407432,14.18017310182383,14.486787796020508,484159000,0.0,0.0
2022-09-13 00:00:00-04:00,13.784671426649664,13.904520650543393,13.082553985169255,13.114513397216797,714956000,0.0,0.0
2022-09-14 00:00:00-04:00,13.23735723747835,13.273312285293565,12.896785812619402,13.111515998840332,588507000,0.0,0.0
2022-09-15 00:00:00-04:00,12.99865891833725,13.216384660038566,12.77394104372565,12.912766456604004,523625000,0.0,0.0
2022-09-16 00:00:00-04:00,12.726001122679447,13.195411270329165,12.601158069233653,13.181428909301758,670751000,0.0,0.0
2022-09-19 00:00:00-04:00,12.995661877637879,13.44609580364354,12.993664533666465,13.36519718170166,569685000,0.0,0.0
2022-09-20 00:00:00-04:00,13.198407796353832,13.4660709531129,13.040606184015623,13.159456253051758,524818000,0.0,0.0
2022-09-21 00:00:00-04:00,13.1964094143311,14.013382133890827,13.093538106056018,13.244348526000977,807679000,0.0,0.0
2022-09-22 00:00:00-04:00,13.053589709999544,13.132490994300221,12.412396524843558,12.545228958129883,759162000,0.0,0.0
2022-09-23 00:00:00-04:00,12.404406911108035,12.595167097596889,12.241611449028817,12.500286102294922,663309000,0.0,0.0
2022-09-26 00:00:00-04:00,12.475317729313494,12.643107026349453,12.198665076002735,12.212647438049316,547343000,0.0,0.0
2022-09-27 00:00:00-04:00,12.491297003764968,12.720009577879809,12.242610035621365,12.397415161132812,553854000,0.0,0.0
2022-09-28 00:00:00-04:00,12.394417959508273,12.806899506976707,12.338488516455438,12.720008850097656,542414000,0.0,0.0
2022-09-29 00:00:00-04:00,12.432370978846492,12.48430573642893,11.931001405248,12.204657554626465,532763000,0.0,0.0
2022-09-30 00:00:00-04:00,12.07182166189156,12.617136503289938,12.059836647054924,12.123756408691406,565638000,0.0,0.0
2022-10-03 00:00:00-04:00,12.331495534303038,12.662080212930967,12.089798843607522,12.496288299560547,547478000,0.0,0.0
2022-10-04 00:00:00-04:00,12.862829366915662,13.203401777565151,12.862829366915662,13.150467872619629,584182000,0.0,0.0
2022-10-05 00:00:00-04:00,12.89478814053337,13.30427315849744,12.605152326426335,13.192413330078125,507131000,0.0,0.0
2022-10-06 00:00:00-04:00,13.203403014394121,13.638855501952365,13.086549324737346,13.113515853881836,644157000,0.0,0.0
2022-10-07 00:00:00-04:00,12.48929899981872,12.654091789877265,12.006905646417971,12.060837745666504,672478000,0.0,0.0
2022-10-10 00:00:00-04:00,12.021887648057012,12.108778315761493,11.393677626274178,11.655348777770996,698699000,0.0,0.0
2022-10-11 00:00:00-04:00,11.546482961306186,11.831124940290422,11.268832162087126,11.571452140808105,667482000,0.0,0.0
2022-10-12 00:00:00-04:00,11.564460735722209,11.720264031385222,11.330754363512508,11.485559463500977,492590000,0.0,0.0
2022-10-13 00:00:00-04:00,10.95722491597618,12.062835356186497,10.799423302844042,11.94498348236084,850103000,0.0,0.0
2022-10-14 00:00:00-04:00,12.041859730605278,12.095791821712067,11.189931187273059,11.212902069091797,713432000,0.0,0.0
2022-10-17 00:00:00-04:00,11.503537321029368,11.932997705589505,11.502539125284484,11.873072624206543,580774000,0.0,0.0
2022-10-18 00:00:00-04:00,12.328501382530158,12.47631532526222,11.603413077767147,11.951974868774414,659362000,0.0,0.0
2022-10-19 00:00:00-04:00,11.864086553215111,12.334495920024954,11.819142971004272,12.035870552062988,523131000,0.0,0.0
2022-10-20 00:00:00-04:00,12.097790381957378,12.752966821066378,12.089800053684597,12.178689002990723,652398000,0.0,0.0
2022-10-21 00:00:00-04:00,12.082808987293975,12.482307307631256,11.872074435302578,12.450346946716309,609494000,0.0,0.0
2022-10-24 00:00:00-04:00,12.492296978724902,12.694043038902425,12.04885416271481,12.583182334899902,517457000,0.0,0.0
2022-10-25 00:00:00-04:00,12.678061042532914,13.28330006623939,12.648098026202799,13.244348526000977,505482000,0.0,0.0
2022-10-26 00:00:00-04:00,12.852840947976517,13.371188345254836,12.692042862759553,12.879806518554688,532953000,0.0,0.0
2022-10-27 00:00:00-04:00,13.612886696752097,13.820625721091393,13.105524152883197,13.159456253051758,583113000,0.0,0.0
2022-10-28 00:00:00-04:00,13.087547371735592,13.832611021415424,13.04460113938634,13.816630363464355,521040000,0.0,0.0
2022-10-31 00:00:00-04:00,13.76069928886386,13.820624367893192,13.280303318353992,13.48005199432373,486341000,0.0,0.0
2022-11-01 00:00:00-04:00,13.793658395771288,13.907515574241362,13.502025221946392,13.525995254516602,432817000,0.0,0.0
2022-11-02 00:00:00-04:00,13.832609351575078,14.192156967485618,13.194411785659703,13.202401161193848,672628000,0.0,0.0
2022-11-03 00:00:00-04:00,13.026624339335722,13.763697674159971,12.939733677148814,13.404149055480957,500065000,0.0,0.0
2022-11-04 00:00:00-04:00,13.968439877143796,14.21113480790427,13.679802221837274,14.138226509094238,612576000,0.0,0.0
2022-11-07 00:00:00-05:00,14.210135563074418,14.39390455505636,13.93648037167957,14.28304386138916,410061000,0.0,0.0
2022-11-08 00:00:00-05:00,14.782415387435028,14.872302535108739,14.198149880032776,14.58366584777832,595292000,0.0,0.0
2022-11-09 00:00:00-05:00,14.14421826011374,14.193157476096932,13.741724378458798,13.758703231811523,454414000,0.0,0.0
2022-11-10 00:00:00-05:00,14.781417601209665,15.753195494812513,14.528735003966306,15.730224609375,700819000,0.0,0.0
2022-11-11 00:00:00-05:00,15.78715104196188,16.368419993714063,15.462559340470623,16.30649757385254,655487000,0.0,0.0
2022-11-14 00:00:00-05:00,16.197636964580276,16.51923316178462,15.902008144433236,16.274539947509766,527852000,0.0,0.0
2022-11-15 00:00:00-05:00,16.70100428796189,16.976656817848582,16.361431033277864,16.64507484436035,545876000,0.0,0.0
2022-11-16 00:00:00-05:00,16.14170859646812,16.34145634523152,15.853070937382359,15.890024185180664,649547000,0.0,0.0
2022-11-17 00:00:00-05:00,15.695268602256101,16.245577368149426,15.51549430312848,15.657316207885742,710894000,0.0,0.0
2022-11-18 00:00:00-05:00,15.945952068716577,15.981908069637043,15.101014621390979,15.389652252197266,492072000,0.0,0.0
2022-11-21 00:00:00-05:00,15.127982909179686,15.457568510471011,15.06106664059395,15.297769546508789,404739000,0.0,0.0
2022-11-22 00:00:00-05:00,15.308755601738653,16.037839574271395,15.103013909275052,16.017864227294922,472866000,0.0,0.0
2022-11-23 00:00:00-05:00,16.07778393423162,16.506246055562524,16.027847485500658,16.498254776000977,427241000,0.0,0.0
2022-11-25 00:00:00-05:00,16.297507084131762,16.46629355760613,16.15169053636226,16.24956703186035,167934000,0.0,0.0
2022-11-28 00:00:00-05:00,16.00587750224232,16.336463192763517,15.70525673572653,15.807127952575684,303741000,0.0,0.0
2022-11-29 00:00:00-05:00,15.807126494631538,15.911995146685767,15.500512771594675,15.619362831115723,298384000,0.0,0.0
2022-11-30 00:00:00-05:00,15.681299942560486,16.91306749227581,15.581400530805857,16.90607452392578,565298000,0.004,0.0
2022-12-01 00:00:00-05:00,16.982002826008905,17.24773568748677,16.618366478545138,17.11786651611328,470977000,0.0,0.0
2022-12-02 00:00:00-05:00,16.642339295101205,16.91606542821989,16.428552620891118,16.859121322631836,371389000,0.0,0.0
2022-12-05 00:00:00-05:00,16.662320750441012,16.97800471429634,16.455527032443175,16.5933895111084,352255000,0.0,0.0
2022-12-06 00:00:00-05:00,16.513469290675516,16.556425555356533,15.803179908628083,15.971012115478516,352694000,0.0,0.0
2022-12-07 00:00:00-05:00,15.75622742232806,16.169813909620327,15.651331932839504,16.103879928588867,372388000,0.0,0.0
2022-12-08 00:00:00-05:00,16.2567250065392,17.161818992856777,15.943037976538454,17.15182876586914,515456000,0.0,0.0
2022-12-09 00:00:00-05:00,17.142838730956267,17.565416038789124,16.95802427651782,16.983997344970703,465338000,0.0,0.0
2022-12-12 00:00:00-05:00,17.019962525032387,17.52046094302297,16.78020276960981,17.51746368408203,457328000,0.0,0.0
2022-12-13 00:00:00-05:00,18.512467050361487,18.77120879861469,17.69328744757466,18.053926467895508,656589000,0.0,0.0
2022-12-14 00:00:00-05:00,17.969011087419783,18.233747362128558,17.402578696343596,17.65632438659668,496888000,0.0,0.0
2022-12-15 00:00:00-05:00,17.128849529308148,17.302675271457737,16.68329649685773,16.935043334960938,478542000,0.0,0.0
2022-12-16 00:00:00-05:00,16.84713627352837,17.02395931877001,16.39358980223308,16.554428100585938,478232000,0.0,0.0
2022-12-19 00:00:00-05:00,16.555430014041114,16.59239176744511,16.128856929377445,16.237747192382812,354039000,0.0,0.0
2022-12-20 00:00:00-05:00,16.0479374093435,16.293691733158465,15.836150439306303,16.06891632080078,403260000,0.0,0.0
2022-12-21 00:00:00-05:00,16.097886834196,16.610374338355122,16.08589779725307,16.484498977661133,325025000,0.0,0.0
2022-12-22 00:00:00-05:00,16.077905969874042,16.121862595151498,14.867118068515888,15.323660850524902,565045000,0.0,0.0
2022-12-23 00:00:00-05:00,15.180804715704442,15.323661370905867,14.86811797738712,15.190794944763184,349326000,0.0,0.0
2022-12-27 00:00:00-05:00,15.058925281140848,15.084899302148365,14.041942751760569,14.106878280639648,464902000,0.0,0.0
2022-12-28 00:00:00-05:00,13.913072868778418,14.247737902630835,13.870115648293575,14.021964073181152,351066000,0.0,0.0
2022-12-29 00:00:00-05:00,14.387598760713285,14.66831695169907,14.21277356611197,14.588397026062012,354923000,0.0,0.0
2022-12-30 00:00:00-05:00,14.319665531261037,14.61437060536108,14.218766699664881,14.599386215209961,310490000,0.0,0.0
2023-01-03 00:00:00-05:00,14.836148204062967,14.981003655234762,14.081903121676092,14.300683975219727,401277000,0.0,0.0
2023-01-04 00:00:00-05:00,14.552432867835895,14.838146156406989,14.226758666083303,14.73425006866455,431324000,0.0,0.0
2023-01-05 00:00:00-05:00,14.47651008305059,14.549437041892885,14.133852649988928,14.250736236572266,389168000,0.0,0.0
2023-01-06 00:00:00-05:00,14.459526711945536,14.994990990675253,14.019967108804877,14.844141960144043,405044000,0.0,0.0
2023-01-09 00:00:00-05:00,15.268715599821135,16.039942919360875,15.125858005154026,15.612371444702148,504231000,0.0,0.0
2023-01-10 00:00:00-05:00,15.491492779879401,15.946037698097602,15.456527932742713,15.893091201782227,384101000,0.0,0.0
2023-01-11 00:00:00-05:00,15.824159457593446,16.011971174963055,15.547436042925577,15.984997749328613,353285000,0.0,0.0
2023-01-12 00:00:00-05:00,16.083897626620722,16.620359284778843,15.476504976085742,16.49448585510254,551409000,0.0,0.0
2023-01-13 00:00:00-05:00,16.26172177332806,16.90507877525791,16.14883581061509,16.88210105895996,447287000,0.0,0.0
2023-01-17 00:00:00-05:00,16.88209924852682,17.710270626929983,16.88209924852682,17.684295654296875,511102000,0.0,0.0
2023-01-18 00:00:00-05:00,17.64933001108455,17.855123353381586,17.264714843579952,17.359621047973633,439624000,0.0,0.0
2023-01-19 00:00:00-05:00,17.018960755905177,17.17980093611209,16.714267402001692,16.748231887817383,452932000,0.0,0.0
2023-01-20 00:00:00-05:00,16.993986450014212,17.838142558730407,16.808173556686363,17.82115936279297,564967000,0.0,0.0
2023-01-23 00:00:00-05:00,18.045936361649353,19.225757100654896,17.80018396132877,19.173809051513672,655163000,0.0,0.0
2023-01-24 00:00:00-05:00,18.808173425147835,19.47550662588318,18.80118045535214,19.24573516845703,496204000,0.0,0.0
2023-01-25 00:00:00-05:00,18.894086765066024,19.350630488500357,18.561419588158877,19.30367660522461,449537000,0.0,0.0
2023-01-26 00:00:00-05:00,19.681299120426033,20.14583427066666,19.258721787064815,19.782197952270508,489535000,0.0,0.0
2023-01-27 00:00:00-05:00,19.44253447559157,20.607368636676057,19.38559227826472,20.34463119506836,542142000,0.0,0.0
2023-01-30 00:00:00-05:00,19.93004958460622,20.11985820147362,19.13084848856238,19.142837524414062,488611000,0.0,0.0
2023-01-31 00:00:00-05:00,19.150830104290442,19.667313303213437,18.931050789927134,19.51746368408203,498017000,0.0,0.0
2023-02-01 00:00:00-05:00,19.671307485536968,21.17080582248784,19.591387567845597,20.922056198120117,660477000,0.0,0.0
2023-02-02 00:00:00-05:00,20.978997726890935,21.927048029670438,20.679298521540353,21.687288284301758,564276000,0.0,0.0
2023-02-03 00:00:00-05:00,20.97899331225728,21.723248913395544,20.768203937390936,21.078893661499023,429366000,0.0,0.0
2023-02-06 00:00:00-05:00,20.78519321039508,21.54842912938245,20.76521275361375,21.06791114807129,452197000,0.0,0.0
2023-02-07 00:00:00-05:00,21.360614360794933,22.23673802068742,21.12884604934928,22.15082359313965,664150000,0.0,0.0
2023-02-08 00:00:00-05:00,22.364609852385264,22.85511993042836,21.985989180590057,22.18279266357422,559651000,0.0,0.0
2023-02-09 00:00:00-05:00,22.58339300958644,22.99697853291516,22.097878989240208,22.314661026000977,523876000,0.0,0.0
2023-02-10 00:00:00-05:00,21.66830661145846,22.055917123650822,20.79018606002947,21.243730545043945,550737000,0.0,0.0
2023-02-13 00:00:00-05:00,21.51645868835971,22.025948836069368,20.94103456636859,21.76620864868164,474919000,0.0,0.0
2023-02-14 00:00:00-05:00,21.556418285015024,23.025947762746878,21.344630419532418,22.948026657104492,675474000,0.0,0.0
2023-02-15 00:00:00-05:00,22.52645058254248,22.832144335876976,22.083894699328933,22.741235733032227,420575000,0.0,0.0
2023-02-16 00:00:00-05:00,22.110865240742353,22.52744803558797,21.905071876709787,21.979997634887695,412026000,0.0,0.0
2023-02-17 00:00:00-05:00,21.609368499758,21.71825874769265,20.95402439345479,21.36661148071289,465888000,0.0,0.0
2023-02-21 00:00:00-05:00,20.97899644931204,21.47250184750639,20.597378544387798,20.634342193603516,410015000,0.0,0.0
2023-02-22 00:00:00-05:00,20.686291967581294,21.082894293531137,20.400576787707934,20.733243942260742,513184000,0.0,0.0
2023-02-23 00:00:00-05:00,23.41656006308935,23.864112008367524,23.001974156806483,23.640335083007812,1117995000,0.0,0.0
2023-02-24 00:00:00-05:00,23.201776465429027,23.450528025821583,22.92405457439787,23.262714385986328,589716000,0.0,0.0
2023-02-27 00:00:00-05:00,23.646324873974233,23.856113913208368,23.430541317778875,23.477493286132812,452994000,0.0,0.0
2023-02-28 00:00:00-05:00,23.348625571073445,23.801173550334713,23.182791220639693,23.192781448364258,455963000,0.0,0.0
2023-03-01 00:00:00-05:00,23.168804101489602,23.2327411745783,22.485488184590242,22.6752986907959,460026000,0.0,0.0
2023-03-02 00:00:00-05:00,22.465513328824382,23.35661963979288,22.40956766613419,23.290685653686523,389415000,0.0,0.0
2023-03-03 00:00:00-05:00,23.29667828013058,23.87609816871999,23.106867758135774,23.866107940673828,412393000,0.0,0.0
2023-03-06 00:00:00-05:00,23.867107967065923,24.223749385629638,23.463510762437853,23.530445098876953,437429000,0.0,0.0
2023-03-07 00:00:00-05:00,23.580408483977546,24.10497226612886,23.2217053545556,23.268667221069336,515154000,0.004,0.0
2023-03-08 00:00:00-05:00,23.467497114785473,24.179906326422394,23.4045497011768,24.160921096801758,513573000,0.0,0.0
2023-03-09 00:00:00-05:00,24.154922945379216,24.43369248287704,23.363580850091193,23.41653823852539,501257000,0.0,0.0
2023-03-10 00:00:00-05:00,23.38956009205049,23.607379462799077,22.707126734055908,22.9459285736084,474866000,0.0,0.0
2023-03-13 00:00:00-04:00,22.73310505047063,23.278651119523722,22.278483008632293,22.94692611694336,421890000,0.0,0.0
2023-03-14 00:00:00-04:00,23.476489729466003,24.198888939320003,23.440518418628685,24.043018341064453,474910000,0.0,0.0
2023-03-15 00:00:00-04:00,23.741268759575973,24.265832423154546,23.340602676375205,24.207881927490234,524486000,0.0,0.0
2023-03-16 00:00:00-04:00,24.00704975815061,25.566752509117528,23.874158867454014,25.519792556762695,583253000,0.0,0.0
2023-03-17 00:00:00-04:00,25.960428483656013,26.37708208145305,25.6466881034461,25.703641891479492,848547000,0.0,0.0
2023-03-20 00:00:00-04:00,25.593727284385547,26.00238801858856,25.109129452450585,25.878490447998047,432747000,0.0,0.0
2023-03-21 00:00:00-04:00,26.15825895724462,26.370082793772077,25.35992270532718,26.177242279052734,547408000,0.0,0.0
2023-03-22 00:00:00-04:00,26.40305656588551,27.566091472465203,26.215212950904103,26.446022033691406,797295000,0.0,0.0
2023-03-23 00:00:00-04:00,27.092483687984217,27.476165594948146,26.66783736695665,27.168420791625977,564889000,0.0,0.0
2023-03-24 00:00:00-04:00,27.008551168176222,27.144437901398717,26.333111984663837,26.756759643554688,454920000,0.0,0.0
2023-03-27 00:00:00-04:00,26.814715931188335,26.977580691716717,26.343107731941966,26.508970260620117,361026000,0.0,0.0
2023-03-28 00:00:00-04:00,26.42503717383145,26.490982347841836,25.828532839951382,26.3880672454834,356104000,0.0,0.0
2023-03-29 00:00:00-04:00,26.802723367547372,27.055511611707683,26.57491207468501,26.961589813232422,393694000,0.0,0.0
2023-03-30 00:00:00-04:00,27.206388565387414,27.47616480917353,27.079493220776026,27.360260009765625,364516000,0.0,0.0
2023-03-31 00:00:00-04:00,27.117460914270833,27.810884824300686,27.082490132563102,27.75393295288086,433933000,0.0,0.0
2023-04-03 00:00:00-04:00,27.486155591511658,27.97674705699484,27.31329892606636,27.941776275634766,398716000,0.0,0.0
2023-04-04 00:00:00-04:00,27.942775040162378,27.97674720101981,27.28432191499647,27.430200576782227,368592000,0.0,0.0
2023-04-05 00:00:00-04:00,26.806721952265576,26.975580335763187,26.37308232607004,26.858678817749023,515015000,0.0,0.0
2023-04-06 00:00:00-04:00,26.561922527602437,27.057510906173512,26.405053322399837,27.01454734802246,397654000,0.0,0.0
2023-04-10 00:00:00-04:00,26.800728055248833,27.59806578859015,26.646856596653627,27.556100845336914,395279000,0.0,0.0
2023-04-11 00:00:00-04:00,27.700978013397847,27.76692318959248,27.103473133288535,27.146438598632812,314378000,0.0,0.0
2023-04-12 00:00:00-04:00,27.347272978771652,27.445191173354328,26.426037716955808,26.472999572753906,446259000,0.0,0.0
2023-04-13 00:00:00-04:00,26.711803507344644,26.864676358029374,26.307140975892153,26.441028594970703,353615000,0.0,0.0
2023-04-14 00:00:00-04:00,26.481986248681984,26.860671172484423,26.198221734531177,26.735774993896484,395660000,0.0,0.0
2023-04-17 00:00:00-04:00,26.542944386844006,26.983578222125814,26.411054013096596,26.979581832885742,321471000,0.0,0.0
2023-04-18 00:00:00-04:00,27.51014009932785,28.08666067670505,27.334285638782283,27.644027709960938,604812000,0.0,0.0
2023-04-19 00:00:00-04:00,27.3382818867537,27.976751256223757,27.209389286713794,27.907808303833008,358660000,0.0,0.0
2023-04-20 00:00:00-04:00,27.64802393339629,28.006727009696085,26.977581546120554,27.08149528503418,427713000,0.0,0.0
2023-04-21 00:00:00-04:00,26.929618278406625,27.160427351710336,26.69980973159089,27.096479415893555,345103000,0.0,0.0
2023-04-24 00:00:00-04:00,26.990571258678283,27.343276892968767,26.64885426501781,27.019546508789062,339282000,0.0,0.0
2023-04-25 00:00:00-04:00,27.055508646036056,27.224368902954197,26.203218396973824,26.21920394897461,378527000,0.0,0.0
2023-04-26 00:00:00-04:00,26.97957796491873,27.307304704799684,26.682823713649157,26.93361473083496,406337000,0.0,0.0
2023-04-27 00:00:00-04:00,27.34027738715415,27.472167737847915,26.60288938694917,27.20339012145996,377161000,0.0,0.0
2023-04-28 00:00:00-04:00,27.20239283065348,27.734949268700237,27.04851947681164,27.7259578704834,292216000,0.0,0.0
2023-05-01 00:00:00-04:00,27.8168827543935,29.033871779873245,27.75693310998625,28.88599395751953,570329000,0.0,0.0
2023-05-02 00:00:00-04:00,28.656185891505462,28.812056494254247,28.05968148797479,28.186574935913086,402730000,0.0,0.0
2023-05-03 00:00:00-04:00,27.81688204976608,28.34344486027376,27.449187603389927,27.778913497924805,383387000,0.0,0.0
2023-05-04 00:00:00-04:00,27.628038892272958,27.835866361148614,27.217380869969254,27.539113998413086,321850000,0.0,0.0
2023-05-05 00:00:00-04:00,27.802890497805507,28.731117903890393,27.70797008214086,28.65618133544922,361494000,0.0,0.0
2023-05-08 00:00:00-04:00,28.498313634929115,29.19573394414959,28.326457491586734,29.12679100036621,344979000,0.0,0.0
2023-05-09 00:00:00-04:00,28.875000355164328,28.94893830563209,28.426373831725307,28.547271728515625,314869000,0.0,0.0
2023-05-10 00:00:00-04:00,28.98091460956097,29.08882663839483,28.437367605326653,28.86101531982422,369350000,0.0,0.0
2023-05-11 00:00:00-04:00,28.872008465362846,28.92596448463801,28.222548521143974,28.554271697998047,322149000,0.0,0.0
2023-05-12 00:00:00-04:00,28.505307600656668,28.756100516190692,28.022708903166627,28.316465377807617,274222000,0.0,0.0
2023-05-15 00:00:00-04:00,28.48432681161874,28.944944446377114,28.128623434840744,28.928956985473633,293926000,0.0,0.0
2023-05-16 00:00:00-04:00,28.817047075448265,29.845193723113187,28.808055678185124,29.188737869262695,449405000,0.0,0.0
2023-05-17 00:00:00-04:00,29.55943225417957,30.173921312310178,29.40556081091014,30.152938842773438,432535000,0.0,0.0
2023-05-18 00:00:00-04:00,30.38474850266172,31.80157031583205,30.29482308288843,31.651695251464844,748725000,0.0,0.0
2023-05-19 00:00:00-04:00,31.50981251370551,31.553776602186183,30.89032841498642,31.238039016723633,473908000,0.0,0.0
2023-05-22 00:00:00-04:00,30.875337096011975,31.493824430080586,30.654521862103373,31.150110244750977,372000000,0.0,0.0
2023-05-23 00:00:00-04:00,30.974256822059314,31.262017766354816,30.60556376728732,30.66251564025879,356253000,0.0,0.0
2023-05-24 00:00:00-04:00,30.184913250484932,30.58158485433067,29.781249395568967,30.51264190673828,721419000,0.0,0.0
2023-05-25 00:00:00-04:00,38.491015705753476,39.44722190361269,36.604582699702306,37.94846725463867,1543911000,0.0,0.0
2023-05-26 00:00:00-04:00,37.858535295090505,39.137471155324974,37.51881748077454,38.913658142089844,714397000,0.0,0.0
2023-05-30 00:00:00-04:00,40.56129320908205,41.903176556488546,39.91582970590061,40.077693939208984,923401000,0.0,0.0
2023-05-31 00:00:00-04:00,39.45521159457621,40.26154073982168,37.79059452881708,37.80258560180664,1002580000,0.0,0.0
2023-06-01 00:00:00-04:00,38.457038285135596,40.01674290011226,38.30816374839411,39.736976623535156,635873000,0.0,0.0
2023-06-02 00:00:00-04:00,40.0637069703337,40.46637223130838,39.02556820427834,39.29434585571289,482731000,0.0,0.0
2023-06-05 00:00:00-04:00,38.87669004097322,39.5321435245976,38.674858118858616,39.13847351074219,396094000,0.0,0.0
2023-06-06 00:00:00-04:00,38.797754990174724,39.12747895572034,38.11631834652575,38.62189865112305,388729000,0.0,0.0
2023-06-07 00:00:00-04:00,38.886705495226614,39.47028049803264,37.32883713586247,37.447750091552734,511998000,0.004,0.0
2023-06-08 00:00:00-04:00,37.69657436729438,38.835744998272645,37.47773561947334,38.48200225830078,417772000,0.0,0.0
2023-06-09 00:00:00-04:00,39.00862551792191,39.68213542156838,38.53896971975811,38.7418212890625,427717000,0.0,0.0
2023-06-12 00:00:00-04:00,39.17150398137998,39.501262102808724,38.58992633945342,39.45329666137695,388701000,0.0,0.0
2023-06-13 00:00:00-04:00,40.15678529799824,41.07112100095235,39.711110397236205,40.9921760559082,613208000,0.0,0.0
2023-06-14 00:00:00-04:00,40.79432339392405,42.96874019088657,40.52251795887016,42.96574401855469,740465000,0.0,0.0
2023-06-15 00:00:00-04:00,42.57103621355931,43.25753714671118,42.11636509751025,42.62199783325195,568622000,0.0,0.0
2023-06-16 00:00:00-04:00,43.41840945055139,43.689212322344694,42.6299816471878,42.66096115112305,655709000,0.0,0.0
2023-06-20 00:00:00-04:00,42.966744812657,43.95802428329941,42.64297902478398,43.776153564453125,451153000,0.0,0.0
2023-06-21 00:00:00-04:00,43.46937984975044,43.583299212657124,42.04941511162373,43.013710021972656,551603000,0.0,0.0
2023-06-22 00:00:00-04:00,42.22227910485018,43.39442663272672,42.20329572401854,42.99372100830078,417737000,0.0,0.0
2023-06-23 00:00:00-04:00,42.4331298944521,42.77787649157712,41.98445500064074,42.178314208984375,358140000,0.0,0.0
2023-06-26 00:00:00-04:00,42.43012776772855,42.73290887794561,40.070844243899195,40.60245895385742,594322000,0.0,0.0
2023-06-27 00:00:00-04:00,40.769337698334375,41.90950699852485,40.41859495947549,41.84555435180664,462175000,0.0,0.0
2023-06-28 00:00:00-04:00,40.63044011815251,41.81457999808646,40.488545059577945,41.08710861206055,582639000,0.0,0.0
2023-06-29 00:00:00-04:00,41.52778134342767,41.56975062175712,40.57047773361946,40.79231643676758,380514000,0.0,0.0
2023-06-30 00:00:00-04:00,41.64970217474364,42.51906868482128,41.47083144000187,42.27124786376953,501148000,0.0,0.0
2023-07-03 00:00:00-04:00,42.48608848507777,42.8668120169638,42.171318861986485,42.382164001464844,198209000,0.0,0.0
2023-07-05 00:00:00-04:00,42.10436890718979,43.14561125771648,42.05440601633571,42.28623962402344,323618000,0.0,0.0
2023-07-06 00:00:00-04:00,41.81358472410437,42.14834029261051,41.31594563009927,42.07239532470703,303582000,0.0,0.0
2023-07-07 00:00:00-04:00,42.291234930923494,43.18258864442645,42.14933985780963,42.472103118896484,355881000,0.0,0.0
2023-07-10 00:00:00-04:00,42.625996062988435,42.77988345650076,41.61872549978595,42.14934158325195,353908000,0.0,0.0
2023-07-11 00:00:00-04:00,42.45011335397041,42.72691238917329,42.0364166991454,42.374168395996094,298244000,0.0,0.0
2023-07-12 00:00:00-04:00,43.001711413643235,43.90305599140233,42.74589703423399,43.870079040527344,481277000,0.0,0.0
2023-07-13 00:00:00-04:00,44.485637843052004,46.12144500110187,44.459655768689124,45.94357681274414,478204000,0.0,0.0
2023-07-14 00:00:00-04:00,46.54913599395856,48.053042979669556,45.027244350268305,45.43594741821289,772075000,0.0,0.0
2023-07-17 00:00:00-04:00,46.25534736982459,46.46219379188679,45.22909361606182,46.42721939086914,510488000,0.0,0.0
2023-07-18 00:00:00-04:00,46.66704612621804,47.86117699331049,45.700750131517545,47.459468841552734,569164000,0.0,0.0
2023-07-19 00:00:00-04:00,47.42949388429487,47.7832366141332,46.70801866375325,47.04277420043945,427502000,0.0,0.0
2023-07-20 00:00:00-04:00,46.473193831210935,47.052774056440455,45.029244512878805,45.48691177368164,537865000,0.0,0.0
2023-07-21 00:00:00-04:00,45.754707765315004,45.83265398251241,44.067935310129315,44.27678298950195,963769000,0.0,0.0
2023-07-24 00:00:00-04:00,44.69847992512501,45.076207287411634,44.00798419764258,44.579566955566406,382516000,0.0,0.0
2023-07-25 00:00:00-04:00,44.90833145027088,46.149425329816566,44.89034298033834,45.64579391479492,348081000,0.0,0.0
2023-07-26 00:00:00-04:00,45.98754334626847,46.01952157703273,44.59755574079193,45.4189567565918,364237000,0.0,0.0
2023-07-27 00:00:00-04:00,46.48518000024853,47.360542567448725,45.716738084889066,45.86663055419922,455976000,0.0,0.0
2023-07-28 00:00:00-04:00,46.63406993246034,46.9928100852104,46.34727984222391,46.71601104736328,331194000,0.0,0.0
2023-07-31 00:00:00-04:00,46.72000974655935,47.095735831876695,46.47218895380473,46.69502639770508,251055000,0.0,0.0
2023-08-01 00:00:00-04:00,46.42621596962975,46.86589846585085,45.9935321648279,46.473182678222656,237858000,0.0,0.0
2023-08-02 00:00:00-04:00,45.79768501941141,45.80667734864654,43.35546141010275,44.236820220947266,530142000,0.0,0.0
2023-08-03 00:00:00-04:00,43.768151421029266,45.08519387093538,43.768151421029266,44.48263168334961,324176000,0.0,0.0
2023-08-04 00:00:00-04:00,44.95229672936695,45.6088167758493,44.36072805590183,44.647518157958984,362666000,0.0,0.0
2023-08-07 00:00:00-04:00,45.078210093853784,45.50689911921515,44.53060808479913,45.38398742675781,322154000,0.0,0.0
2023-08-08 00:00:00-04:00,44.82039253545294,45.209109671688076,44.02397106962369,44.63153076171875,353843000,0.0,0.0
2023-08-09 00:00:00-04:00,44.2418106099287,44.279784996235016,42.10336702177276,42.52306365966797,586449000,0.0,0.0
2023-08-10 00:00:00-04:00,42.12934288588963,43.54231614891513,41.8045784497035,42.357177734375,492705000,0.0,0.0
2023-08-11 00:00:00-04:00,41.72064683355446,41.98745483103536,40.609455735906536,40.82529830932617,533085000,0.0,0.0
2023-08-14 00:00:00-04:00,40.456568112182865,43.768158123210526,40.28169609363209,43.72119140625,690286000,0.0,0.0
2023-08-15 00:00:00-04:00,44.527610226384226,45.2350957564997,43.67822581342224,43.908058166503906,676512000,0.0,0.0
2023-08-16 00:00:00-04:00,44.487636389026356,44.6425224910749,43.37444399152848,43.45438766479492,527451000,0.0,0.0
2023-08-17 00:00:00-04:00,43.93802900451183,44.029961162547856,42.9697318315635,43.31248474121094,452395000,0.0,0.0
2023-08-18 00:00:00-04:00,42.60400217656772,43.546317397362685,41.62971253779868,43.267520904541016,583768000,0.0,0.0
2023-08-21 00:00:00-04:00,44.46165562877054,47.030785847728,44.18985399309083,46.932857513427734,692573000,0.0,0.0
2023-08-22 00:00:00-04:00,48.10000155373569,48.15196569860594,45.30004062070193,45.634796142578125,755293000,0.0,0.0
2023-08-23 00:00:00-04:00,45.832657681466124,47.165687530536545,45.175135085824124,47.081748962402344,779046000,0.0,0.0
2023-08-24 00:00:00-04:00,50.179489575369686,50.22945246000163,47.124712989648934,47.12870788574219,1156044000,0.0,0.0
2023-08-25 00:00:00-04:00,46.97782740620056,47.77025023235798,44.99126973402356,45.98455047607422,925341000,0.0,0.0
2023-08-28 00:00:00-04:00,46.44820509438741,46.945844136189635,44.85536600768865,46.80094909667969,685192000,0.0,0.0
2023-08-29 00:00:00-04:00,46.632067581998406,49.045312450204435,46.35726602113391,48.74852752685547,701397000,0.0,0.0
2023-08-30 00:00:00-04:00,49.00835006749342,49.89070766116117,48.38980051894268,49.22819137573242,735206000,0.0,0.0
2023-08-31 00:00:00-04:00,49.34410566617648,49.70783948086103,48.922411542832535,49.319122314453125,528570000,0.0,0.0
2023-09-01 00:00:00-04:00,49.72582320725818,49.76379378137674,48.10699823052651,48.473731994628906,463830000,0.0,0.0
2023-09-05 00:00:00-04:00,48.187938474576626,48.81548404497399,47.825203434833014,48.51270294189453,382653000,0.0,0.0
2023-09-06 00:00:00-04:00,48.40977397493204,48.51770224742843,46.54997362392489,47.030662536621094,468670000,0.004,0.0
2023-09-07 00:00:00-04:00,45.49565878737646,46.31413115212792,45.122898103314355,46.21119689941406,433330000,0.0,0.0
2023-09-08 00:00:00-04:00,45.9123819993529,46.575951562479766,45.24181316746759,45.54261779785156,473069000,0.0,0.0
2023-09-11 00:00:00-04:00,46.1182482612765,46.133237981165,44.28343335195331,45.14887619018555,473966000,0.0,0.0
2023-09-12 00:00:00-04:00,44.70916101442447,45.643559689302776,44.50229371390593,44.8410758972168,349256000,0.0,0.0
2023-09-13 00:00:00-04:00,44.571245445404095,45.90038984188142,44.474307858028645,45.4556770324707,398355000,0.0,0.0
2023-09-14 00:00:00-04:00,45.92038211332298,45.95735701328926,45.101909783891045,45.55162048339844,370097000,0.0,0.0
2023-09-15 00:00:00-04:00,45.31176544872774,45.56959852066616,43.779752923471165,43.87169647216797,506831000,0.0,0.0
2023-09-18 00:00:00-04:00,42.7204393860463,44.21347561321812,41.97292056005233,43.937652587890625,500271000,0.0,0.0
2023-09-19 00:00:00-04:00,43.80473745342954,43.937651117962965,42.97427198636258,43.491939544677734,373064000,0.0,0.0
2023-09-20 00:00:00-04:00,43.57189573593531,43.874701837692996,42.19578439055347,42.21177291870117,367108000,0.0,0.0
2023-09-21 00:00:00-04:00,41.55619180268766,42.0728567871405,40.953579913724376,40.99055480957031,450736000,0.0,0.0
2023-09-22 00:00:00-04:00,41.54519433277662,42.087847304445255,41.20441459488325,41.58317184448242,479236000,0.0,0.0
2023-09-25 00:00:00-04:00,41.56418098921053,42.508571331474215,41.15044647985263,42.19477462768555,419091000,0.0,0.0
2023-09-26 00:00:00-04:00,41.97392192797056,42.79239417282539,41.62814431891952,41.88397979736328,402282000,0.0,0.0
2023-09-27 00:00:00-04:00,42.30271271186717,42.844363114706354,41.60216441597511,42.44062042236328,444935000,0.0,0.0
2023-09-28 00:00:00-04:00,42.43262596387141,43.417990370192356,42.08785097086144,43.061222076416016,424663000,0.0,0.0
2023-09-29 00:00:00-04:00,43.7987463785024,44.11554336483788,43.27908114153103,43.4709587097168,397830000,0.0,0.0
2023-10-02 00:00:00-04:00,44.00161394425031,45.145876254159724,43.83272417445268,44.75313186645508,433298000,0.0,0.0
2023-10-03 00:00:00-04:00,44.77910527291115,45.100900048116756,43.21811221740107,43.48893737792969,470850000,0.0,0.0
2023-10-04 00:00:00-04:00,43.71380433905175,44.11454682903524,43.26409364811851,44.012611389160156,361821000,0.0,0.0
2023-10-05 00:00:00-04:00,44.021598176867194,44.87105243012171,43.859703876130915,44.65918731689453,393483000,0.0,0.0
2023-10-06 00:00:00-04:00,44.16450946291641,45.759481188953075,43.99761731119279,45.73249816894531,434436000,0.0,0.0
2023-10-09 00:00:00-04:00,44.81309065878453,45.575599261777526,44.339397209393,45.243812561035156,409675000,0.0,0.0
2023-10-10 00:00:00-04:00,45.280790227106074,46.22917591041197,45.05893322747722,45.76847457885742,368582000,0.0,0.0
2023-10-11 00:00:00-04:00,46.16622190201643,46.82879655508957,46.02031610290556,46.77582931518555,378137000,0.0,0.0
2023-10-12 00:00:00-04:00,46.74684673062692,47.57831113328324,46.30013628160048,46.914737701416016,481325000,0.0,0.0
2023-10-13 00:00:00-04:00,46.92972831295685,47.08562979753359,45.25081094871752,45.43169403076172,474115000,0.0,0.0
2023-10-16 00:00:00-04:00,45.03394481432077,46.19519435043207,44.88304119745391,46.06528091430664,375099000,0.0,0.0
2023-10-17 00:00:00-04:00,43.971635905037324,44.72515146398081,42.452615298122,43.90967559814453,812333000,0.0,0.0
2023-10-18 00:00:00-04:00,42.563538500675094,43.19113575483381,41.79803354808787,42.168792724609375,627294000,0.0,0.0
2023-10-19 00:00:00-04:00,42.78340541148184,43.26909220321944,41.855003378817976,42.0738639831543,501233000,0.0,0.0
2023-10-20 00:00:00-04:00,41.862987418638,42.442615246520695,41.051510746944686,41.360313415527344,477266000,0.0,0.0
2023-10-23 00:00:00-04:00,41.20242325687503,43.22012278548461,40.91860593108143,42.947296142578125,478530000,0.0,0.0
2023-10-24 00:00:00-04:00,43.049228794577566,43.66882802570082,42.66347986731124,43.634849548339844,401463000,0.0,0.0
2023-10-25 00:00:00-04:00,43.37001547549243,43.6218556984363,41.528205349228905,41.75205993652344,398379000,0.0,0.0
2023-10-26 00:00:00-04:00,41.82601906009142,42.22875913409801,39.85429143072344,40.30000305175781,541001000,0.0,0.0
2023-10-27 00:00:00-04:00,41.103483284155644,41.17943449809006,39.98920048176121,40.4738883972168,416784000,0.0,0.0
2023-10-30 00:00:00-04:00,41.06051446991565,41.73907378443747,40.45490233078289,41.134464263916016,388028000,0.0,0.0
2023-10-31 00:00:00-04:00,40.42391883550711,40.85264307272008,39.20470426456185,40.75370407104492,517969000,0.0,0.0
2023-11-01 00:00:00-04:00,40.85764134166272,42.353677886742396,40.842651621979584,42.29771423339844,437593000,0.0,0.0
2023-11-02 00:00:00-04:00,43.30007200638761,43.855713392004134,42.86635363242641,43.47795867919922,409172000,0.0,0.0
2023-11-03 00:00:00-04:00,43.99161716605405,45.27978369407566,43.69480778178644,44.975982666015625,424610000,0.0,0.0
2023-11-06 00:00:00-05:00,45.25580503371784,45.90538750972343,44.87005229839821,45.72150421142578,400733000,0.0,0.0
2023-11-07 00:00:00-05:00,45.68952896873558,46.18820402459903,45.128889794516326,45.925376892089844,343165000,0.0,0.0
2023-11-08 00:00:00-05:00,46.0702861254177,46.83679388330466,45.93837123249172,46.543983459472656,346719000,0.0,0.0
2023-11-09 00:00:00-05:00,47.43639611181253,48.198904678121394,46.719859321767146,46.91973114013672,540496000,0.0,0.0
2023-11-10 00:00:00-05:00,47.46937982263058,48.440753359097926,47.25252065392858,48.30384063720703,421245000,0.0,0.0
2023-11-13 00:00:00-05:00,48.28884773723465,49.08433598855006,48.06798954522677,48.588653564453125,384136000,0.0,0.0
2023-11-14 00:00:00-05:00,49.64797189172138,49.801871937843956,49.00838510603704,49.623985290527344,416954000,0.0,0.0
2023-11-15 00:00:00-05:00,49.90281326221653,49.927794859868946,48.168931033577685,48.85648727416992,475497000,0.0,0.0
2023-11-16 00:00:00-05:00,48.647622492403215,49.49307783387502,48.29884843286255,49.44810485839844,339756000,0.0,0.0
2023-11-17 00:00:00-05:00,49.49207232670018,49.684948701072095,48.97540732164273,49.26622009277344,325205000,0.0,0.0
2023-11-20 00:00:00-05:00,49.28021007685078,50.515413319946866,49.14929401076898,50.376502990722656,414120000,0.0,0.0
2023-11-21 00:00:00-05:00,50.09367842406972,50.484425150048665,49.19026199029503,49.91179656982422,565747000,0.0,0.0
2023-11-22 00:00:00-05:00,49.819862426084605,50.302548939584284,47.659253670052365,48.684593200683594,899420000,0.0,0.0
2023-11-24 00:00:00-05:00,48.438757822338204,48.889467324614394,47.71422286454428,47.74520492553711,294645000,0.0,0.0
2023-11-27 00:00:00-05:00,47.769182964937485,48.49871188238506,47.62127956875629,48.210899353027344,395662000,0.0,0.0
2023-11-28 00:00:00-05:00,48.20490212503735,48.291847835176796,47.442393546125054,47.79016876220703,401491000,0.0,0.0
2023-11-29 00:00:00-05:00,48.34781498680007,48.730567513457544,47.82914854414182,48.10896682739258,382005000,0.0,0.0
2023-11-30 00:00:00-05:00,47.99303847449865,48.078985380939635,46.39207386383031,46.73984909057617,526247000,0.0,0.0
2023-12-01 00:00:00-05:00,46.495008690555146,47.169572782203616,46.15722533542331,46.7348518371582,369317000,0.0,0.0
2023-12-04 00:00:00-05:00,46.047291437827624,46.047291437827624,44.980978046044385,45.480655670166016,437543000,0.0,0.0
2023-12-05 00:00:00-05:00,45.440691049333466,46.57405868207462,45.24579990068304,46.54008102416992,371718000,0.004,0.0
2023-12-06 00:00:00-05:00,47.188709647488736,47.36061475805966,45.38671220041947,45.4776611328125,380590000,0.0,0.0
2023-12-07 00:00:00-05:00,45.67454839964707,46.603031852238765,45.578601195304635,46.57004928588867,350823000,0.0,0.0
2023-12-08 00:00:00-05:00,46.56905734985708,47.71441917110969,46.52408042310089,47.479549407958984,359224000,0.0,0.0
2023-12-11 00:00:00-05:00,47.46456109151934,47.50453592444969,45.8044865345936,46.60103988647461,509728000,0.0,0.0
2023-12-12 00:00:00-05:00,46.02036339199116,47.63946032153252,46.02036339199116,47.63046646118164,372387000,0.0,0.0
2023-12-13 00:00:00-05:00,47.60247804966215,48.56694081439652,47.58148983561275,48.061222076416016,447792000,0.0,0.0
2023-12-14 00:00:00-05:00,48.36305298147659,48.64289584092454,47.395593515547255,48.32307434082031,391232000,0.0,0.0
2023-12-15 00:00:00-05:00,48.16716609290554,49.37649145661912,48.09320598416868,48.86277770996094,479948000,0.0,0.0
2023-12-18 00:00:00-05:00,49.372493076088325,50.404914981750885,49.12263228888661,50.04911422729492,412587000,0.0,0.0
2023-12-19 00:00:00-05:00,49.396473996646186,49.67232125952952,48.86776928450163,49.57637405395508,464444000,0.0,0.0
2023-12-20 00:00:00-05:00,49.62734838444094,49.97115859701397,48.07121619318162,48.08420944213867,397894000,0.0,0.0
2023-12-21 00:00:00-05:00,48.783821596134075,49.06766385409553,48.39203776733346,48.96272277832031,300425000,0.0,0.0
2023-12-22 00:00:00-05:00,49.16760528234189,49.355500319360594,48.44001003124747,48.80281066894531,252507000,0.0,0.0
2023-12-26 00:00:00-05:00,48.9407287654443,49.572376781102484,48.93273380006729,49.251556396484375,244200000,0.0,0.0
2023-12-27 00:00:00-05:00,49.483433835302336,49.65233845498923,49.05766853127738,49.38948440551758,233648000,0.0,0.0
2023-12-28 00:00:00-05:00,49.61535772949362,49.85622084400242,49.384483556355164,49.494422912597656,246587000,0.0,0.0
2023-12-29 00:00:00-05:00,49.78526123454254,49.969160695229064,48.7238523373362,49.494422912597656,389293000,0.0,0.0
2024-01-02 00:00:00-05:00,49.21657920112469,49.267549491534815,47.56849914375037,48.141178131103516,411254000,0.0,0.0
2024-01-03 00:00:00-05:00,47.45856574446965,48.15717411062123,47.29365668483399,47.542518615722656,320896000,0.0,0.0
2024-01-04 00:00:00-05:00,47.740404942993884,48.47299856752152,47.481550264732384,47.97127914428711,306535000,0.0,0.0
2024-01-05 00:00:00-05:00,48.43501923291163,49.51941421396134,48.27910404671196,49.069664001464844,415039000,0.0,0.0
2024-01-08 00:00:00-05:00,49.48443615533453,52.24589839467499,49.45145358195024,52.223907470703125,642510000,0.0,0.0
2024-01-09 00:00:00-05:00,52.37182563719699,54.29475419696261,51.66121915258384,53.11041259765625,773100000,0.0,0.0
2024-01-10 00:00:00-05:00,53.58614782430592,54.569597281107285,53.45921582315341,54.31973648071289,533796000,0.0,0.0
2024-01-11 00:00:00-05:00,54.96838061309405,55.315187547624575,53.530182580044965,54.79147720336914,596759000,0.0,0.0
2024-01-12 00:00:00-05:00,54.58958868273426,54.939396104159464,54.2997530407885,54.67953872680664,352994000,0.0,0.0
2024-01-16 00:00:00-05:00,54.98736610755934,56.80335188433168,54.86943178251625,56.35060501098633,449580000,0.0,0.0
2024-01-17 00:00:00-05:00,56.315620727764234,56.43955222172503,54.70951721446228,56.021785736083984,474394000,0.0,0.0
2024-01-18 00:00:00-05:00,57.228121458897405,57.5679323320847,56.075763460461346,57.0752067565918,491650000,0.0,0.0
2024-01-19 00:00:00-05:00,57.956711672124605,59.46687197330924,57.19313710812396,59.45787811279297,543501000,0.0,0.0
2024-01-22 00:00:00-05:00,60.01556912613644,60.29741362477489,59.03711406646688,59.62078857421875,452955000,0.0,0.0
2024-01-23 00:00:00-05:00,59.536831763324194,59.876642607504685,58.55237959065836,59.839664459228516,294654000,0.0,0.0
2024-01-24 00:00:00-05:00,60.27042548611156,62.814006680232,59.90462813486255,61.32783508300781,560271000,0.0,0.0
2024-01-25 00:00:00-05:00,62.3152848013764,62.68408265284871,60.81611993386063,61.58269500732422,482777000,0.0,0.0
2024-01-26 00:00:00-05:00,60.926057292697806,61.748600916766215,60.53927554518053,60.99701690673828,390309000,0.0,0.0
2024-01-29 00:00:00-05:00,61.197906346142304,62.45420645662032,60.87309034622641,62.43022155761719,348733000,0.0,0.0
2024-01-30 00:00:00-05:00,62.86497729318725,63.457645602005435,62.225330458008614,62.739044189453125,410735000,0.0,0.0
2024-01-31 00:00:00-05:00,61.40579489398436,62.2343357675768,60.66620898805524,61.49274826049805,453795000,0.0,0.0
2024-02-01 00:00:00-05:00,62.06541568156925,63.15581153197272,61.61566933157976,62.99190139770508,369146000,0.0,0.0
2024-02-02 00:00:00-05:00,63.93837399186544,66.56291110918288,63.654531745686434,66.12316131591797,476578000,0.0,0.0
2024-02-05 00:00:00-05:00,68.1870176350593,69.45831268504848,67.16758882386114,69.29340362548828,680078000,0.0,0.0
2024-02-06 00:00:00-05:00,69.59122707783612,69.71515858330277,66.26308702618283,68.18501281738281,683111000,0.0,0.0
2024-02-07 00:00:00-05:00,68.28095938687078,70.18090186277372,67.56235796585537,70.05996704101562,495575000,0.0,0.0
2024-02-08 00:00:00-05:00,70.03496848915448,70.75456869186667,69.41631758373076,69.60221099853516,414422000,0.0,0.0
2024-02-09 00:00:00-05:00,70.49373428612587,72.14481511205457,70.17291382776136,72.09284973144531,436637000,0.0,0.0
2024-02-12 00:00:00-05:00,72.55957267433736,74.56945447682682,71.21032591879988,72.20777130126953,613710000,0.0,0.0
2024-02-13 00:00:00-05:00,70.36081744123659,73.40911526024477,69.58125280309775,72.08785247802734,602580000,0.0,0.0
2024-02-14 00:00:00-05:00,73.16125433620005,74.19467532641171,71.89795802434332,73.8588638305664,504917000,0.0,0.0
2024-02-15 00:00:00-05:00,73.82787028335872,73.93380643951798,72.35968650824275,72.61753845214844,420122000,0.0,0.0
2024-02-16 00:00:00-05:00,74.05872683634956,74.36056058278803,72.46061841088577,72.57255554199219,495327000,0.0,0.0
2024-02-20 00:00:00-05:00,71.90694379478387,71.91594146829705,67.69629184561839,69.41333770751953,704833000,0.0,0.0
2024-02-21 00:00:00-05:00,67.96813224619191,68.84964494727922,66.21111545956025,67.43443298339844,673755000,0.0,0.0
2024-02-22 00:00:00-05:00,74.98324052874167,78.53125992517153,74.17868830906747,78.4942855834961,865100000,0.0,0.0
2024-02-23 00:00:00-05:00,80.7450180977802,82.34812129044985,77.52680973171769,78.77311706542969,829388000,0.0,0.0
2024-02-26 00:00:00-05:00,79.65561387586835,80.60109384162685,78.46127964854693,79.04795837402344,503973000,0.0,0.0
2024-02-27 00:00:00-05:00,79.3367948159067,79.43574633865495,77.11903628247967,78.65717315673828,391705000,0.0,0.0
2024-02-28 00:00:00-05:00,77.57677565555984,78.88904035012949,77.0820485792693,77.6197509765625,393110000,0.0,0.0
2024-02-29 00:00:00-05:00,79.04996729538055,79.94546455588929,78.30637821286784,79.06795501708984,507289000,0.0,0.0
2024-03-01 00:00:00-05:00,79.95544705800646,82.2541692109824,79.39075927311268,82.2331771850586,479135000,0.0,0.0
2024-03-04 00:00:00-05:00,84.08315873170044,87.64617639419636,83.67239206586414,85.18954467773438,615616000,0.0,0.0
2024-03-05 00:00:00-05:00,85.22651962468665,86.05310143549691,83.37446759481172,85.920166015625,520639000,0.004,0.0
2024-03-06 00:00:00-05:00,87.9771142527572,89.67824212896674,86.98561575454009,88.6547622680664,582520000,0.0,0.0
2024-03-07 00:00:00-05:00,90.11202114454544,92.71969184649807,89.55630492024456,92.62174224853516,608119000,0.0,0.0
2024-03-08 00:00:00-05:00,95.08948806655721,97.35033567284756,86.46188588221935,87.48336791992188,1142269000,0.0,0.0
2024-03-11 00:00:00-04:00,86.38492752767289,88.75171621511622,84.1230810265849,85.73026275634766,678364000,0.0,0.0
2024-03-12 00:00:00-04:00,88.00410652239347,91.91310774958505,86.10607276758905,91.86613464355469,668075000,0.0,0.0
2024-03-13 00:00:00-04:00,91.00856657140831,91.45733510152752,88.38989990202793,90.8416519165039,635713000,0.0,0.0
2024-03-14 00:00:00-04:00,89.53131740403234,90.59977243652932,86.55583073162953,87.8991470336914,602318000,0.0,0.0
2024-03-15 00:00:00-04:00,86.88567820084742,89.500341723681,86.21302481365912,87.7922134399414,642086000,0.0,0.0
2024-03-18 00:00:00-04:00,90.3419098330075,92.35787961611925,87.04059269589636,88.40989685058594,668976000,0.0,0.0
2024-03-19 00:00:00-04:00,86.65579447616338,90.49783644933297,84.96666127835144,89.35242462158203,672171000,0.0,0.0
2024-03-20 00:00:00-04:00,89.75120872764549,90.36390274155225,88.17801382637771,90.32592010498047,479063000,0.0,0.0
2024-03-21 00:00:00-04:00,92.25293104894116,92.60075314567852,90.35889320815413,91.38836669921875,480372000,0.0,0.0
2024-03-22 00:00:00-04:00,91.09452364541656,94.72967008042832,90.78768098585184,94.24092102050781,586719000,0.0,0.0
2024-03-25 00:00:00-04:00,93.89310384073973,96.71666039718104,93.46232384034413,94.95355987548828,552136000,0.0,0.0
2024-03-26 00:00:00-04:00,95.8021249691622,96.32585986372577,92.4548335490284,92.51380157470703,513648000,0.0,0.0
2024-03-27 00:00:00-04:00,93.06451960589087,93.19245268869888,89.07755527294492,90.2039794921875,586067000,0.0,0.0
2024-03-28 00:00:00-04:00,89.95410761772509,91.25344777796057,89.14751991247192,90.30992889404297,435212000,0.0,0.0
2024-04-01 00:00:00-04:00,90.25295469319977,92.17796738530402,89.15851187965868,90.3169174194336,452441000,0.0,0.0
2024-04-02 00:00:00-04:00,88.4028863469108,90.04805054821496,87.57531335437362,89.40637969970703,433064000,0.0,0.0
2024-04-03 00:00:00-04:00,88.43889671490548,90.32793268323532,88.35493989966884,88.91864776611328,370067000,0.0,0.0
2024-04-04 00:00:00-04:00,90.35988689456467,90.58777505707383,85.83619439258581,85.8611831665039,434965000,0.0,0.0
2024-04-05 00:00:00-04:00,86.82170353525082,88.43588552210704,85.88218803532831,87.96312713623047,399678000,0.0,0.0
2024-04-08 00:00:00-04:00,88.65475649731144,88.7846950725735,86.68776556126254,87.08856201171875,283220000,0.0,0.0
2024-04-09 00:00:00-04:00,87.39739525078261,87.59029759028141,82.97965182031417,85.31045532226562,501700000,0.0,0.0
2024-04-10 00:00:00-04:00,83.88320224037439,87.35542960706438,83.66631003801581,86.99461364746094,431929000,0.0,0.0
2024-04-11 00:00:00-04:00,87.37542414329695,90.69273208355851,86.8816803570947,90.56979370117188,431637000,0.0,0.0
2024-04-12 00:00:00-04:00,89.65326609988566,90.1290289713359,87.4853732060557,88.14103698730469,426805000,0.0,0.0
2024-04-15 00:00:00-04:00,89.05256658600005,90.56679344486741,85.88518380835967,85.95714569091797,443077000,0.0,0.0
2024-04-16 00:00:00-04:00,86.38892843501489,88.07306685163755,86.02012091101756,87.37042999267578,370453000,0.0,0.0
2024-04-17 00:00:00-04:00,88.29494666403578,88.72973001771733,83.90718598900048,83.99214935302734,495400000,0.0,0.0
2024-04-18 00:00:00-04:00,84.9266740115763,86.14605313921993,82.35998267211264,84.62782287597656,447260000,0.0,0.0
2024-04-19 00:00:00-04:00,83.10760934336838,84.28100677926233,75.56745676539116,76.16114807128906,875198000,0.0,0.0
2024-04-22 00:00:00-04:00,78.06417460921173,80.0321724749778,76.36104864748893,79.47745513916016,596341000,0.0,0.0
2024-04-23 00:00:00-04:00,80.72781776562408,82.72679808163171,80.22307798101387,82.38097381591797,438559000,0.0,0.0
2024-04-24 00:00:00-04:00,83.90718362535628,84.0391200894545,79.14261643671647,79.63636779785156,512208000,0.0,0.0
2024-04-25 00:00:00-04:00,78.82777847791279,83.28050853708768,78.18311074273281,82.5898666381836,424641000,0.0,0.0
2024-04-26 00:00:00-04:00,83.7752739998992,88.28597395561746,83.3444939490843,87.69027709960938,551011000,0.0,0.0
2024-04-29 00:00:00-04:00,87.5503221946072,87.94711524604415,85.22250775369248,87.71224212646484,388971000,0.0,0.0
2024-04-30 00:00:00-04:00,87.19551848613133,88.77371581096726,86.25600293117195,86.35794830322266,363709000,0.0,0.0
2024-05-01 00:00:00-04:00,85.03361435183398,85.95614014617317,81.21355734292688,82.99864959716797,559863000,0.0,0.0
2024-05-02 00:00:00-04:00,84.40593290133356,86.19302312746696,83.15756927733226,85.77323913574219,377898000,0.0,0.0
2024-05-03 00:00:00-04:00,87.7442309865165,89.23546686580507,86.99561241116382,88.74372100830078,398341000,0.0,0.0
2024-05-06 00:00:00-04:00,89.3444197919577,92.17297861657092,89.00959152215785,92.093017578125,376203000,0.0,0.0
2024-05-07 00:00:00-04:00,91.05154141921548,91.73419176081896,88.96560776051032,90.50782012939453,437342000,0.0,0.0
2024-05-08 00:00:00-04:00,89.43737100980039,91.14749704338682,89.37439959760155,90.36589813232422,325721000,0.0,0.0
2024-05-09 00:00:00-04:00,90.48284857493528,91.02557102706608,88.18602354895383,88.7017593383789,378013000,0.0,0.0
2024-05-10 00:00:00-04:00,90.25895279926722,91.3543946079418,89.18149955504683,89.83216857910156,335325000,0.0,0.0
2024-05-13 00:00:00-04:00,90.43186737899792,90.95160653164567,88.48386356145281,90.35291290283203,289680000,0.0,0.0
2024-05-14 00:00:00-04:00,89.55330988776338,91.60426546540805,88.88864807554503,91.30941772460938,296507000,0.0,0.0
2024-05-15 00:00:00-04:00,92.42485211295921,94.81363293144179,91.55229612488634,94.58174896240234,417735000,0.0,0.0
2024-05-16 00:00:00-04:00,94.8616117597436,95.77014487035822,94.05501639356171,94.3108901977539,323952000,0.0,0.0
2024-05-17 00:00:00-04:00,94.32089003310901,94.69169545244071,91.75919321941595,92.43184661865234,359691000,0.0,0.0
2024-05-20 00:00:00-04:00,93.70220057081201,95.15145822277206,93.39236106775267,94.73167419433594,318764000,0.0,0.0
2024-05-21 00:00:00-04:00,93.55127282718048,95.35135699716334,93.1324877566636,95.33736419677734,328946000,0.0,0.0
2024-05-22 00:00:00-04:00,95.41032394954395,95.97103489974472,93.20145177000462,94.90158081054688,548648000,0.0,0.0
2024-05-23 00:00:00-04:00,101.97598526792865,106.26579699236947,101.46824101677741,103.74608612060547,835065000,0.0,0.0
2024-05-24 00:00:00-04:00,104.39573676851408,106.42070464479184,102.94747814509458,106.41471099853516,429494000,0.0,0.0
2024-05-28 00:00:00-04:00,110.18777817721215,114.88038339336015,109.82696222842502,113.84291076660156,652728000,0.0,0.0
2024-05-29 00:00:00-04:00,112.99234510462112,115.4330933483792,110.84443906697294,114.76643371582031,557442000,0.0,0.0
2024-05-30 00:00:00-04:00,114.59153447828542,115.75993705260656,109.60707814261482,110.44364929199219,484553000,0.0,0.0
2024-05-31 00:00:00-04:00,112.46262402548862,112.65952979992652,106.88547499697964,109.57710266113281,613263000,0.0,0.0
2024-06-03 00:00:00-04:00,113.56305829627723,114.94135284423828,111.94587959300615,114.94135284423828,438392000,0.0,0.0
2024-06-04 00:00:00-04:00,115.6569915264079,116.54053577006367,113.98683844283815,116.37761688232422,403324000,0.0,0.0
2024-06-05 00:00:00-04:00,118.31064561773049,122.38656157559062,117.40810617337777,122.37757110595703,528402000,0.0,0.0
2024-06-06 00:00:00-04:00,123.98474236351488,125.52295906565588,118.25966633915728,120.9363021850586,664696000,0.0,0.0
2024-06-07 00:00:00-04:00,119.70892124903274,121.62994584355768,117.9618191498612,120.82635498046875,412386000,0.0,0.0
2024-06-10 00:00:00-04:00,120.3086160214553,123.03721949599527,116.95032895624942,121.72789001464844,313434100,0.0,10.0
2024-06-11 00:00:00-04:00,121.71790142895497,122.81743693170633,118.6891989331394,120.8582763671875,222551200,0.01,0.0
2024-06-12 00:00:00-04:00,123.00735466296415,126.82572022932071,122.51756641163499,125.14643859863281,299595000,0.0,0.0
2024-06-13 00:00:00-04:00,129.33464307228707,129.74447132445016,127.10560139337456,129.55455017089844,260704500,0.0,0.0
2024-06-14 00:00:00-04:00,129.90441625095465,132.78317395786428,128.26511837192902,131.82359313964844,309320400,0.0,0.0
2024-06-17 00:00:00-04:00,132.9331153831068,133.67278906643185,129.52457044327446,130.92396545410156,288504400,0.0,0.0
2024-06-18 00:00:00-04:00,131.08388532556722,136.27166699428068,130.63408092847425,135.52198791503906,294335100,0.0,0.0
2024-06-20 00:00:00-04:00,139.74018988019657,140.69977060471427,129.46458937927747,130.7240447998047,517768400,0.0,0.0
2024-06-21 00:00:00-04:00,127.06562164590744,130.57412222632124,124.24682832839595,126.51585388183594,649445800,0.0,0.0
2024-06-24 00:00:00-04:00,123.18726572238242,124.40674492687346,117.98949375774167,118.05946350097656,476060900,0.0,0.0
2024-06-25 00:00:00-04:00,121.14814167969276,126.44587713171062,119.26894878077069,126.03604888916016,414192600,0.0,0.0
2024-06-26 00:00:00-04:00,126.07604323280044,128.06518984478126,122.54755446405669,126.34593200683594,362975900,0.0,0.0
2024-06-27 00:00:00-04:00,124.04690423190566,126.35592112032522,122.86740877139376,123.93695068359375,252571700,0.0,0.0
2024-06-28 00:00:00-04:00,124.52670042256338,127.65535851030685,122.69748155565787,123.48714447021484,315516700,0.0,0.0
2024-07-01 00:00:00-04:00,123.4171718460919,124.78658078052614,118.7791577829481,124.24681854248047,284885500,0.0,0.0
2024-07-02 00:00:00-04:00,121.07817351581278,123.35720445635805,120.97821782460922,122.61751556396484,218374000,0.0,0.0
2024-07-03 00:00:00-04:00,121.60795022813568,128.22511291503906,121.30807553564613,128.22511291503906,215749000,0.0,0.0
2024-07-05 00:00:00-04:00,127.32550884480895,128.79488887998582,125.62623909181207,125.77617645263672,214176700,0.0,0.0
2024-07-08 00:00:00-04:00,127.43546149204991,130.71406481303447,126.9856570389152,128.14515686035156,237677300,0.0,0.0
2024-07-09 00:00:00-04:00,130.29424856790877,133.76276548705792,128.59496354527897,131.3238067626953,285366600,0.0,0.0
2024-07-10 00:00:00-04:00,133.97265130832633,135.04220080806905,132.36333956960132,134.85227966308594,248978600,0.0,0.0
2024-07-11 00:00:00-04:00,135.69191517143412,136.0917379181807,126.99564078548484,127.34548950195312,374782700,0.0,0.0
2024-07-12 00:00:00-04:00,128.20511597204649,131.86355363035963,127.16556766728102,129.18470764160156,252680500,0.0,0.0
2024-07-15 00:00:00-04:00,130.50412821022553,131.3337748661706,127.12557732818904,128.38504028320312,208326200,0.0,0.0
2024-07-16 00:00:00-04:00,128.38505064333017,128.9847847878456,124.52670149646414,126.30593872070312,214769500,0.0,0.0
2024-07-17 00:00:00-04:00,121.29806929966236,121.7978553351996,116.6700533559942,117.93950653076172,390086200,0.0,0.0
2024-07-18 00:00:00-04:00,121.79786974825338,122.34763750285344,116.51013195140489,121.03819274902344,320979500,0.0,0.0
2024-07-19 00:00:00-04:00,120.29850995680886,121.54797517785201,117.31978914047505,117.87954711914062,217223800,0.0,0.0
2024-07-22 00:00:00-04:00,120.2985068676328,124.01691649015211,119.80871864887781,123.48714447021484,258068900,0.0,0.0
2024-07-23 00:00:00-04:00,122.72748067875479,124.63666735303748,122.04777123792785,122.53755950927734,173911000,0.0,0.0
2024-07-24 00:00:00-04:00,119.1190116312528,119.89867669033677,113.39146746574805,114.20111846923828,327776900,0.0,0.0
2024-07-25 00:00:00-04:00,112.99163342891377,116.580093681362,106.25451947131738,112.2319564819336,460067000,0.0,0.0
2024-07-26 00:00:00-04:00,116.14028513217615,116.1502753623964,111.53225712550028,113.0116195678711,293399100,0.0,0.0
2024-07-29 00:00:00-04:00,113.64135918454429,116.23024736996389,111.2523823769322,111.54225158691406,248152100,0.0,0.0
2024-07-30 00:00:00-04:00,111.47227535621278,111.94207545546908,102.49612232025332,103.68561553955078,486833300,0.0,0.0
2024-07-31 00:00:00-04:00,112.85169271533529,118.28935980657482,110.83255278301941,116.96992492675781,473174200,0.0,0.0
2024-08-01 00:00:00-04:00,117.47971689042026,120.10859659996095,106.76430191931924,109.16327667236328,523462300,0.0,0.0
2024-08-02 00:00:00-04:00,103.71560554704351,108.67348235860572,101.32662878479363,107.2240982055664,482027500,0.0,0.0
2024-08-05 00:00:00-04:00,92.020610744235,103.36576087778293,90.65120176374947,100.40702056884766,552842400,0.0,0.0
2024-08-06 00:00:00-04:00,103.79557790935745,107.66392522983698,100.50699194542041,104.20540618896484,409012100,0.0,0.0
2024-08-07 00:00:00-04:00,107.76386930019544,108.75345120343057,98.64777632103673,98.86768341064453,411440400,0.0,0.0
2024-08-08 00:00:00-04:00,101.95635654950479,105.45485898012505,97.47827008281362,104.92508697509766,391910000,0.0,0.0
2024-08-09 00:00:00-04:00,105.59481125304626,106.55439969221393,103.38575750879603,104.70519256591797,290844200,0.0,0.0
2024-08-12 00:00:00-04:00,106.27450881772207,111.02247644689008,106.21453693013632,108.97335052490234,325559900,0.0,0.0
2024-08-13 00:00:00-04:00,112.3918952304853,116.18027460234957,111.53226256952769,116.0903091430664,312646700,0.0,0.0
2024-08-14 00:00:00-04:00,118.47928439247931,118.54925413715051,114.02119356854074,118.02947998046875,339246400,0.0,0.0
2024-08-15 00:00:00-04:00,118.70918982152592,123.18726875091167,117.4197408420992,122.80743408203125,318086700,0.0,0.0
2024-08-16 00:00:00-04:00,121.88784042749518,124.94652901748123,121.12816339575224,124.5267105102539,302589900,0.0,0.0
2024-08-19 00:00:00-04:00,124.22684228567836,129.94439697265625,123.36720951099952,129.94439697265625,318333600,0.0,0.0
2024-08-20 00:00:00-04:00,128.345066215563,129.82444407435935,125.83614544847738,127.19556427001953,300087400,0.0,0.0
2024-08-21 00:00:00-04:00,127.26552712895132,129.29466502006431,126.60581346882094,128.4450225830078,257883600,0.0,0.0
2024-08-22 00:00:00-04:00,129.96437709388331,130.69406050330699,123.04733191995243,123.68705749511719,376189100,0.0,0.0
2024-08-23 00:00:00-04:00,125.80614369005178,129.54454879248973,125.16641816339359,129.31463623046875,323230300,0.0,0.0
2024-08-26 00:00:00-04:00,129.51456899800732,131.2038330961495,124.31678931451107,126.40589141845703,331964700,0.0,0.0
2024-08-27 00:00:00-04:00,124.99650751528328,129.14472607274774,123.8270022374259,128.2451171875,303134600,0.0,0.0
2024-08-28 00:00:00-04:00,128.06518755846798,128.27510443502842,122.58753608006307,125.55626678466797,448101100,0.0,0.0
2024-08-29 00:00:00-04:00,121.30807947152184,124.37676573622443,116.66006734390899,117.53968811035156,453023300,0.0,0.0
2024-08-30 00:00:00-04:00,119.47885915972935,121.69791057687668,117.169849908653,119.31893157958984,333751600,0.0,0.0
2024-09-03 00:00:00-04:00,115.96036355880885,116.1602749319815,107.24409346859224,107.95378875732422,477155100,0.0,0.0
2024-09-04 00:00:00-04:00,105.36491282865293,113.22154357052297,104.07546373187543,106.16456604003906,372470300,0.0,0.0
2024-09-05 00:00:00-04:00,104.94508720389065,109.60309749669094,104.71518985962717,107.16413879394531,306850700,0.0,0.0
2024-09-06 00:00:00-04:00,107.9937729521253,108.10372649561138,100.90680264312543,102.78600311279297,413638100,0.0,0.0
2024-09-09 00:00:00-04:00,104.83512245061276,106.50441370678206,103.64563679939363,106.42444610595703,273912000,0.0,0.0
2024-09-10 00:00:00-04:00,107.76386463370491,109.35318822314704,104.90508784485718,108.05374145507812,268283700,0.0,0.0
2024-09-11 00:00:00-04:00,109.34319840779227,117.13986433729632,107.37404002456883,116.8599853515625,441422400,0.0,0.0
2024-09-12 00:00:00-04:00,116.7999969846395,120.74864930591372,115.34049772061324,119.09921264648438,366052700,0.01,0.0
2024-09-13 00:00:00-04:00,119.03923719212747,119.91893319621943,117.5597404845181,119.0592269897461,238358300,0.0,0.0
2024-09-16 00:00:00-04:00,116.75001946408975,118.13954300655384,114.32085103611607,116.74002075195312,248772300,0.0,0.0
2024-09-17 00:00:00-04:00,118.12954900355818,118.75933823796504,114.79069593440207,115.55043029785156,231925900,0.0,0.0
2024-09-18 00:00:00-04:00,115.85032597194726,117.65970390167261,113.18124184177299,113.33119201660156,310318900,0.0,0.0
2024-09-19 00:00:00-04:00,117.30982462581498,119.6190390017094,117.20986038538442,117.82965087890625,293506400,0.0,0.0
2024-09-20 00:00:00-04:00,117.0199313836397,118.57940262799143,115.35050480567513,115.96029663085938,382462400,0.0,0.0
2024-09-23 00:00:00-04:00,116.51010886475667,116.94995306986277,114.82068489843978,116.22020721435547,206228500,0.0,0.0
2024-09-24 00:00:00-04:00,116.4801041033547,121.75830281490052,115.34049501127092,120.82862091064453,354966800,0.0,0.0
2024-09-25 00:00:00-04:00,121.9782246233193,124.8972307941946,121.56836894761845,123.46772003173828,284692900,0.0,0.0
2024-09-26 00:00:00-04:00,126.75659295249227,127.62629022604027,121.75830470715397,123.9975357055664,302582900,0.0,0.0
2024-09-27 00:00:00-04:00,123.9275641535197,123.9875411739155,119.21917738287792,121.35844421386719,271009200,0.0,0.0
2024-09-30 00:00:00-04:00,118.26948904999118,121.45839925706385,118.10954779878932,121.39842224121094,226553700,0.0,0.0
2024-10-01 00:00:00-04:00,121.72830139861978,122.39807778038482,115.75035328043049,116.9599380493164,302094500,0.0,0.0
2024-10-02 00:00:00-04:00,116.40015487696674,119.33914357741656,115.1005967063004,118.809326171875,221845900,0.0,0.0
2024-10-03 00:00:00-04:00,120.87860561160097,124.31743049345978,120.2988023230489,122.80794525146484,277118000,0.0,0.0
2024-10-04 00:00:00-04:00,124.89723283717322,124.99719707970252,121.78829684578011,124.87723541259766,243678100,0.0,0.0
2024-10-07 00:00:00-04:00,124.94721586781675,130.5952834922112,124.90722864393703,127.67628479003906,346250200,0.0,0.0
2024-10-08 00:00:00-04:00,130.2153933149511,133.43429200303964,129.3756845929013,132.84449768066406,285722500,0.0,0.0
2024-10-09 00:00:00-04:00,134.06410607581472,134.47396942827422,131.33504459540586,132.60459899902344,246191600,0.0,0.0
2024-10-10 00:00:00-04:00,131.86485368985453,134.9537923881041,130.95516150253064,134.76385498046875,242311300,0.0,0.0
2024-10-11 00:00:00-04:00,133.9641223517835,135.73352074472976,133.61425131031754,134.7538604736328,170209500,0.0,0.0
2024-10-14 00:00:00-04:00,136.42329237635488,139.5522259694365,136.25335239175735,138.0227508544922,232347700,0.0,0.0
2024-10-15 00:00:00-04:00,137.82280508502743,138.52257769243778,128.6959404665834,131.55496215820312,377831000,0.0,0.0
2024-10-16 00:00:00-04:00,133.9341283963689,136.57322399642072,131.53495612489098,135.6735382080078,264879700,0.0,0.0
2024-10-17 00:00:00-04:00,139.29229632563835,140.8417687676179,136.82314065604464,136.88311767578125,306435900,0.0,0.0
2024-10-18 00:00:00-04:00,138.62252759913224,138.85244459278235,137.23300404466042,137.9527587890625,176090200,0.0,0.0
2024-10-21 00:00:00-04:00,138.0827206747143,143.6608123779297,137.95276029474488,143.6608123779297,264554500,0.0,0.0
2024-10-22 00:00:00-04:00,142.86108785315807,144.37056551302095,141.73146975294682,143.5408477783203,226311600,0.0,0.0
2024-10-23 00:00:00-04:00,141.9813779606296,142.38123492807873,137.41295033058282,139.51222229003906,285930000,0.0,0.0
2024-10-24 00:00:00-04:00,140.7718017861216,141.30161913611144,138.41260905173522,140.3619384765625,172354900,0.0,0.0
2024-10-25 00:00:00-04:00,140.8817548130095,144.08067171203157,140.75180968215267,141.49154663085938,205122100,0.0,0.0
2024-10-28 00:00:00-04:00,142.95105547012693,143.09100694226274,140.00206821568727,140.47190856933594,173586700,0.0,0.0
2024-10-29 00:00:00-04:00,140.2419668294209,142.21129364579818,138.8524432880062,141.20164489746094,157593600,0.0,0.0
2024-10-30 00:00:00-04:00,139.49222584841445,140.28196395700422,136.76316465511044,139.29229736328125,179418100,0.0,0.0
2024-10-31 00:00:00-04:00,137.55290880572403,137.56289989167158,132.06478241439225,132.7145538330078,270039600,0.0,0.0
2024-11-01 00:00:00-04:00,134.65389558133728,137.26300291330367,134.52395044654537,135.35365295410156,207127800,0.0,0.0
2024-11-04 00:00:00-05:00,137.16303982117785,138.91244079735898,135.52360180221356,136.00343322753906,187528200,0.0,0.0
2024-11-05 00:00:00-05:00,137.40294177771256,140.3219403030432,137.28298774012364,139.8621063232422,160537400,0.0,0.0
2024-11-06 00:00:00-05:00,142.91109345360954,146.43988445631933,141.9114356000698,145.5601806640625,242043900,0.0,0.0
2024-11-07 00:00:00-05:00,146.33990241230273,148.87902647248674,146.11997647950326,148.8290557861328,207323300,0.0,0.0
2024-11-08 00:00:00-05:00,148.719046162124,149.7187036326565,146.2098961488073,147.57943725585938,175665800,0.0,0.0
2024-11-11 00:00:00-05:00,148.62909347800425,148.79904870323992,143.52085748188875,145.21026611328125,182325600,0.0,0.0
2024-11-12 00:00:00-05:00,146.7297346202135,149.59874692031187,145.95999403229789,148.2392120361328,198634700,0.0,0.0
2024-11-13 00:00:00-05:00,149.01898487542564,149.27889039349282,145.85005645366056,146.21994018554688,191903300,0.0,0.0
2024-11-14 00:00:00-05:00,147.58946625444327,148.94900137376933,145.50018526515709,146.7097625732422,194463300,0.0,0.0
2024-11-15 00:00:00-05:00,144.8203910682193,145.1902747512061,140.03203789439084,141.93138122558594,250132900,0.0,0.0
2024-11-18 00:00:00-05:00,139.45223367342163,141.50153478170088,137.10303223771245,140.1020050048828,221205300,0.0,0.0
2024-11-19 00:00:00-05:00,141.27163159656618,147.0796403153284,140.94174272954967,146.9596710205078,227834900,0.0,0.0
2024-11-20 00:00:00-05:00,147.35954130772643,147.50948385732136,142.68113546401185,145.84005737304688,309871700,0.0,0.0
2024-11-21 00:00:00-05:00,149.29888738883682,152.83766902515802,140.65183891204953,146.6197967529297,400946600,0.0,0.0
2024-11-22 00:00:00-05:00,145.88003080645086,147.10962067545384,141.05169787065546,141.90139770507812,236406200,0.0,0.0
2024-11-25 00:00:00-05:00,141.9413916908634,142.00136870780395,135.7735059739188,135.9734344482422,344941900,0.0,0.0
2024-11-26 00:00:00-05:00,137.6528702588759,139.25232877348597,135.6235662299349,136.87313842773438,190287700,0.0,0.0
2024-11-27 00:00:00-05:00,134.96376655836661,137.17301655731904,131.7548742168772,135.2936553955078,226370900,0.0,0.0
2024-11-29 00:00:00-05:00,136.7331843976686,139.30231211006736,136.0034385187834,138.2026824951172,141863200,0.0,0.0
2024-12-02 00:00:00-05:00,138.7824785355422,140.40191910756175,137.77282976281836,138.58255004882812,171682800,0.0,0.0
2024-12-03 00:00:00-05:00,138.21267485883047,140.49189330582607,137.90278339727084,140.2119903564453,164414000,0.0,0.0
2024-12-04 00:00:00-05:00,141.95140715914127,145.740103497805,140.24198561488052,145.09033203125,231224300,0.0,0.0
2024-12-05 00:00:00-05:00,145.07032934736787,146.49993108099994,143.9106428157812,145.0203399658203,172621200,0.01,0.0
2024-12-06 00:00:00-05:00,144.5604751692698,145.66016529709515,141.27136605108353,142.40106201171875,188505600,0.0,0.0
2024-12-09 00:00:00-05:00,138.93199359328304,139.91172129670065,137.0925004855475,138.77203369140625,189308600,0.0,0.0
2024-12-10 00:00:00-05:00,138.97197539548316,141.7812196768295,133.7534018405272,135.03306579589844,210020900,0.0,0.0
2024-12-11 00:00:00-05:00,137.32243273699547,140.13166176303284,135.173026862483,139.2718963623047,184905200,0.0,0.0
2024-12-12 00:00:00-05:00,137.0425058096826,138.40213441382414,135.76285715338648,137.30242919921875,159211400,0.0,0.0
2024-12-13 00:00:00-05:00,138.9020072444441,139.56183041879834,132.50374826625531,134.21328735351562,231514900,0.0,0.0
2024-12-16 00:00:00-05:00,134.14327863720246,134.36321966164874,130.3843129319086,131.96388244628906,237951100,0.0,0.0
2024-12-17 00:00:00-05:00,129.0546920799943,131.5540083659402,126.82530622422306,130.35433959960938,259410300,0.0,0.0
2024-12-18 00:00:00-05:00,133.82339933223892,136.6626191312432,128.2449232385065,128.874755859375,277444500,0.0,0.0
2024-12-19 00:00:00-05:00,131.72394769790225,133.99333094415113,129.51456085077075,130.6442413330078,209719200,0.0,0.0
2024-12-20 00:00:00-05:00,129.7745000485284,135.24300545668208,128.1849385069714,134.6631622314453,306528600,0.0,0.0
2024-12-23 00:00:00-05:00,136.24273302531586,139.75176772445488,135.08304656610844,139.63180541992188,176053500,0.0,0.0
2024-12-24 00:00:00-05:00,139.9617148258363,141.86118913948326,138.61207790245493,140.18165588378906,105157000,0.0,0.0
2024-12-26 00:00:00-05:00,139.66180603983884,140.8115008078877,137.69234337416663,139.89173889160156,116205600,0.0,0.0
2024-12-27 00:00:00-05:00,138.5121216661011,138.9819943823141,134.67317523350815,136.9725341796875,170582600,0.0,0.0
2024-12-30 00:00:00-05:00,134.79311660884966,140.2316308377207,133.98334063995796,137.452392578125,167734700,0.0,0.0
2024-12-31 00:00:00-05:00,137.99226367763055,138.0322612848829,133.79341493856927,134.25328063964844,155659200,0.0,0.0
2025-01-02 00:00:00-05:00,135.96280522543205,138.84202245285945,134.5931847895647,138.2721710205078,198247200,0.0,0.0
2025-01-03 00:00:00-05:00,139.9717090810043,144.86037131104774,139.69178686675932,144.4304962158203,229322500,0.0,0.0
2025-01-06 00:00:00-05:00,148.54936300568127,152.11839407781596,147.77958455274808,149.38912963867188,265377400,0.0,0.0
2025-01-07 00:00:00-05:00,152.98814312185272,153.08812187242287,139.97169998670535,140.10166931152344,351782200,0.0,0.0
2025-01-08 00:00:00-05:00,142.5410270870028,143.9106477112154,137.5223950503333,140.0717010498047,227349900,0.0,0.0
2025-01-10 00:00:00-05:00,137.41242079266553,139.88174676307978,134.18330808313058,135.8728485107422,207602500,0.0,0.0
2025-01-13 00:00:00-05:00,129.95446851982027,133.4535116815908,129.4745887600242,133.19357299804688,204808900,0.0,0.0
2025-01-14 00:00:00-05:00,136.0128040706775,136.3427156721725,130.0144445990235,131.72396850585938,195590500,0.0,0.0
2025-01-15 00:00:00-05:00,133.61345527658474,136.4126928345012,131.25409986764885,136.2027587890625,185217300,0.0,0.0
2025-01-16 00:00:00-05:00,138.60208327625168,138.7120538029648,133.4534978315376,133.53347778320312,209235600,0.0,0.0
2025-01-17 00:00:00-05:00,136.65262268416788,138.46212527408701,135.4229633158422,137.67234802246094,201188800,0.0,0.0
2025-01-21 00:00:00-05:00,139.12194717769367,141.7912151745994,137.05250594430132,140.79148864746094,197749000,0.0,0.0
2025-01-22 00:00:00-05:00,144.62045561465226,147.74958954273308,143.6307207753195,147.02980041503906,237651400,0.0,0.0
2025-01-23 00:00:00-05:00,145.01034368405638,147.1897403093082,143.6807055002306,147.17974853515625,155915500,0.0,0.0
2025-01-24 00:00:00-05:00,148.32942123311412,148.92926325643236,141.84120577881646,142.58099365234375,234657600,0.0,0.0
2025-01-27 00:00:00-05:00,124.7658794397831,128.3648859520762,116.668088091544,118.38761901855469,818830900,0.0,0.0
2025-01-28 00:00:00-05:00,121.77668294561497,128.96471894622445,116.21820602712087,128.95472717285156,579666400,0.0,0.0
2025-01-29 00:00:00-05:00,126.46540553655986,126.85529827150769,120.01717249490751,123.66616821289062,467120600,0.0,0.0
2025-01-30 00:00:00-05:00,123.06634175444341,124.96582380169083,118.06770880237578,124.61592102050781,392925500,0.0,0.0
2025-01-31 00:00:00-05:00,123.74615511454752,127.81504199868698,119.15741376372098,120.03717041015625,388161100,0.0,0.0
2025-02-03 00:00:00-05:00,114.71862375628316,118.53757894355685,112.97910166242248,116.62810516357422,371235700,0.0,0.0
2025-02-04 00:00:00-05:00,116.92801344303115,121.16685177317855,116.66808241089754,118.6175537109375,256550000,0.0,0.0
2025-02-05 00:00:00-05:00,121.7267002537778,124.96581196424484,120.72697375806385,124.79586029052734,262230800,0.0,0.0
2025-02-06 00:00:00-05:00,127.38515593926263,128.7347928917548,125.17576116570511,128.64480590820312,251483600,0.0,0.0
2025-02-07 00:00:00-05:00,129.18464838201572,130.3343276557766,124.96580169637689,129.80447387695312,228186300,0.0,0.0
2025-02-10 00:00:00-05:00,130.05441853152416,134.96307937585763,129.92446445785666,133.53347778320312,216989100,0.0,0.0
2025-02-11 00:00:00-05:00,132.54376130884148,134.4432358451655,130.9841901729766,132.76370239257812,178902400,0.0,0.0
2025-02-12 00:00:00-05:00,129.98445236307722,132.203846559633,129.04470695043977,131.10414123535156,160278600,0.0,0.0
2025-02-13 00:00:00-05:00,131.52401516963508,136.46266649297655,131.13412244698262,135.25299072265625,197430000,0.0,0.0
2025-02-14 00:00:00-05:00,136.44266486168982,139.21191146517995,135.46293718873886,138.81202697753906,195479600,0.0,0.0
2025-02-18 00:00:00-05:00,141.23137649622348,143.40078131766987,137.89227816645598,139.36187744140625,219176600,0.0,0.0
2025-02-19 00:00:00-05:00,139.4718625554808,141.32136300101118,137.18249518803503,139.1919403076172,167536000,0.0,0.0
2025-02-20 00:00:00-05:00,139.99172108753137,140.62155375629743,136.75260126124348,140.0717010498047,143903600,0.0,0.0
2025-02-21 00:00:00-05:00,140.0017008694862,141.42132600995674,133.99334973043614,134.3932342529297,228217600,0.0,0.0
2025-02-24 00:00:00-05:00,136.52266681200447,138.55211066034528,130.04444248958205,130.244384765625,251381100,0.0,0.0
2025-02-25 00:00:00-05:00,129.94445760453814,130.16439867421266,124.40597902043103,126.59537506103516,271428700,0.0,0.0
2025-02-26 00:00:00-05:00,129.95446947322534,133.69343728770713,128.4548795357506,131.24411010742188,322553800,0.0,0.0
2025-02-27 00:00:00-05:00,134.96308744670299,134.9730792207777,119.97718824289691,120.11714935302734,443175800,0.0,0.0
2025-02-28 00:00:00-05:00,117.98772650698133,125.05579305607802,116.36817434407594,124.8858413696289,389091100,0.0,0.0
2025-03-03 00:00:00-05:00,123.47622912906817,123.66617198823369,112.2492965435478,114.02880859375,411381400,0.0,0.0
2025-03-04 00:00:00-05:00,110.61975353757568,119.27738221868555,110.07990024013375,115.95829010009766,398163300,0.0,0.0
2025-03-05 00:00:00-05:00,117.54785129486386,118.24765683915241,114.47869104666965,117.26792907714844,284337900,0.0,0.0
2025-03-06 00:00:00-05:00,113.49895407905146,115.31845609620828,110.18986163701831,110.53976440429688,321181900,0.0,0.0
2025-03-07 00:00:00-05:00,111.21958617661252,113.44897988924723,107.53059251797079,112.65919494628906,341755500,0.0,0.0
2025-03-10 00:00:00-04:00,109.86995202425706,111.81941579292103,105.43116359430405,106.95075225830078,366487400,0.0,0.0
2025-03-11 00:00:00-04:00,106.960734969355,112.20929903890595,104.74134094243277,108.73025512695312,354865700,0.0,0.0
2025-03-12 00:00:00-04:00,114.09930053195751,116.73882100614277,112.85951998498375,115.71900177001953,323857500,0.01,0.0
2025-03-13 00:00:00-04:00,117.00876245655117,117.73863334670654,113.76935252443205,115.55902862548828,299033100,0.0,0.0
2025-03-14 00:00:00-04:00,118.58847644066721,121.85787967708788,118.12856083227834,121.64791870117188,277593500,0.0,0.0
2025-03-17 00:00:00-04:00,122.71772499646224,122.86769930249316,118.00858060635532,119.50830841064453,255501500,0.0,0.0
2025-03-18 00:00:00-04:00,117.97859103200136,118.99840261510599,114.51921970184797,115.4090576171875,299686900,0.0,0.0
2025-03-19 00:00:00-04:00,117.24871784817985,120.42814113812437,115.65901001721268,117.49867248535156,273426200,0.0,0.0
2025-03-20 00:00:00-04:00,116.5288475567653,120.17817892707569,116.44886024718888,118.50848388671875,248829700,0.0,0.0
2025-03-21 00:00:00-04:00,116.91877807414131,117.96858292451893,115.39904967929496,117.67863464355469,266498500,0.0,0.0
2025-03-24 00:00:00-04:00,119.85824123014483,122.19782052957932,119.31833831489072,121.38796997070312,228452500,0.0,0.0
2025-03-25 00:00:00-04:00,120.52812446850508,121.26798803028822,118.89841541478116,120.66809844970703,167447200,0.0,0.0
2025-03-26 00:00:00-04:00,118.70845626054094,118.81842927999459,112.68954449720724,113.7393569946289,293463300,0.0,0.0
2025-03-27 00:00:00-04:00,111.32978747025457,114.42922326739314,110.63991789836862,111.40977478027344,236902100,0.0,0.0
2025-03-28 00:00:00-04:00,111.46976244373079,112.84951685583745,109.0502035041368,109.65009307861328,229872500,0.0,0.0
2025-03-31 00:00:00-04:00,105.11091847763528,110.93986229194257,103.63119133667838,108.3603286743164,299212700,0.0,0.0
2025-04-01 00:00:00-04:00,108.50030342775528,110.17999886185885,106.45068001979016,110.13001251220703,222614000,0.0,0.0
2025-04-02 00:00:00-04:00,107.2705266243207,111.95967777974947,106.77061737970816,110.39995574951172,220601200,0.0,0.0
2025-04-03 00:00:00-04:00,103.49122110695384,105.61083156865355,101.58156399912866,101.78153228759766,338769400,0.0,0.0
2025-04-04 00:00:00-04:00,98.89205625014841,100.11182847125419,92.09328707213024,94.29288482666016,532273800,0.0,0.0
2025-04-07 00:00:00-04:00,87.444123819458,101.73153089146867,86.60427995314998,97.62227630615234,611041300,0.0,0.0
2025-04-08 00:00:00-04:00,103.79115551332612,105.83078615825814,94.44285411172834,96.28252410888672,476243400,0.0,0.0
2025-04-09 00:00:00-04:00,98.87205653888144,115.07911444025873,97.51230269046886,114.30925750732422,612918300,0.0,0.0
2025-04-10 00:00:00-04:00,109.35015243101728,110.83987986480561,99.13200610877084,107.55047607421875,437812400,0.0,0.0
2025-04-11 00:00:00-04:00,108.4803070767672,111.52975654810143,107.46049556472005,110.90986633300781,313417300,0.0,0.0
2025-04-14 00:00:00-04:00,114.08928762467488,114.26925525660798,109.05020155855789,110.68990325927734,264705000,0.0,0.0
2025-04-15 00:00:00-04:00,110.94986159507806,113.59938217981927,110.4799456735416,112.17963409423828,228966900,0.0,0.0
2025-04-16 00:00:00-04:00,104.53103311878802,106.77062454919468,100.4317709352981,104.47103881835938,397016900,0.0,0.0
2025-04-17 00:00:00-04:00,104.43103458781992,104.45103522860795,100.0318394876262,101.47157287597656,292517500,0.0,0.0
2025-04-21 00:00:00-04:00,98.75207336541831,99.42195758129023,95.02275450080649,96.89241790771484,288501100,0.0,0.0
2025-04-22 00:00:00-04:00,98.76206678289148,99.7918785816798,97.26233908492571,98.8720474243164,241004800,0.0,0.0
2025-04-23 00:00:00-04:00,104.5010295750129,104.78098517141211,102.00148324580945,102.69136047363281,247526000,0.0,0.0
2025-04-24 00:00:00-04:00,103.46121375263034,106.52065568558213,103.09127819009328,106.41067504882812,220815000,0.0,0.0
2025-04-25 00:00:00-04:00,106.83061166162848,111.89969145813895,105.71081975581805,110.98986053466797,251064700,0.0,0.0
2025-04-28 00:00:00-04:00,109.67009093365705,110.3499678015911,106.00075133412535,108.71026611328125,207708500,0.0,0.0
2025-04-29 00:00:00-04:00,107.65046012276234,110.1799998026459,107.42050613077843,109.00021362304688,170444300,0.0,0.0
2025-04-30 00:00:00-04:00,104.45104108413872,108.90023040771484,104.06111247501677,108.90023040771484,235044600,0.0,0.0
2025-05-01 00:00:00-04:00,113.05947899879722,114.9191420385801,111.27980327057723,111.5897445678711,236121500,0.0,0.0
2025-05-02 00:00:00-04:00,114.15928352450368,115.37906338859757,113.34943293159324,114.4792251586914,190194800,0.0,0.0
2025-05-05 00:00:00-04:00,112.88951601094917,114.64919116473993,112.63956137373921,113.79934692382812,133163200,0.0,0.0
2025-05-06 00:00:00-04:00,111.45977773347964,114.71918078517231,110.79989381468877,113.51940155029297,158525600,0.0,0.0
2025-05-07 00:00:00-04:00,113.02949042053457,117.65864757290291,112.25962586336117,117.03875732421875,206758800,0.0,0.0
2025-05-08 00:00:00-04:00,118.22854670795566,118.658469001105,115.82898059800607,117.34870910644531,198428100,0.0,0.0
2025-05-09 00:00:00-04:00,117.32869985728382,118.20854502226882,115.18908887008638,116.62882995605469,132972200,0.0,0.0
2025-05-12 00:00:00-04:00,121.94787211512306,122.9776840209961,120.25817629208265,122.9776840209961,225023300,0.0,0.0
2025-05-13 00:00:00-04:00,124.95732666651305,131.19619232916256,124.44741706637032,129.9064178466797,330430100,0.0,0.0
2025-05-14 00:00:00-04:00,133.17581874633882,135.4154176381041,131.65609038206884,135.3154296875,281180800,0.0,0.0
2025-05-15 00:00:00-04:00,134.2656162138544,136.2752611112406,132.6359224746836,134.80552673339844,226632600,0.0,0.0
2025-05-16 00:00:00-04:00,136.19528579014883,136.32526708518697,133.43579205010155,135.37542724609375,226542500,0.0,0.0
2025-05-19 00:00:00-04:00,132.36596428610483,135.84532822832756,132.36596428610483,135.54539489746094,193154600,0.0,0.0
2025-05-20 00:00:00-04:00,134.26562607401144,134.55558199625042,132.59593092987555,134.35562133789062,161514200,0.0,0.0
2025-05-21 00:00:00-04:00,133.0358430493297,137.3750515435132,130.56629021032253,131.7760772705078,270608700,0.0,0.0
2025-05-22 00:00:00-04:00,132.20599574301846,134.22563338103308,131.52612648714359,132.80589294433594,187344000,0.0,0.0
2025-05-23 00:00:00-04:00,129.97641506418768,132.65592152877483,129.13657112060253,131.26617431640625,198821300,0.0,0.0
2025-05-27 00:00:00-04:00,134.1256417936587,135.63537744884945,133.2857979393918,135.47540283203125,192953600,0.0,0.0
2025-05-28 00:00:00-04:00,136.00531758419635,137.22509744866613,134.76553707682788,134.78553771972656,304021100,0.0,0.0
2025-05-29 00:00:00-04:00,142.22419152756274,143.46397204605128,137.88498259688382,139.1647491455078,369241900,0.0,0.0
2025-05-30 00:00:00-04:00,138.6948289010735,139.59465948344436,132.8958783257386,135.10548400878906,333170900,0.0,0.0
2025-06-02 00:00:00-04:00,135.46541564458173,138.09492795630163,135.37542038395227,137.35507202148438,197663100,0.0,0.0
2025-06-03 00:00:00-04:00,138.75480693174418,141.97422364617418,137.9249557656252,141.19436645507812,225578800,0.0,0.0
2025-06-04 00:00:00-04:00,142.1641966028205,142.36415725393297,139.5146683935161,141.8942413330078,167120800,0.0,0.0
2025-06-05 00:00:00-04:00,142.14419665233672,143.97386636815438,138.80480646885346,139.964599609375,231397900,0.0,0.0
2025-06-06 00:00:00-04:00,142.4841247816278,143.24399658328852,141.4843063108272,141.69427490234375,153986200,0.0,0.0
2025-06-09 00:00:00-04:00,143.16402192873528,144.97369107987248,141.91424872977086,142.6041259765625,185114500,0.0,0.0
2025-06-10 00:00:00-04:00,142.66410985007164,144.26381035974757,141.50431668274294,143.9338836669922,155881900,0.0,0.0
2025-06-11 00:00:00-04:00,144.59379466225064,144.97375695921582,141.85409623212945,142.81399536132812,167694000,0.01,0.0
2025-06-12 00:00:00-04:00,141.9540901919345,144.98374938964844,141.83410852298076,144.98374938964844,162365000,0.0,0.0
2025-06-13 00:00:00-04:00,142.4640236398758,143.5639064320885,140.83421673860605,141.95408630371094,180820600,0.0,0.0
2025-06-16 00:00:00-04:00,143.33393622751285,146.16360555156524,143.18394388862185,144.6737823486328,183133700,0.0,0.0
2025-06-17 00:00:00-04:00,144.4738049491523,145.20371882793046,143.7638778428329,144.1038360595703,139108000,0.0,0.0
2025-06-18 00:00:00-04:00,143.9938476821936,145.63366319028128,143.10394808189747,145.46368408203125,161494100,0.0,0.0
2025-06-20 00:00:00-04:00,145.43368901636921,146.1836049259659,142.63399990245927,143.83387756347656,242956200,0.0,0.0
2025-06-23 00:00:00-04:00,142.48402812138661,144.76377135076248,142.01407957999888,144.15383911132812,154308900,0.0,0.0
2025-06-24 00:00:00-04:00,145.54367367470394,147.94341367999496,145.4836828445603,147.88340759277344,187566100,0.0,0.0
2025-06-25 00:00:00-04:00,149.25328072295656,154.43269305532343,149.24327207878133,154.29270935058594,269146500,0.0,0.0
2025-06-26 00:00:00-04:00,155.9625083392563,156.70243086817015,153.98273459501658,155.00262451171875,198145700,0.0,0.0
2025-06-27 00:00:00-04:00,156.02250005395288,158.69221415352254,155.24258871826237,157.73231506347656,263234500,0.0,0.0
2025-06-30 00:00:00-04:00,158.38224776867892,158.6422284044636,155.94253394670602,157.97230529785156,194580300,0.0,0.0
2025-07-01 00:00:00-04:00,156.27249233706732,157.18239409932116,151.47304203431221,153.2828369140625,213143600,0.0,0.0
2025-07-02 00:00:00-04:00,152.962850389823,157.58234297497486,152.95285700312823,157.2323760986328,171224100,0.0,0.0
2025-07-03 00:00:00-04:00,158.35225101493015,160.96195919540767,157.7523273944205,159.3221435546875,143716100,0.0,0.0
2025-07-07 00:00:00-04:00,158.18227071828886,159.29214695363126,157.3223664705724,158.22227478027344,140139000,0.0,0.0
2025-07-08 00:00:00-04:00,159.31214783171163,160.20204749093682,158.3722507239072,159.98207092285156,138133000,0.0,0.0
2025-07-09 00:00:00-04:00,161.20193770023792,164.40157611225678,161.14194686393122,162.86175537109375,183656400,0.0,0.0
2025-07-10 00:00:00-04:00,164.30159583301895,164.48156834124046,161.5918927660757,164.0816192626953,167704100,0.0,0.0
2025-07-11 00:00:00-04:00,163.70165728031435,167.87118822352508,163.4516852914618,164.90151977539062,193633300,0.0,0.0
2025-07-14 00:00:00-04:00,165.35146259057728,165.4714595173457,162.00184716942397,164.05162048339844,136975800,0.0,0.0
2025-07-15 00:00:00-04:00,171.17081299302788,172.38066881478494,169.18103056842588,170.6808624267578,230627400,0.0,0.0
2025-07-16 00:00:00-04:00,171.04083672550954,171.73076187811773,168.88107501049606,171.35079956054688,158831500,0.0,0.0
2025-07-17 00:00:00-04:00,172.00073538495315,174.1404950617398,170.81086624213197,172.98062133789062,160841100,0.0,0.0
2025-07-18 00:00:00-04:00,173.62054394819432,174.23047621121117,171.24080573231237,172.39068603515625,146456400,0.0,0.0
2025-07-21 00:00:00-04:00,172.73065099594356,173.36058531454748,170.9808470061149,171.36080932617188,123126100,0.0,0.0
2025-07-22 00:00:00-04:00,171.32080634495316,171.37080379639445,164.5615689540832,167.01129150390625,193114300,0.0,0.0
2025-07-23 00:00:00-04:00,169.511004310231,171.24080620570157,167.95118153678195,170.7608642578125,154082200,0.0,0.0
2025-07-24 00:00:00-04:00,172.42067791171223,173.81052153075,171.28080627636527,173.7205352783203,128984600,0.0,0.0
2025-07-25 00:00:00-04:00,173.59054858813744,174.70042482917586,172.9406275198062,173.48056030273438,122316800,0.0,0.0
2025-07-28 00:00:00-04:00,174.00050427681666,176.98016607778243,173.9505068282037,176.73019409179688,140023500,0.0,0.0
2025-07-29 00:00:00-04:00,177.94006357342778,179.35990260986108,175.00039060425894,175.49032592773438,154077500,0.0,0.0
2025-07-30 00:00:00-04:00,176.49022309733303,179.869849375745,176.0202745228646,179.2499237060547,174312200,0.0,0.0
2025-07-31 00:00:00-04:00,182.87950237318685,183.2794667127293,175.9102820488597,177.85006713867188,221685400,0.0,0.0
2025-08-01 00:00:00-04:00,174.07048465468185,176.52020701181988,170.8708463561498,173.70053100585938,204529000,0.0,0.0
2025-08-04 00:00:00-04:00,175.14037394842856,180.17980241597786,174.500446281802,179.97982788085938,148174600,0.0,0.0
2025-08-05 00:00:00-04:00,179.59986897635343,180.23979665506658,175.8802845759961,178.24002075195312,156407600,0.0,0.0
2025-08-06 00:00:00-04:00,176.31023710297544,179.87982901005608,176.23024423927978,179.39988708496094,137192300,0.0,0.0
2025-08-07 00:00:00-04:00,181.54966930117607,183.85940811228025,178.7799753024853,180.749755859375,151878400,0.0,0.0
2025-08-08 00:00:00-04:00,181.52965464990967,183.27945850723472,180.3797743894202,182.6795196533203,123396700,0.0,0.0
2025-08-11 00:00:00-04:00,182.02960317073044,183.8193958765311,180.22980182096376,182.0395965576172,138323200,0.0,0.0
2025-08-12 00:00:00-04:00,182.9395060522284,184.4593247511904,179.43989822709233,183.1394805908203,145485700,0.0,0.0
2025-08-13 00:00:00-04:00,182.59953978080497,183.9493946696141,179.329917039869,181.5696563720703,179871700,0.0,0.0
2025-08-14 00:00:00-04:00,179.7298534235828,182.99949119039164,179.43989264021437,181.99960327148438,129554000,0.0,0.0
2025-08-15 00:00:00-04:00,181.85962676701382,181.87961354108583,178.02004541114613,180.42977905273438,156602200,0.0,0.0
2025-08-18 00:00:00-04:00,180.57976314427117,182.91949719839158,180.56975450061333,181.98959350585938,132008000,0.0,0.0
2025-08-19 00:00:00-04:00,182.4095478886331,182.47954736718557,175.47033846497254,175.6203155517578,185229200,0.0,0.0
2025-08-20 00:00:00-04:00,175.1503706193276,175.9802794498554,168.7810892510499,175.38034057617188,215142700,0.0,0.0
2025-08-21 00:00:00-04:00,174.83041312567687,176.88017120538285,173.79052111986658,174.96038818359375,140040900,0.0,0.0
2025-08-22 00:00:00-04:00,172.59066018618677,178.56998587344157,171.18081451068767,177.97006225585938,172789400,0.0,0.0
2025-08-25 00:00:00-04:00,178.33002804439553,181.88962682620624,176.5502286534902,179.78985595703125,163012800,0.0,0.0
2025-08-26 00:00:00-04:00,180.0398187111229,182.36955942503778,178.78995879531527,181.7496337890625,168688200,0.0,0.0
2025-08-27 00:00:00-04:00,181.95959791056248,182.46955051009175,179.07993109949993,181.57965087890625,235518900,0.0,0.0
2025-08-28 00:00:00-04:00,180.79974711518173,184.44933204343067,176.39023757757423,180.14981079101562,281787800,0.0,0.0
2025-08-29 00:00:00-04:00,178.09004428153852,178.130033086625,173.13059331145078,174.1604766845703,243257900,0.0,0.0
2025-09-02 00:00:00-04:00,169.980952871088,172.36069109354864,167.20126556823303,170.7608642578125,231164900,0.0,0.0
2025-09-03 00:00:00-04:00,171.0408442884315,172.3906992342715,168.86109570238054,170.60089111328125,164424900,0.0,0.0
2025-09-04 00:00:00-04:00,170.55090333056648,171.8407521362954,169.39102958990665,171.64077758789062,141670100,0.0,0.0
2025-09-05 00:00:00-04:00,168.01117837826322,169.0110663720669,164.05163046676552,167.0012969970703,224441400,0.0,0.0
2025-09-08 00:00:00-04:00,167.53122834914853,170.940849905597,167.33125381142952,168.2911376953125,163769100,0.0,0.0
2025-09-09 00:00:00-04:00,169.0710489481518,170.96083655380463,166.7213214317911,170.74085998535156,157548400,0.0,0.0
2025-09-10 00:00:00-04:00,176.62020974984335,179.26990675759993,175.45034266016896,177.3101348876953,226852000,0.0,0.0
2025-09-11 00:00:00-04:00,179.66999584989978,180.26996857097555,176.4701769393558,177.16014099121094,151159300,0.01,0.0
2025-09-12 00:00:00-04:00,177.76010410307373,178.59005971058946,176.44017029123495,177.8101043701172,124911000,0.0,0.0
2025-09-15 00:00:00-04:00,175.66021109761542,178.84004186496986,174.50027206258352,177.74009704589844,147061600,0.0,0.0
2025-09-16 00:00:00-04:00,176.99014687805604,177.49011904437822,174.37029760906842,174.87026977539062,140737800,0.0,0.0
2025-09-17 00:00:00-04:00,172.63039291663662,173.1903593144249,168.40063256525568,170.280517578125,211843800,0.0,0.0
2025-09-18 00:00:00-04:00,173.9703101424577,177.09014682532762,172.95037791227023,176.23019409179688,191763300,0.0,0.0
2025-09-19 00:00:00-04:00,175.7602124903078,178.07008136373162,175.17023376194967,176.66015625,237182100,0.0,0.0
2025-09-22 00:00:00-04:00,175.29024236301854,184.53972732383275,174.70027887607205,183.5997772216797,269637000,0.0,0.0
2025-09-23 00:00:00-04:00,181.9598706713119,182.409842567533,176.20019683221489,178.42005920410156,192559600,0.0,0.0
2025-09-24 00:00:00-04:00,179.75999113536878,179.76998508551358,175.39022416770254,176.96014404296875,143564100,0.0,0.0
2025-09-25 00:00:00-04:00,174.47028665549124,180.24996380236055,173.12037093203185,177.68011474609375,191586700,0.0,0.0
2025-09-26 00:00:00-04:00,178.16008106951017,179.75999811527313,174.920255917913,178.18008422851562,148573700,0.0,0.0
2025-09-29 00:00:00-04:00,180.4199550960203,183.98976381560166,180.30997586310093,181.8398895263672,193063500,0.0,0.0
2025-09-30 00:00:00-04:00,182.06986121505474,187.3395719841704,181.4698885277926,186.56961059570312,236981000,0.0,0.0
2025-10-01 00:00:00-04:00,185.22969505995906,188.12952754318238,183.88975804814035,187.22958374023438,173844900,0.0,0.0
2025-10-02 00:00:00-04:00,189.5894532800495,191.0393695238543,188.04953044946197,188.87948608398438,136805800,0.0,0.0
2025-10-03 00:00:00-04:00,189.1794627061203,190.34939569471342,185.36967740169,187.6095428466797,137596900,0.0,0.0
2025-10-06 00:00:00-04:00,185.48967202648717,187.21957143407985,183.31979467524326,185.5296630859375,157678100,0.0,0.0
2025-10-07 00:00:00-04:00,186.21962980709273,189.0494741147918,183.9897582054133,185.02969360351562,140088000,0.0,0.0
2025-10-08 00:00:00-04:00,186.55962017208088,189.58945025835604,186.52960780500513,189.09947204589844,130168900,0.0,0.0
2025-10-09 00:00:00-04:00,192.21928773885006,195.28912405123697,191.04935474353755,192.5592803955078,182997200,0.0,0.0
2025-10-10 00:00:00-04:00,193.49922565779727,195.6091088464203,182.0398719523004,183.14981079101562,268774400,0.0,0.0
2025-10-13 00:00:00-04:00,187.9595379156231,190.09941818271824,185.94965529464977,188.3095245361328,153482800,0.0,0.0
2025-10-14 00:00:00-04:00,184.75971529942103,184.78971240822688,179.68999030007896,180.0199737548828,205641400,0.0,0.0
2025-10-15 00:00:00-04:00,184.7897166440438,184.85970481354866,177.2801249034248,179.8199920654297,214450500,0.0,0.0
2025-10-16 00:00:00-04:00,182.21985578014733,183.26980040587233,179.76000120804414,181.7998809814453,179723300,0.0,0.0
2025-10-17 00:00:00-04:00,180.16996892604442,184.08976427610557,179.74000017155936,183.20980834960938,173135200,0.0,0.0
2025-10-20 00:00:00-04:00,183.1198152646831,185.18969215276272,181.71988400794234,182.6298370361328,128544700,0.0,0.0
2025-10-21 00:00:00-04:00,182.77981647710283,182.77981647710283,179.78999271004406,181.14991760253906,124240200,0.0,0.0
2025-10-22 00:00:00-04:00,181.1299112106735,183.42978616900905,176.7501502622395,180.26995849609375,162249600,0.0,0.0
2025-10-23 00:00:00-04:00,180.40994799999942,183.01980322210497,179.7799782111653,182.1498565673828,111363700,0.0,0.0
2025-10-24 00:00:00-04:00,183.8297551720498,187.45955783835475,183.48977777431884,186.24961853027344,131296700,0.0,0.0
2025-10-27 00:00:00-04:00,189.979423148828,191.98930570001696,188.41949722334647,191.47933959960938,153452700,0.0,0.0
2025-10-28 00:00:00-04:00,193.03926234185508,203.1386912540773,191.89932637827522,201.01881408691406,297986200,0.0,0.0
2025-10-29 00:00:00-04:00,207.96842303697136,212.1781954922272,204.76860414707738,207.02847290039062,308829600,0.0,0.0
2025-10-30 00:00:00-04:00,205.1385766163601,206.1485301715792,201.39879452489242,202.8787078857422,178864400,0.0,0.0
2025-10-31 00:00:00-04:00,206.43850017947892,207.95841980607935,202.05875446792163,202.47872924804688,179802200,0.0,0.0
2025-11-03 00:00:00-05:00,208.06841462190084,211.32822759164594,205.5485506791992,206.8684844970703,180267300,0.0,0.0
2025-11-04 00:00:00-05:00,202.98869740675082,203.9586446199207,197.9189723693821,198.67893981933594,188919300,0.0,0.0
2025-11-05 00:00:00-05:00,198.75894188581304,202.90870481768462,194.63916080574026,195.1991424560547,171350300,0.0,0.0
2025-11-06 00:00:00-05:00,196.40906647995496,197.60899664277025,186.3696319662745,188.0695343017578,223029800,0.0,0.0
2025-11-07 00:00:00-05:00,184.8897071775586,188.3095303364016,178.90005019006267,188.1395263671875,264942300,0.0,0.0
2025-11-10 00:00:00-05:00,195.09914200543773,199.9288750287355,193.7792081445882,199.03892517089844,198897100,0.0,0.0
2025-11-11 00:00:00-05:00,195.14913483203398,195.40911485928362,191.28934919242405,193.1492462158203,176483300,0.0,0.0
2025-11-12 00:00:00-05:00,195.70910637927892,195.87909508520013,191.1193655455878,193.78921508789062,154935300,0.0,0.0
2025-11-13 00:00:00-05:00,191.03936321053533,191.42934088057365,183.8397672401686,186.84959411621094,207423100,0.0,0.0
2025-11-14 00:00:00-05:00,182.8498180673128,190.99935813210442,180.56994624954729,190.15940856933594,186591900,0.0,0.0
2025-11-17 00:00:00-05:00,185.95964506857126,188.98947511566342,184.30974305565786,186.58961486816406,173628900,0.0,0.0
2025-11-18 00:00:00-05:00,183.36979105504545,184.7897101334883,179.63998782140993,181.3498992919922,213598900,0.0,0.0
2025-11-19 00:00:00-05:00,184.7796984316032,187.8495347223247,182.8198161698128,186.50961303710938,247246400,0.0,0.0
2025-11-20 00:00:00-05:00,195.9390891568929,195.9890894251709,179.83999453744622,180.62994384765625,343504800,0.0,0.0
2025-11-21 00:00:00-05:00,181.22991004695137,184.54971718190046,172.92036011460985,178.8700408935547,346926200,0.0,0.0
2025-11-24 00:00:00-05:00,179.48001348627363,183.4897847612219,176.47017128450955,182.5398406982422,256618300,0.0,0.0
2025-11-25 00:00:00-05:00,174.90026276869568,178.15008177330986,169.54056066153746,177.8101043701172,320600300,0.0,0.0
2025-11-26 00:00:00-05:00,181.61988829154,182.8998157763143,178.2300777211247,180.2499542236328,183852000,0.0,0.0
2025-11-28 00:00:00-05:00,179.0000253919654,179.28000857805475,176.49017066740046,176.99014282226562,121332800,0.0,0.0
2025-12-01 00:00:00-05:00,174.75027181562072,180.28997214473748,173.67033006996684,179.9099884033203,188131000,0.0,0.0
2025-12-02 00:00:00-05:00,181.74987648908228,185.6496685428864,179.98997995570696,181.4499053955078,182632200,0.0,0.0
2025-12-03 00:00:00-05:00,181.06992440272873,182.43984327721986,179.1000328161426,179.5800018310547,165138000,0.0,0.0
2025-12-04 00:00:00-05:00,181.6199951171875,184.52000427246094,179.9600067138672,183.3800048828125,167364900,0.01,0.0
2025-12-05 00:00:00-05:00,183.88999938964844,184.66000366210938,180.91000366210938,182.41000366210938,143971100,0.0,0.0
2025-12-08 00:00:00-05:00,182.63999938964844,188.0,182.39999389648438,185.5500030517578,204378100,0.0,0.0
2025-12-09 00:00:00-05:00,185.55999755859375,185.72000122070312,183.32000732421875,184.97000122070312,144719700,0.0,0.0
2025-12-10 00:00:00-05:00,184.97000122070312,185.47999572753906,182.0399932861328,183.77999877929688,162785400,0.0,0.0
2025-12-11 00:00:00-05:00,180.27999877929688,181.32000732421875,176.6199951171875,180.92999267578125,182136600,0.0,0.0
2025-12-12 00:00:00-05:00,181.11000061035156,182.82000732421875,174.6199951171875,175.02000427246094,204274900,0.0,0.0
2025-12-15 00:00:00-05:00,177.94000244140625,178.4199981689453,175.02999877929688,176.2899932861328,164775600,0.0,0.0
2025-12-16 00:00:00-05:00,176.25999450683594,178.49000549316406,174.89999389648438,177.72000122070312,148588100,0.0,0.0
2025-12-17 00:00:00-05:00,176.10000610351562,176.1300048828125,170.30999755859375,170.94000244140625,222775500,0.0,0.0
2025-12-18 00:00:00-05:00,174.52999877929688,176.14999389648438,171.82000732421875,174.13999938964844,176096000,0.0,0.0
2025-12-19 00:00:00-05:00,176.6699981689453,181.4499969482422,176.33999633789062,180.99000549316406,324925900,0.0,0.0
2025-12-22 00:00:00-05:00,183.9199981689453,184.16000366210938,182.35000610351562,183.69000244140625,129064400,0.0,0.0
2025-12-23 00:00:00-05:00,182.97000122070312,189.3300018310547,182.89999389648438,189.2100067138672,174873600,0.0,0.0
2025-12-24 00:00:00-05:00,187.94000244140625,188.91000366210938,186.58999633789062,188.61000061035156,65528500,0.0,0.0
2025-12-26 00:00:00-05:00,189.9199981689453,192.69000244140625,188.0,190.52999877929688,139393400,0.0,0.0
